ISO-10303-21;
HEADER;
FILE_DESCRIPTION(('Open CASCADE Model'),'2;1');
FILE_NAME('Open CASCADE Shape Model','2026-09-25T17:55:20',('Author'),(
    'Open CASCADE'),'Open CASCADE STEP processor 7.9','Open CASCADE 7.9'
  ,'Unknown');
FILE_SCHEMA(('AUTOMOTIVE_DESIGN { 1 0 10303 214 1 1 1 1 }'));
ENDSEC;
DATA;
#1 = APPLICATION_PROTOCOL_DEFINITION('international standard',
  'automotive_design',2000,#2);
#2 = APPLICATION_CONTEXT(
  'core data for automotive mechanical design processes');
#3 = SHAPE_DEFINITION_REPRESENTATION(#4,#10);
#4 = PRODUCT_DEFINITION_SHAPE('','',#5);
#5 = PRODUCT_DEFINITION('design','',#6,#9);
#6 = PRODUCT_DEFINITION_FORMATION('','',#7);
#7 = PRODUCT('Liquid_handler_deck','Liquid_handler_deck','',(#8));
#8 = PRODUCT_CONTEXT('',#2,'mechanical');
#9 = PRODUCT_DEFINITION_CONTEXT('part definition',#2,'design');
#10 = SHAPE_REPRESENTATION('',(#11,#15,#19),#23);
#11 = AXIS2_PLACEMENT_3D('',#12,#13,#14);
#12 = CARTESIAN_POINT('',(0.,0.,0.));
#13 = DIRECTION('',(0.,0.,1.));
#14 = DIRECTION('',(1.,0.,-0.));
#15 = AXIS2_PLACEMENT_3D('',#16,#17,#18);
#16 = CARTESIAN_POINT('',(0.,0.,0.));
#17 = DIRECTION('',(0.,0.,1.));
#18 = DIRECTION('',(1.,0.,-0.));
#19 = AXIS2_PLACEMENT_3D('',#20,#21,#22);
#20 = CARTESIAN_POINT('',(183.,87.74,3.2));
#21 = DIRECTION('',(0.,0.,1.));
#22 = DIRECTION('',(1.,0.,-0.));
#23 = ( GEOMETRIC_REPRESENTATION_CONTEXT(3) 
GLOBAL_UNCERTAINTY_ASSIGNED_CONTEXT((#27)) GLOBAL_UNIT_ASSIGNED_CONTEXT(
(#24,#25,#26)) REPRESENTATION_CONTEXT('Context #1',
  '3D Context with UNIT and UNCERTAINTY') );
#24 = ( LENGTH_UNIT() NAMED_UNIT(*) SI_UNIT(.MILLI.,.METRE.) );
#25 = ( NAMED_UNIT(*) PLANE_ANGLE_UNIT() SI_UNIT($,.RADIAN.) );
#26 = ( NAMED_UNIT(*) SI_UNIT($,.STERADIAN.) SOLID_ANGLE_UNIT() );
#27 = UNCERTAINTY_MEASURE_WITH_UNIT(LENGTH_MEASURE(1.E-07),#24,
  'distance_accuracy_value','confusion accuracy');
#28 = PRODUCT_RELATED_PRODUCT_CATEGORY('part',$,(#7));
#29 = SHAPE_DEFINITION_REPRESENTATION(#30,#36);
#30 = PRODUCT_DEFINITION_SHAPE('','',#31);
#31 = PRODUCT_DEFINITION('design','',#32,#35);
#32 = PRODUCT_DEFINITION_FORMATION('','',#33);
#33 = PRODUCT('Deck','Deck','',(#34));
#34 = PRODUCT_CONTEXT('',#2,'mechanical');
#35 = PRODUCT_DEFINITION_CONTEXT('part definition',#2,'design');
#36 = ADVANCED_BREP_SHAPE_REPRESENTATION('',(#11,#37),#8528);
#37 = MANIFOLD_SOLID_BREP('',#38);
#38 = CLOSED_SHELL('',(#39,#158,#2903,#2977,#3136,#3208,#3645,#3672,
    #3699,#3724,#3749,#3824,#4374,#4401,#4428,#4435,#4516,#5060,#5087,
    #5114,#5121,#5195,#5264,#5291,#5316,#5390,#5459,#5486,#5511,#5566,
    #5595,#5620,#5645,#5672,#5699,#5724,#5751,#5778,#5803,#5830,#5857,
    #5882,#5907,#5932,#5943,#5990,#6017,#6044,#6051,#6098,#6125,#6152,
    #6159,#6235,#6420,#6495,#6579,#6653,#6722,#6858,#6924,#6971,#7016,
    #7042,#7069,#7096,#7103,#7128,#7153,#7160,#7232,#7299,#7342,#7367,
    #7392,#7435,#7460,#7485,#7557,#7624,#7667,#7740,#7765,#7820,#7863,
    #7890,#7917,#7944,#7969,#7994,#8021,#8048,#8075,#8100,#8125,#8156,
    #8183,#8212,#8237,#8264,#8291,#8318,#8343,#8368,#8395,#8422,#8449,
    #8474,#8499,#8510,#8517));
#39 = ADVANCED_FACE('',(#40),#54,.F.);
#40 = FACE_BOUND('',#41,.F.);
#41 = EDGE_LOOP('',(#42,#77,#105,#133));
#42 = ORIENTED_EDGE('',*,*,#43,.F.);
#43 = EDGE_CURVE('',#44,#46,#48,.T.);
#44 = VERTEX_POINT('',#45);
#45 = CARTESIAN_POINT('',(9.42,24.56,0.));
#46 = VERTEX_POINT('',#47);
#47 = CARTESIAN_POINT('',(9.42,24.56,6.2));
#48 = SURFACE_CURVE('',#49,(#53,#65),.PCURVE_S1.);
#49 = LINE('',#50,#51);
#50 = CARTESIAN_POINT('',(9.42,24.56,0.));
#51 = VECTOR('',#52,1.);
#52 = DIRECTION('',(0.,0.,1.));
#53 = PCURVE('',#54,#59);
#54 = PLANE('',#55);
#55 = AXIS2_PLACEMENT_3D('',#56,#57,#58);
#56 = CARTESIAN_POINT('',(9.42,24.56,0.));
#57 = DIRECTION('',(1.,0.,-0.));
#58 = DIRECTION('',(0.,0.,1.));
#59 = DEFINITIONAL_REPRESENTATION('',(#60),#64);
#60 = LINE('',#61,#62);
#61 = CARTESIAN_POINT('',(0.,0.));
#62 = VECTOR('',#63,1.);
#63 = DIRECTION('',(1.,0.));
#64 = ( GEOMETRIC_REPRESENTATION_CONTEXT(2) 
PARAMETRIC_REPRESENTATION_CONTEXT() REPRESENTATION_CONTEXT('2D SPACE',''
  ) );
#65 = PCURVE('',#66,#71);
#66 = PLANE('',#67);
#67 = AXIS2_PLACEMENT_3D('',#68,#69,#70);
#68 = CARTESIAN_POINT('',(9.42,24.56,0.));
#69 = DIRECTION('',(-0.,1.,0.));
#70 = DIRECTION('',(0.,0.,1.));
#71 = DEFINITIONAL_REPRESENTATION('',(#72),#76);
#72 = LINE('',#73,#74);
#73 = CARTESIAN_POINT('',(0.,0.));
#74 = VECTOR('',#75,1.);
#75 = DIRECTION('',(1.,0.));
#76 = ( GEOMETRIC_REPRESENTATION_CONTEXT(2) 
PARAMETRIC_REPRESENTATION_CONTEXT() REPRESENTATION_CONTEXT('2D SPACE',''
  ) );
#77 = ORIENTED_EDGE('',*,*,#78,.T.);
#78 = EDGE_CURVE('',#44,#79,#81,.T.);
#79 = VERTEX_POINT('',#80);
#80 = CARTESIAN_POINT('',(9.42,115.44,0.));
#81 = SURFACE_CURVE('',#82,(#86,#93),.PCURVE_S1.);
#82 = LINE('',#83,#84);
#83 = CARTESIAN_POINT('',(9.42,24.56,0.));
#84 = VECTOR('',#85,1.);
#85 = DIRECTION('',(-0.,1.,0.));
#86 = PCURVE('',#54,#87);
#87 = DEFINITIONAL_REPRESENTATION('',(#88),#92);
#88 = LINE('',#89,#90);
#89 = CARTESIAN_POINT('',(0.,0.));
#90 = VECTOR('',#91,1.);
#91 = DIRECTION('',(0.,-1.));
#92 = ( GEOMETRIC_REPRESENTATION_CONTEXT(2) 
PARAMETRIC_REPRESENTATION_CONTEXT() REPRESENTATION_CONTEXT('2D SPACE',''
  ) );
#93 = PCURVE('',#94,#99);
#94 = PLANE('',#95);
#95 = AXIS2_PLACEMENT_3D('',#96,#97,#98);
#96 = CARTESIAN_POINT('',(9.42,24.56,0.));
#97 = DIRECTION('',(0.,0.,1.));
#98 = DIRECTION('',(1.,0.,-0.));
#99 = DEFINITIONAL_REPRESENTATION('',(#100),#104);
#100 = LINE('',#101,#102);
#101 = CARTESIAN_POINT('',(0.,0.));
#102 = VECTOR('',#103,1.);
#103 = DIRECTION('',(0.,1.));
#104 = ( GEOMETRIC_REPRESENTATION_CONTEXT(2) 
PARAMETRIC_REPRESENTATION_CONTEXT() REPRESENTATION_CONTEXT('2D SPACE',''
  ) );
#105 = ORIENTED_EDGE('',*,*,#106,.T.);
#106 = EDGE_CURVE('',#79,#107,#109,.T.);
#107 = VERTEX_POINT('',#108);
#108 = CARTESIAN_POINT('',(9.42,115.44,6.2));
#109 = SURFACE_CURVE('',#110,(#114,#121),.PCURVE_S1.);
#110 = LINE('',#111,#112);
#111 = CARTESIAN_POINT('',(9.42,115.44,0.));
#112 = VECTOR('',#113,1.);
#113 = DIRECTION('',(0.,0.,1.));
#114 = PCURVE('',#54,#115);
#115 = DEFINITIONAL_REPRESENTATION('',(#116),#120);
#116 = LINE('',#117,#118);
#117 = CARTESIAN_POINT('',(0.,-90.88));
#118 = VECTOR('',#119,1.);
#119 = DIRECTION('',(1.,0.));
#120 = ( GEOMETRIC_REPRESENTATION_CONTEXT(2) 
PARAMETRIC_REPRESENTATION_CONTEXT() REPRESENTATION_CONTEXT('2D SPACE',''
  ) );
#121 = PCURVE('',#122,#127);
#122 = PLANE('',#123);
#123 = AXIS2_PLACEMENT_3D('',#124,#125,#126);
#124 = CARTESIAN_POINT('',(9.42,115.44,0.));
#125 = DIRECTION('',(-0.,1.,0.));
#126 = DIRECTION('',(0.,0.,1.));
#127 = DEFINITIONAL_REPRESENTATION('',(#128),#132);
#128 = LINE('',#129,#130);
#129 = CARTESIAN_POINT('',(0.,0.));
#130 = VECTOR('',#131,1.);
#131 = DIRECTION('',(1.,0.));
#132 = ( GEOMETRIC_REPRESENTATION_CONTEXT(2) 
PARAMETRIC_REPRESENTATION_CONTEXT() REPRESENTATION_CONTEXT('2D SPACE',''
  ) );
#133 = ORIENTED_EDGE('',*,*,#134,.F.);
#134 = EDGE_CURVE('',#46,#107,#135,.T.);
#135 = SURFACE_CURVE('',#136,(#140,#147),.PCURVE_S1.);
#136 = LINE('',#137,#138);
#137 = CARTESIAN_POINT('',(9.42,24.56,6.2));
#138 = VECTOR('',#139,1.);
#139 = DIRECTION('',(-0.,1.,0.));
#140 = PCURVE('',#54,#141);
#141 = DEFINITIONAL_REPRESENTATION('',(#142),#146);
#142 = LINE('',#143,#144);
#143 = CARTESIAN_POINT('',(6.2,0.));
#144 = VECTOR('',#145,1.);
#145 = DIRECTION('',(0.,-1.));
#146 = ( GEOMETRIC_REPRESENTATION_CONTEXT(2) 
PARAMETRIC_REPRESENTATION_CONTEXT() REPRESENTATION_CONTEXT('2D SPACE',''
  ) );
#147 = PCURVE('',#148,#153);
#148 = B_SPLINE_SURFACE_WITH_KNOTS('',1,1,(
    (#149,#150)
    ,(#151,#152
    )),.UNSPECIFIED.,.F.,.F.,.F.,(2,2),(2,2),(0.,102.88),(0.,1.),
  .PIECEWISE_BEZIER_KNOTS.);
#149 = CARTESIAN_POINT('',(9.42,115.44,6.2));
#150 = CARTESIAN_POINT('',(3.42,121.44,14.2));
#151 = CARTESIAN_POINT('',(9.42,24.56,6.2));
#152 = CARTESIAN_POINT('',(3.42,18.56,14.2));
#153 = DEFINITIONAL_REPRESENTATION('',(#154),#157);
#154 = B_SPLINE_CURVE_WITH_KNOTS('',1,(#155,#156),.UNSPECIFIED.,.F.,.F.,
  (2,2),(0.,90.88),.PIECEWISE_BEZIER_KNOTS.);
#155 = CARTESIAN_POINT('',(102.88,0.));
#156 = CARTESIAN_POINT('',(0.,0.));
#157 = ( GEOMETRIC_REPRESENTATION_CONTEXT(2) 
PARAMETRIC_REPRESENTATION_CONTEXT() REPRESENTATION_CONTEXT('2D SPACE',''
  ) );
#158 = ADVANCED_FACE('',(#159,#906,#1020,#1226,#1432,#1543,#1665,#1787,
    #2446,#2568,#2690),#94,.F.);
#159 = FACE_BOUND('',#160,.F.);
#160 = EDGE_LOOP('',(#161,#184,#212,#240,#268,#296,#324,#352,#380,#408,
    #436,#464,#492,#520,#548,#576,#604,#632,#660,#688,#716,#744,#772,
    #800,#828,#856,#884,#905));
#161 = ORIENTED_EDGE('',*,*,#162,.T.);
#162 = EDGE_CURVE('',#44,#163,#165,.T.);
#163 = VERTEX_POINT('',#164);
#164 = CARTESIAN_POINT('',(13.,24.56,0.));
#165 = SURFACE_CURVE('',#166,(#170,#177),.PCURVE_S1.);
#166 = LINE('',#167,#168);
#167 = CARTESIAN_POINT('',(9.42,24.56,0.));
#168 = VECTOR('',#169,1.);
#169 = DIRECTION('',(1.,0.,-0.));
#170 = PCURVE('',#94,#171);
#171 = DEFINITIONAL_REPRESENTATION('',(#172),#176);
#172 = LINE('',#173,#174);
#173 = CARTESIAN_POINT('',(0.,0.));
#174 = VECTOR('',#175,1.);
#175 = DIRECTION('',(1.,0.));
#176 = ( GEOMETRIC_REPRESENTATION_CONTEXT(2) 
PARAMETRIC_REPRESENTATION_CONTEXT() REPRESENTATION_CONTEXT('2D SPACE',''
  ) );
#177 = PCURVE('',#66,#178);
#178 = DEFINITIONAL_REPRESENTATION('',(#179),#183);
#179 = LINE('',#180,#181);
#180 = CARTESIAN_POINT('',(0.,0.));
#181 = VECTOR('',#182,1.);
#182 = DIRECTION('',(0.,1.));
#183 = ( GEOMETRIC_REPRESENTATION_CONTEXT(2) 
PARAMETRIC_REPRESENTATION_CONTEXT() REPRESENTATION_CONTEXT('2D SPACE',''
  ) );
#184 = ORIENTED_EDGE('',*,*,#185,.F.);
#185 = EDGE_CURVE('',#186,#163,#188,.T.);
#186 = VERTEX_POINT('',#187);
#187 = CARTESIAN_POINT('',(13.,20.,0.));
#188 = SURFACE_CURVE('',#189,(#193,#200),.PCURVE_S1.);
#189 = LINE('',#190,#191);
#190 = CARTESIAN_POINT('',(13.,18.,0.));
#191 = VECTOR('',#192,1.);
#192 = DIRECTION('',(-0.,1.,0.));
#193 = PCURVE('',#94,#194);
#194 = DEFINITIONAL_REPRESENTATION('',(#195),#199);
#195 = LINE('',#196,#197);
#196 = CARTESIAN_POINT('',(3.58,-6.56));
#197 = VECTOR('',#198,1.);
#198 = DIRECTION('',(0.,1.));
#199 = ( GEOMETRIC_REPRESENTATION_CONTEXT(2) 
PARAMETRIC_REPRESENTATION_CONTEXT() REPRESENTATION_CONTEXT('2D SPACE',''
  ) );
#200 = PCURVE('',#201,#206);
#201 = PLANE('',#202);
#202 = AXIS2_PLACEMENT_3D('',#203,#204,#205);
#203 = CARTESIAN_POINT('',(13.,18.,0.));
#204 = DIRECTION('',(1.,0.,-0.));
#205 = DIRECTION('',(0.,0.,1.));
#206 = DEFINITIONAL_REPRESENTATION('',(#207),#211);
#207 = LINE('',#208,#209);
#208 = CARTESIAN_POINT('',(0.,0.));
#209 = VECTOR('',#210,1.);
#210 = DIRECTION('',(0.,-1.));
#211 = ( GEOMETRIC_REPRESENTATION_CONTEXT(2) 
PARAMETRIC_REPRESENTATION_CONTEXT() REPRESENTATION_CONTEXT('2D SPACE',''
  ) );
#212 = ORIENTED_EDGE('',*,*,#213,.F.);
#213 = EDGE_CURVE('',#214,#186,#216,.T.);
#214 = VERTEX_POINT('',#215);
#215 = CARTESIAN_POINT('',(4.,20.,0.));
#216 = SURFACE_CURVE('',#217,(#221,#228),.PCURVE_S1.);
#217 = LINE('',#218,#219);
#218 = CARTESIAN_POINT('',(4.,20.,0.));
#219 = VECTOR('',#220,1.);
#220 = DIRECTION('',(1.,0.,-0.));
#221 = PCURVE('',#94,#222);
#222 = DEFINITIONAL_REPRESENTATION('',(#223),#227);
#223 = LINE('',#224,#225);
#224 = CARTESIAN_POINT('',(-5.42,-4.56));
#225 = VECTOR('',#226,1.);
#226 = DIRECTION('',(1.,0.));
#227 = ( GEOMETRIC_REPRESENTATION_CONTEXT(2) 
PARAMETRIC_REPRESENTATION_CONTEXT() REPRESENTATION_CONTEXT('2D SPACE',''
  ) );
#228 = PCURVE('',#229,#234);
#229 = PLANE('',#230);
#230 = AXIS2_PLACEMENT_3D('',#231,#232,#233);
#231 = CARTESIAN_POINT('',(4.,20.,0.));
#232 = DIRECTION('',(-0.,1.,0.));
#233 = DIRECTION('',(0.,0.,1.));
#234 = DEFINITIONAL_REPRESENTATION('',(#235),#239);
#235 = LINE('',#236,#237);
#236 = CARTESIAN_POINT('',(0.,0.));
#237 = VECTOR('',#238,1.);
#238 = DIRECTION('',(0.,1.));
#239 = ( GEOMETRIC_REPRESENTATION_CONTEXT(2) 
PARAMETRIC_REPRESENTATION_CONTEXT() REPRESENTATION_CONTEXT('2D SPACE',''
  ) );
#240 = ORIENTED_EDGE('',*,*,#241,.F.);
#241 = EDGE_CURVE('',#242,#214,#244,.T.);
#242 = VERTEX_POINT('',#243);
#243 = CARTESIAN_POINT('',(4.,4.,0.));
#244 = SURFACE_CURVE('',#245,(#249,#256),.PCURVE_S1.);
#245 = LINE('',#246,#247);
#246 = CARTESIAN_POINT('',(4.,4.,0.));
#247 = VECTOR('',#248,1.);
#248 = DIRECTION('',(-0.,1.,0.));
#249 = PCURVE('',#94,#250);
#250 = DEFINITIONAL_REPRESENTATION('',(#251),#255);
#251 = LINE('',#252,#253);
#252 = CARTESIAN_POINT('',(-5.42,-20.56));
#253 = VECTOR('',#254,1.);
#254 = DIRECTION('',(0.,1.));
#255 = ( GEOMETRIC_REPRESENTATION_CONTEXT(2) 
PARAMETRIC_REPRESENTATION_CONTEXT() REPRESENTATION_CONTEXT('2D SPACE',''
  ) );
#256 = PCURVE('',#257,#262);
#257 = PLANE('',#258);
#258 = AXIS2_PLACEMENT_3D('',#259,#260,#261);
#259 = CARTESIAN_POINT('',(4.,4.,0.));
#260 = DIRECTION('',(1.,0.,-0.));
#261 = DIRECTION('',(0.,0.,1.));
#262 = DEFINITIONAL_REPRESENTATION('',(#263),#267);
#263 = LINE('',#264,#265);
#264 = CARTESIAN_POINT('',(0.,0.));
#265 = VECTOR('',#266,1.);
#266 = DIRECTION('',(0.,-1.));
#267 = ( GEOMETRIC_REPRESENTATION_CONTEXT(2) 
PARAMETRIC_REPRESENTATION_CONTEXT() REPRESENTATION_CONTEXT('2D SPACE',''
  ) );
#268 = ORIENTED_EDGE('',*,*,#269,.T.);
#269 = EDGE_CURVE('',#242,#270,#272,.T.);
#270 = VERTEX_POINT('',#271);
#271 = CARTESIAN_POINT('',(28.,4.,0.));
#272 = SURFACE_CURVE('',#273,(#277,#284),.PCURVE_S1.);
#273 = LINE('',#274,#275);
#274 = CARTESIAN_POINT('',(4.,4.,0.));
#275 = VECTOR('',#276,1.);
#276 = DIRECTION('',(1.,0.,-0.));
#277 = PCURVE('',#94,#278);
#278 = DEFINITIONAL_REPRESENTATION('',(#279),#283);
#279 = LINE('',#280,#281);
#280 = CARTESIAN_POINT('',(-5.42,-20.56));
#281 = VECTOR('',#282,1.);
#282 = DIRECTION('',(1.,0.));
#283 = ( GEOMETRIC_REPRESENTATION_CONTEXT(2) 
PARAMETRIC_REPRESENTATION_CONTEXT() REPRESENTATION_CONTEXT('2D SPACE',''
  ) );
#284 = PCURVE('',#285,#290);
#285 = PLANE('',#286);
#286 = AXIS2_PLACEMENT_3D('',#287,#288,#289);
#287 = CARTESIAN_POINT('',(4.,4.,0.));
#288 = DIRECTION('',(-0.,1.,0.));
#289 = DIRECTION('',(0.,0.,1.));
#290 = DEFINITIONAL_REPRESENTATION('',(#291),#295);
#291 = LINE('',#292,#293);
#292 = CARTESIAN_POINT('',(0.,0.));
#293 = VECTOR('',#294,1.);
#294 = DIRECTION('',(0.,1.));
#295 = ( GEOMETRIC_REPRESENTATION_CONTEXT(2) 
PARAMETRIC_REPRESENTATION_CONTEXT() REPRESENTATION_CONTEXT('2D SPACE',''
  ) );
#296 = ORIENTED_EDGE('',*,*,#297,.T.);
#297 = EDGE_CURVE('',#270,#298,#300,.T.);
#298 = VERTEX_POINT('',#299);
#299 = CARTESIAN_POINT('',(28.,15.,0.));
#300 = SURFACE_CURVE('',#301,(#305,#312),.PCURVE_S1.);
#301 = LINE('',#302,#303);
#302 = CARTESIAN_POINT('',(28.,4.,0.));
#303 = VECTOR('',#304,1.);
#304 = DIRECTION('',(-0.,1.,0.));
#305 = PCURVE('',#94,#306);
#306 = DEFINITIONAL_REPRESENTATION('',(#307),#311);
#307 = LINE('',#308,#309);
#308 = CARTESIAN_POINT('',(18.58,-20.56));
#309 = VECTOR('',#310,1.);
#310 = DIRECTION('',(0.,1.));
#311 = ( GEOMETRIC_REPRESENTATION_CONTEXT(2) 
PARAMETRIC_REPRESENTATION_CONTEXT() REPRESENTATION_CONTEXT('2D SPACE',''
  ) );
#312 = PCURVE('',#313,#318);
#313 = PLANE('',#314);
#314 = AXIS2_PLACEMENT_3D('',#315,#316,#317);
#315 = CARTESIAN_POINT('',(28.,4.,0.));
#316 = DIRECTION('',(1.,0.,-0.));
#317 = DIRECTION('',(0.,0.,1.));
#318 = DEFINITIONAL_REPRESENTATION('',(#319),#323);
#319 = LINE('',#320,#321);
#320 = CARTESIAN_POINT('',(0.,0.));
#321 = VECTOR('',#322,1.);
#322 = DIRECTION('',(0.,-1.));
#323 = ( GEOMETRIC_REPRESENTATION_CONTEXT(2) 
PARAMETRIC_REPRESENTATION_CONTEXT() REPRESENTATION_CONTEXT('2D SPACE',''
  ) );
#324 = ORIENTED_EDGE('',*,*,#325,.T.);
#325 = EDGE_CURVE('',#298,#326,#328,.T.);
#326 = VERTEX_POINT('',#327);
#327 = CARTESIAN_POINT('',(182.,15.,0.));
#328 = SURFACE_CURVE('',#329,(#333,#340),.PCURVE_S1.);
#329 = LINE('',#330,#331);
#330 = CARTESIAN_POINT('',(16.,15.,0.));
#331 = VECTOR('',#332,1.);
#332 = DIRECTION('',(1.,0.,-0.));
#333 = PCURVE('',#94,#334);
#334 = DEFINITIONAL_REPRESENTATION('',(#335),#339);
#335 = LINE('',#336,#337);
#336 = CARTESIAN_POINT('',(6.58,-9.56));
#337 = VECTOR('',#338,1.);
#338 = DIRECTION('',(1.,0.));
#339 = ( GEOMETRIC_REPRESENTATION_CONTEXT(2) 
PARAMETRIC_REPRESENTATION_CONTEXT() REPRESENTATION_CONTEXT('2D SPACE',''
  ) );
#340 = PCURVE('',#341,#346);
#341 = PLANE('',#342);
#342 = AXIS2_PLACEMENT_3D('',#343,#344,#345);
#343 = CARTESIAN_POINT('',(16.,15.,0.));
#344 = DIRECTION('',(-0.,1.,0.));
#345 = DIRECTION('',(0.,0.,1.));
#346 = DEFINITIONAL_REPRESENTATION('',(#347),#351);
#347 = LINE('',#348,#349);
#348 = CARTESIAN_POINT('',(0.,0.));
#349 = VECTOR('',#350,1.);
#350 = DIRECTION('',(0.,1.));
#351 = ( GEOMETRIC_REPRESENTATION_CONTEXT(2) 
PARAMETRIC_REPRESENTATION_CONTEXT() REPRESENTATION_CONTEXT('2D SPACE',''
  ) );
#352 = ORIENTED_EDGE('',*,*,#353,.F.);
#353 = EDGE_CURVE('',#354,#326,#356,.T.);
#354 = VERTEX_POINT('',#355);
#355 = CARTESIAN_POINT('',(182.,4.,0.));
#356 = SURFACE_CURVE('',#357,(#361,#368),.PCURVE_S1.);
#357 = LINE('',#358,#359);
#358 = CARTESIAN_POINT('',(182.,4.,0.));
#359 = VECTOR('',#360,1.);
#360 = DIRECTION('',(-0.,1.,0.));
#361 = PCURVE('',#94,#362);
#362 = DEFINITIONAL_REPRESENTATION('',(#363),#367);
#363 = LINE('',#364,#365);
#364 = CARTESIAN_POINT('',(172.58,-20.56));
#365 = VECTOR('',#366,1.);
#366 = DIRECTION('',(0.,1.));
#367 = ( GEOMETRIC_REPRESENTATION_CONTEXT(2) 
PARAMETRIC_REPRESENTATION_CONTEXT() REPRESENTATION_CONTEXT('2D SPACE',''
  ) );
#368 = PCURVE('',#369,#374);
#369 = PLANE('',#370);
#370 = AXIS2_PLACEMENT_3D('',#371,#372,#373);
#371 = CARTESIAN_POINT('',(182.,4.,0.));
#372 = DIRECTION('',(1.,0.,-0.));
#373 = DIRECTION('',(0.,0.,1.));
#374 = DEFINITIONAL_REPRESENTATION('',(#375),#379);
#375 = LINE('',#376,#377);
#376 = CARTESIAN_POINT('',(0.,0.));
#377 = VECTOR('',#378,1.);
#378 = DIRECTION('',(0.,-1.));
#379 = ( GEOMETRIC_REPRESENTATION_CONTEXT(2) 
PARAMETRIC_REPRESENTATION_CONTEXT() REPRESENTATION_CONTEXT('2D SPACE',''
  ) );
#380 = ORIENTED_EDGE('',*,*,#381,.T.);
#381 = EDGE_CURVE('',#354,#382,#384,.T.);
#382 = VERTEX_POINT('',#383);
#383 = CARTESIAN_POINT('',(206.,4.,0.));
#384 = SURFACE_CURVE('',#385,(#389,#396),.PCURVE_S1.);
#385 = LINE('',#386,#387);
#386 = CARTESIAN_POINT('',(182.,4.,0.));
#387 = VECTOR('',#388,1.);
#388 = DIRECTION('',(1.,0.,-0.));
#389 = PCURVE('',#94,#390);
#390 = DEFINITIONAL_REPRESENTATION('',(#391),#395);
#391 = LINE('',#392,#393);
#392 = CARTESIAN_POINT('',(172.58,-20.56));
#393 = VECTOR('',#394,1.);
#394 = DIRECTION('',(1.,0.));
#395 = ( GEOMETRIC_REPRESENTATION_CONTEXT(2) 
PARAMETRIC_REPRESENTATION_CONTEXT() REPRESENTATION_CONTEXT('2D SPACE',''
  ) );
#396 = PCURVE('',#397,#402);
#397 = PLANE('',#398);
#398 = AXIS2_PLACEMENT_3D('',#399,#400,#401);
#399 = CARTESIAN_POINT('',(182.,4.,0.));
#400 = DIRECTION('',(-0.,1.,0.));
#401 = DIRECTION('',(0.,0.,1.));
#402 = DEFINITIONAL_REPRESENTATION('',(#403),#407);
#403 = LINE('',#404,#405);
#404 = CARTESIAN_POINT('',(0.,0.));
#405 = VECTOR('',#406,1.);
#406 = DIRECTION('',(0.,1.));
#407 = ( GEOMETRIC_REPRESENTATION_CONTEXT(2) 
PARAMETRIC_REPRESENTATION_CONTEXT() REPRESENTATION_CONTEXT('2D SPACE',''
  ) );
#408 = ORIENTED_EDGE('',*,*,#409,.T.);
#409 = EDGE_CURVE('',#382,#410,#412,.T.);
#410 = VERTEX_POINT('',#411);
#411 = CARTESIAN_POINT('',(206.,20.,0.));
#412 = SURFACE_CURVE('',#413,(#417,#424),.PCURVE_S1.);
#413 = LINE('',#414,#415);
#414 = CARTESIAN_POINT('',(206.,4.,0.));
#415 = VECTOR('',#416,1.);
#416 = DIRECTION('',(-0.,1.,0.));
#417 = PCURVE('',#94,#418);
#418 = DEFINITIONAL_REPRESENTATION('',(#419),#423);
#419 = LINE('',#420,#421);
#420 = CARTESIAN_POINT('',(196.58,-20.56));
#421 = VECTOR('',#422,1.);
#422 = DIRECTION('',(0.,1.));
#423 = ( GEOMETRIC_REPRESENTATION_CONTEXT(2) 
PARAMETRIC_REPRESENTATION_CONTEXT() REPRESENTATION_CONTEXT('2D SPACE',''
  ) );
#424 = PCURVE('',#425,#430);
#425 = PLANE('',#426);
#426 = AXIS2_PLACEMENT_3D('',#427,#428,#429);
#427 = CARTESIAN_POINT('',(206.,4.,0.));
#428 = DIRECTION('',(1.,0.,-0.));
#429 = DIRECTION('',(0.,0.,1.));
#430 = DEFINITIONAL_REPRESENTATION('',(#431),#435);
#431 = LINE('',#432,#433);
#432 = CARTESIAN_POINT('',(0.,0.));
#433 = VECTOR('',#434,1.);
#434 = DIRECTION('',(0.,-1.));
#435 = ( GEOMETRIC_REPRESENTATION_CONTEXT(2) 
PARAMETRIC_REPRESENTATION_CONTEXT() REPRESENTATION_CONTEXT('2D SPACE',''
  ) );
#436 = ORIENTED_EDGE('',*,*,#437,.F.);
#437 = EDGE_CURVE('',#438,#410,#440,.T.);
#438 = VERTEX_POINT('',#439);
#439 = CARTESIAN_POINT('',(197.,20.,0.));
#440 = SURFACE_CURVE('',#441,(#445,#452),.PCURVE_S1.);
#441 = LINE('',#442,#443);
#442 = CARTESIAN_POINT('',(182.,20.,0.));
#443 = VECTOR('',#444,1.);
#444 = DIRECTION('',(1.,0.,-0.));
#445 = PCURVE('',#94,#446);
#446 = DEFINITIONAL_REPRESENTATION('',(#447),#451);
#447 = LINE('',#448,#449);
#448 = CARTESIAN_POINT('',(172.58,-4.56));
#449 = VECTOR('',#450,1.);
#450 = DIRECTION('',(1.,0.));
#451 = ( GEOMETRIC_REPRESENTATION_CONTEXT(2) 
PARAMETRIC_REPRESENTATION_CONTEXT() REPRESENTATION_CONTEXT('2D SPACE',''
  ) );
#452 = PCURVE('',#453,#458);
#453 = PLANE('',#454);
#454 = AXIS2_PLACEMENT_3D('',#455,#456,#457);
#455 = CARTESIAN_POINT('',(182.,20.,0.));
#456 = DIRECTION('',(-0.,1.,0.));
#457 = DIRECTION('',(0.,0.,1.));
#458 = DEFINITIONAL_REPRESENTATION('',(#459),#463);
#459 = LINE('',#460,#461);
#460 = CARTESIAN_POINT('',(0.,0.));
#461 = VECTOR('',#462,1.);
#462 = DIRECTION('',(0.,1.));
#463 = ( GEOMETRIC_REPRESENTATION_CONTEXT(2) 
PARAMETRIC_REPRESENTATION_CONTEXT() REPRESENTATION_CONTEXT('2D SPACE',''
  ) );
#464 = ORIENTED_EDGE('',*,*,#465,.T.);
#465 = EDGE_CURVE('',#438,#466,#468,.T.);
#466 = VERTEX_POINT('',#467);
#467 = CARTESIAN_POINT('',(197.,60.04,0.));
#468 = SURFACE_CURVE('',#469,(#473,#480),.PCURVE_S1.);
#469 = LINE('',#470,#471);
#470 = CARTESIAN_POINT('',(197.,18.,0.));
#471 = VECTOR('',#472,1.);
#472 = DIRECTION('',(-0.,1.,0.));
#473 = PCURVE('',#94,#474);
#474 = DEFINITIONAL_REPRESENTATION('',(#475),#479);
#475 = LINE('',#476,#477);
#476 = CARTESIAN_POINT('',(187.58,-6.56));
#477 = VECTOR('',#478,1.);
#478 = DIRECTION('',(0.,1.));
#479 = ( GEOMETRIC_REPRESENTATION_CONTEXT(2) 
PARAMETRIC_REPRESENTATION_CONTEXT() REPRESENTATION_CONTEXT('2D SPACE',''
  ) );
#480 = PCURVE('',#481,#486);
#481 = PLANE('',#482);
#482 = AXIS2_PLACEMENT_3D('',#483,#484,#485);
#483 = CARTESIAN_POINT('',(197.,18.,0.));
#484 = DIRECTION('',(1.,0.,-0.));
#485 = DIRECTION('',(0.,0.,1.));
#486 = DEFINITIONAL_REPRESENTATION('',(#487),#491);
#487 = LINE('',#488,#489);
#488 = CARTESIAN_POINT('',(0.,0.));
#489 = VECTOR('',#490,1.);
#490 = DIRECTION('',(0.,-1.));
#491 = ( GEOMETRIC_REPRESENTATION_CONTEXT(2) 
PARAMETRIC_REPRESENTATION_CONTEXT() REPRESENTATION_CONTEXT('2D SPACE',''
  ) );
#492 = ORIENTED_EDGE('',*,*,#493,.T.);
#493 = EDGE_CURVE('',#466,#494,#496,.T.);
#494 = VERTEX_POINT('',#495);
#495 = CARTESIAN_POINT('',(210.7,60.04,0.));
#496 = SURFACE_CURVE('',#497,(#501,#508),.PCURVE_S1.);
#497 = LINE('',#498,#499);
#498 = CARTESIAN_POINT('',(155.3,60.04,0.));
#499 = VECTOR('',#500,1.);
#500 = DIRECTION('',(1.,0.,-0.));
#501 = PCURVE('',#94,#502);
#502 = DEFINITIONAL_REPRESENTATION('',(#503),#507);
#503 = LINE('',#504,#505);
#504 = CARTESIAN_POINT('',(145.88,35.48));
#505 = VECTOR('',#506,1.);
#506 = DIRECTION('',(1.,0.));
#507 = ( GEOMETRIC_REPRESENTATION_CONTEXT(2) 
PARAMETRIC_REPRESENTATION_CONTEXT() REPRESENTATION_CONTEXT('2D SPACE',''
  ) );
#508 = PCURVE('',#509,#514);
#509 = PLANE('',#510);
#510 = AXIS2_PLACEMENT_3D('',#511,#512,#513);
#511 = CARTESIAN_POINT('',(155.3,60.04,0.));
#512 = DIRECTION('',(-0.,1.,0.));
#513 = DIRECTION('',(0.,0.,1.));
#514 = DEFINITIONAL_REPRESENTATION('',(#515),#519);
#515 = LINE('',#516,#517);
#516 = CARTESIAN_POINT('',(0.,0.));
#517 = VECTOR('',#518,1.);
#518 = DIRECTION('',(0.,1.));
#519 = ( GEOMETRIC_REPRESENTATION_CONTEXT(2) 
PARAMETRIC_REPRESENTATION_CONTEXT() REPRESENTATION_CONTEXT('2D SPACE',''
  ) );
#520 = ORIENTED_EDGE('',*,*,#521,.T.);
#521 = EDGE_CURVE('',#494,#522,#524,.T.);
#522 = VERTEX_POINT('',#523);
#523 = CARTESIAN_POINT('',(210.7,115.44,0.));
#524 = SURFACE_CURVE('',#525,(#529,#536),.PCURVE_S1.);
#525 = LINE('',#526,#527);
#526 = CARTESIAN_POINT('',(210.7,60.04,0.));
#527 = VECTOR('',#528,1.);
#528 = DIRECTION('',(-0.,1.,0.));
#529 = PCURVE('',#94,#530);
#530 = DEFINITIONAL_REPRESENTATION('',(#531),#535);
#531 = LINE('',#532,#533);
#532 = CARTESIAN_POINT('',(201.28,35.48));
#533 = VECTOR('',#534,1.);
#534 = DIRECTION('',(0.,1.));
#535 = ( GEOMETRIC_REPRESENTATION_CONTEXT(2) 
PARAMETRIC_REPRESENTATION_CONTEXT() REPRESENTATION_CONTEXT('2D SPACE',''
  ) );
#536 = PCURVE('',#537,#542);
#537 = PLANE('',#538);
#538 = AXIS2_PLACEMENT_3D('',#539,#540,#541);
#539 = CARTESIAN_POINT('',(210.7,60.04,0.));
#540 = DIRECTION('',(1.,0.,-0.));
#541 = DIRECTION('',(0.,0.,1.));
#542 = DEFINITIONAL_REPRESENTATION('',(#543),#547);
#543 = LINE('',#544,#545);
#544 = CARTESIAN_POINT('',(0.,0.));
#545 = VECTOR('',#546,1.);
#546 = DIRECTION('',(0.,-1.));
#547 = ( GEOMETRIC_REPRESENTATION_CONTEXT(2) 
PARAMETRIC_REPRESENTATION_CONTEXT() REPRESENTATION_CONTEXT('2D SPACE',''
  ) );
#548 = ORIENTED_EDGE('',*,*,#549,.F.);
#549 = EDGE_CURVE('',#550,#522,#552,.T.);
#550 = VERTEX_POINT('',#551);
#551 = CARTESIAN_POINT('',(197.,115.44,0.));
#552 = SURFACE_CURVE('',#553,(#557,#564),.PCURVE_S1.);
#553 = LINE('',#554,#555);
#554 = CARTESIAN_POINT('',(155.3,115.44,0.));
#555 = VECTOR('',#556,1.);
#556 = DIRECTION('',(1.,0.,-0.));
#557 = PCURVE('',#94,#558);
#558 = DEFINITIONAL_REPRESENTATION('',(#559),#563);
#559 = LINE('',#560,#561);
#560 = CARTESIAN_POINT('',(145.88,90.88));
#561 = VECTOR('',#562,1.);
#562 = DIRECTION('',(1.,0.));
#563 = ( GEOMETRIC_REPRESENTATION_CONTEXT(2) 
PARAMETRIC_REPRESENTATION_CONTEXT() REPRESENTATION_CONTEXT('2D SPACE',''
  ) );
#564 = PCURVE('',#565,#570);
#565 = PLANE('',#566);
#566 = AXIS2_PLACEMENT_3D('',#567,#568,#569);
#567 = CARTESIAN_POINT('',(155.3,115.44,0.));
#568 = DIRECTION('',(-0.,1.,0.));
#569 = DIRECTION('',(0.,0.,1.));
#570 = DEFINITIONAL_REPRESENTATION('',(#571),#575);
#571 = LINE('',#572,#573);
#572 = CARTESIAN_POINT('',(0.,0.));
#573 = VECTOR('',#574,1.);
#574 = DIRECTION('',(0.,1.));
#575 = ( GEOMETRIC_REPRESENTATION_CONTEXT(2) 
PARAMETRIC_REPRESENTATION_CONTEXT() REPRESENTATION_CONTEXT('2D SPACE',''
  ) );
#576 = ORIENTED_EDGE('',*,*,#577,.T.);
#577 = EDGE_CURVE('',#550,#578,#580,.T.);
#578 = VERTEX_POINT('',#579);
#579 = CARTESIAN_POINT('',(197.,120.,0.));
#580 = SURFACE_CURVE('',#581,(#585,#592),.PCURVE_S1.);
#581 = LINE('',#582,#583);
#582 = CARTESIAN_POINT('',(197.,18.,0.));
#583 = VECTOR('',#584,1.);
#584 = DIRECTION('',(-0.,1.,0.));
#585 = PCURVE('',#94,#586);
#586 = DEFINITIONAL_REPRESENTATION('',(#587),#591);
#587 = LINE('',#588,#589);
#588 = CARTESIAN_POINT('',(187.58,-6.56));
#589 = VECTOR('',#590,1.);
#590 = DIRECTION('',(0.,1.));
#591 = ( GEOMETRIC_REPRESENTATION_CONTEXT(2) 
PARAMETRIC_REPRESENTATION_CONTEXT() REPRESENTATION_CONTEXT('2D SPACE',''
  ) );
#592 = PCURVE('',#593,#598);
#593 = PLANE('',#594);
#594 = AXIS2_PLACEMENT_3D('',#595,#596,#597);
#595 = CARTESIAN_POINT('',(197.,18.,0.));
#596 = DIRECTION('',(1.,0.,-0.));
#597 = DIRECTION('',(0.,0.,1.));
#598 = DEFINITIONAL_REPRESENTATION('',(#599),#603);
#599 = LINE('',#600,#601);
#600 = CARTESIAN_POINT('',(0.,0.));
#601 = VECTOR('',#602,1.);
#602 = DIRECTION('',(0.,-1.));
#603 = ( GEOMETRIC_REPRESENTATION_CONTEXT(2) 
PARAMETRIC_REPRESENTATION_CONTEXT() REPRESENTATION_CONTEXT('2D SPACE',''
  ) );
#604 = ORIENTED_EDGE('',*,*,#605,.T.);
#605 = EDGE_CURVE('',#578,#606,#608,.T.);
#606 = VERTEX_POINT('',#607);
#607 = CARTESIAN_POINT('',(206.,120.,0.));
#608 = SURFACE_CURVE('',#609,(#613,#620),.PCURVE_S1.);
#609 = LINE('',#610,#611);
#610 = CARTESIAN_POINT('',(182.,120.,0.));
#611 = VECTOR('',#612,1.);
#612 = DIRECTION('',(1.,0.,-0.));
#613 = PCURVE('',#94,#614);
#614 = DEFINITIONAL_REPRESENTATION('',(#615),#619);
#615 = LINE('',#616,#617);
#616 = CARTESIAN_POINT('',(172.58,95.44));
#617 = VECTOR('',#618,1.);
#618 = DIRECTION('',(1.,0.));
#619 = ( GEOMETRIC_REPRESENTATION_CONTEXT(2) 
PARAMETRIC_REPRESENTATION_CONTEXT() REPRESENTATION_CONTEXT('2D SPACE',''
  ) );
#620 = PCURVE('',#621,#626);
#621 = PLANE('',#622);
#622 = AXIS2_PLACEMENT_3D('',#623,#624,#625);
#623 = CARTESIAN_POINT('',(182.,120.,0.));
#624 = DIRECTION('',(-0.,1.,0.));
#625 = DIRECTION('',(0.,0.,1.));
#626 = DEFINITIONAL_REPRESENTATION('',(#627),#631);
#627 = LINE('',#628,#629);
#628 = CARTESIAN_POINT('',(0.,0.));
#629 = VECTOR('',#630,1.);
#630 = DIRECTION('',(0.,1.));
#631 = ( GEOMETRIC_REPRESENTATION_CONTEXT(2) 
PARAMETRIC_REPRESENTATION_CONTEXT() REPRESENTATION_CONTEXT('2D SPACE',''
  ) );
#632 = ORIENTED_EDGE('',*,*,#633,.T.);
#633 = EDGE_CURVE('',#606,#634,#636,.T.);
#634 = VERTEX_POINT('',#635);
#635 = CARTESIAN_POINT('',(206.,136.,0.));
#636 = SURFACE_CURVE('',#637,(#641,#648),.PCURVE_S1.);
#637 = LINE('',#638,#639);
#638 = CARTESIAN_POINT('',(206.,120.,0.));
#639 = VECTOR('',#640,1.);
#640 = DIRECTION('',(-0.,1.,0.));
#641 = PCURVE('',#94,#642);
#642 = DEFINITIONAL_REPRESENTATION('',(#643),#647);
#643 = LINE('',#644,#645);
#644 = CARTESIAN_POINT('',(196.58,95.44));
#645 = VECTOR('',#646,1.);
#646 = DIRECTION('',(0.,1.));
#647 = ( GEOMETRIC_REPRESENTATION_CONTEXT(2) 
PARAMETRIC_REPRESENTATION_CONTEXT() REPRESENTATION_CONTEXT('2D SPACE',''
  ) );
#648 = PCURVE('',#649,#654);
#649 = PLANE('',#650);
#650 = AXIS2_PLACEMENT_3D('',#651,#652,#653);
#651 = CARTESIAN_POINT('',(206.,120.,0.));
#652 = DIRECTION('',(1.,0.,-0.));
#653 = DIRECTION('',(0.,0.,1.));
#654 = DEFINITIONAL_REPRESENTATION('',(#655),#659);
#655 = LINE('',#656,#657);
#656 = CARTESIAN_POINT('',(0.,0.));
#657 = VECTOR('',#658,1.);
#658 = DIRECTION('',(0.,-1.));
#659 = ( GEOMETRIC_REPRESENTATION_CONTEXT(2) 
PARAMETRIC_REPRESENTATION_CONTEXT() REPRESENTATION_CONTEXT('2D SPACE',''
  ) );
#660 = ORIENTED_EDGE('',*,*,#661,.F.);
#661 = EDGE_CURVE('',#662,#634,#664,.T.);
#662 = VERTEX_POINT('',#663);
#663 = CARTESIAN_POINT('',(182.,136.,0.));
#664 = SURFACE_CURVE('',#665,(#669,#676),.PCURVE_S1.);
#665 = LINE('',#666,#667);
#666 = CARTESIAN_POINT('',(182.,136.,0.));
#667 = VECTOR('',#668,1.);
#668 = DIRECTION('',(1.,0.,-0.));
#669 = PCURVE('',#94,#670);
#670 = DEFINITIONAL_REPRESENTATION('',(#671),#675);
#671 = LINE('',#672,#673);
#672 = CARTESIAN_POINT('',(172.58,111.44));
#673 = VECTOR('',#674,1.);
#674 = DIRECTION('',(1.,0.));
#675 = ( GEOMETRIC_REPRESENTATION_CONTEXT(2) 
PARAMETRIC_REPRESENTATION_CONTEXT() REPRESENTATION_CONTEXT('2D SPACE',''
  ) );
#676 = PCURVE('',#677,#682);
#677 = PLANE('',#678);
#678 = AXIS2_PLACEMENT_3D('',#679,#680,#681);
#679 = CARTESIAN_POINT('',(182.,136.,0.));
#680 = DIRECTION('',(-0.,1.,0.));
#681 = DIRECTION('',(0.,0.,1.));
#682 = DEFINITIONAL_REPRESENTATION('',(#683),#687);
#683 = LINE('',#684,#685);
#684 = CARTESIAN_POINT('',(0.,0.));
#685 = VECTOR('',#686,1.);
#686 = DIRECTION('',(0.,1.));
#687 = ( GEOMETRIC_REPRESENTATION_CONTEXT(2) 
PARAMETRIC_REPRESENTATION_CONTEXT() REPRESENTATION_CONTEXT('2D SPACE',''
  ) );
#688 = ORIENTED_EDGE('',*,*,#689,.F.);
#689 = EDGE_CURVE('',#690,#662,#692,.T.);
#690 = VERTEX_POINT('',#691);
#691 = CARTESIAN_POINT('',(182.,125.,0.));
#692 = SURFACE_CURVE('',#693,(#697,#704),.PCURVE_S1.);
#693 = LINE('',#694,#695);
#694 = CARTESIAN_POINT('',(182.,120.,0.));
#695 = VECTOR('',#696,1.);
#696 = DIRECTION('',(-0.,1.,0.));
#697 = PCURVE('',#94,#698);
#698 = DEFINITIONAL_REPRESENTATION('',(#699),#703);
#699 = LINE('',#700,#701);
#700 = CARTESIAN_POINT('',(172.58,95.44));
#701 = VECTOR('',#702,1.);
#702 = DIRECTION('',(0.,1.));
#703 = ( GEOMETRIC_REPRESENTATION_CONTEXT(2) 
PARAMETRIC_REPRESENTATION_CONTEXT() REPRESENTATION_CONTEXT('2D SPACE',''
  ) );
#704 = PCURVE('',#705,#710);
#705 = PLANE('',#706);
#706 = AXIS2_PLACEMENT_3D('',#707,#708,#709);
#707 = CARTESIAN_POINT('',(182.,120.,0.));
#708 = DIRECTION('',(1.,0.,-0.));
#709 = DIRECTION('',(0.,0.,1.));
#710 = DEFINITIONAL_REPRESENTATION('',(#711),#715);
#711 = LINE('',#712,#713);
#712 = CARTESIAN_POINT('',(0.,0.));
#713 = VECTOR('',#714,1.);
#714 = DIRECTION('',(0.,-1.));
#715 = ( GEOMETRIC_REPRESENTATION_CONTEXT(2) 
PARAMETRIC_REPRESENTATION_CONTEXT() REPRESENTATION_CONTEXT('2D SPACE',''
  ) );
#716 = ORIENTED_EDGE('',*,*,#717,.F.);
#717 = EDGE_CURVE('',#718,#690,#720,.T.);
#718 = VERTEX_POINT('',#719);
#719 = CARTESIAN_POINT('',(28.,125.,0.));
#720 = SURFACE_CURVE('',#721,(#725,#732),.PCURVE_S1.);
#721 = LINE('',#722,#723);
#722 = CARTESIAN_POINT('',(16.,125.,0.));
#723 = VECTOR('',#724,1.);
#724 = DIRECTION('',(1.,0.,-0.));
#725 = PCURVE('',#94,#726);
#726 = DEFINITIONAL_REPRESENTATION('',(#727),#731);
#727 = LINE('',#728,#729);
#728 = CARTESIAN_POINT('',(6.58,100.44));
#729 = VECTOR('',#730,1.);
#730 = DIRECTION('',(1.,0.));
#731 = ( GEOMETRIC_REPRESENTATION_CONTEXT(2) 
PARAMETRIC_REPRESENTATION_CONTEXT() REPRESENTATION_CONTEXT('2D SPACE',''
  ) );
#732 = PCURVE('',#733,#738);
#733 = PLANE('',#734);
#734 = AXIS2_PLACEMENT_3D('',#735,#736,#737);
#735 = CARTESIAN_POINT('',(16.,125.,0.));
#736 = DIRECTION('',(-0.,1.,0.));
#737 = DIRECTION('',(0.,0.,1.));
#738 = DEFINITIONAL_REPRESENTATION('',(#739),#743);
#739 = LINE('',#740,#741);
#740 = CARTESIAN_POINT('',(0.,0.));
#741 = VECTOR('',#742,1.);
#742 = DIRECTION('',(0.,1.));
#743 = ( GEOMETRIC_REPRESENTATION_CONTEXT(2) 
PARAMETRIC_REPRESENTATION_CONTEXT() REPRESENTATION_CONTEXT('2D SPACE',''
  ) );
#744 = ORIENTED_EDGE('',*,*,#745,.T.);
#745 = EDGE_CURVE('',#718,#746,#748,.T.);
#746 = VERTEX_POINT('',#747);
#747 = CARTESIAN_POINT('',(28.,136.,0.));
#748 = SURFACE_CURVE('',#749,(#753,#760),.PCURVE_S1.);
#749 = LINE('',#750,#751);
#750 = CARTESIAN_POINT('',(28.,120.,0.));
#751 = VECTOR('',#752,1.);
#752 = DIRECTION('',(-0.,1.,0.));
#753 = PCURVE('',#94,#754);
#754 = DEFINITIONAL_REPRESENTATION('',(#755),#759);
#755 = LINE('',#756,#757);
#756 = CARTESIAN_POINT('',(18.58,95.44));
#757 = VECTOR('',#758,1.);
#758 = DIRECTION('',(0.,1.));
#759 = ( GEOMETRIC_REPRESENTATION_CONTEXT(2) 
PARAMETRIC_REPRESENTATION_CONTEXT() REPRESENTATION_CONTEXT('2D SPACE',''
  ) );
#760 = PCURVE('',#761,#766);
#761 = PLANE('',#762);
#762 = AXIS2_PLACEMENT_3D('',#763,#764,#765);
#763 = CARTESIAN_POINT('',(28.,120.,0.));
#764 = DIRECTION('',(1.,0.,-0.));
#765 = DIRECTION('',(0.,0.,1.));
#766 = DEFINITIONAL_REPRESENTATION('',(#767),#771);
#767 = LINE('',#768,#769);
#768 = CARTESIAN_POINT('',(0.,0.));
#769 = VECTOR('',#770,1.);
#770 = DIRECTION('',(0.,-1.));
#771 = ( GEOMETRIC_REPRESENTATION_CONTEXT(2) 
PARAMETRIC_REPRESENTATION_CONTEXT() REPRESENTATION_CONTEXT('2D SPACE',''
  ) );
#772 = ORIENTED_EDGE('',*,*,#773,.F.);
#773 = EDGE_CURVE('',#774,#746,#776,.T.);
#774 = VERTEX_POINT('',#775);
#775 = CARTESIAN_POINT('',(4.,136.,0.));
#776 = SURFACE_CURVE('',#777,(#781,#788),.PCURVE_S1.);
#777 = LINE('',#778,#779);
#778 = CARTESIAN_POINT('',(4.,136.,0.));
#779 = VECTOR('',#780,1.);
#780 = DIRECTION('',(1.,0.,-0.));
#781 = PCURVE('',#94,#782);
#782 = DEFINITIONAL_REPRESENTATION('',(#783),#787);
#783 = LINE('',#784,#785);
#784 = CARTESIAN_POINT('',(-5.42,111.44));
#785 = VECTOR('',#786,1.);
#786 = DIRECTION('',(1.,0.));
#787 = ( GEOMETRIC_REPRESENTATION_CONTEXT(2) 
PARAMETRIC_REPRESENTATION_CONTEXT() REPRESENTATION_CONTEXT('2D SPACE',''
  ) );
#788 = PCURVE('',#789,#794);
#789 = PLANE('',#790);
#790 = AXIS2_PLACEMENT_3D('',#791,#792,#793);
#791 = CARTESIAN_POINT('',(4.,136.,0.));
#792 = DIRECTION('',(-0.,1.,0.));
#793 = DIRECTION('',(0.,0.,1.));
#794 = DEFINITIONAL_REPRESENTATION('',(#795),#799);
#795 = LINE('',#796,#797);
#796 = CARTESIAN_POINT('',(0.,0.));
#797 = VECTOR('',#798,1.);
#798 = DIRECTION('',(0.,1.));
#799 = ( GEOMETRIC_REPRESENTATION_CONTEXT(2) 
PARAMETRIC_REPRESENTATION_CONTEXT() REPRESENTATION_CONTEXT('2D SPACE',''
  ) );
#800 = ORIENTED_EDGE('',*,*,#801,.F.);
#801 = EDGE_CURVE('',#802,#774,#804,.T.);
#802 = VERTEX_POINT('',#803);
#803 = CARTESIAN_POINT('',(4.,120.,0.));
#804 = SURFACE_CURVE('',#805,(#809,#816),.PCURVE_S1.);
#805 = LINE('',#806,#807);
#806 = CARTESIAN_POINT('',(4.,120.,0.));
#807 = VECTOR('',#808,1.);
#808 = DIRECTION('',(-0.,1.,0.));
#809 = PCURVE('',#94,#810);
#810 = DEFINITIONAL_REPRESENTATION('',(#811),#815);
#811 = LINE('',#812,#813);
#812 = CARTESIAN_POINT('',(-5.42,95.44));
#813 = VECTOR('',#814,1.);
#814 = DIRECTION('',(0.,1.));
#815 = ( GEOMETRIC_REPRESENTATION_CONTEXT(2) 
PARAMETRIC_REPRESENTATION_CONTEXT() REPRESENTATION_CONTEXT('2D SPACE',''
  ) );
#816 = PCURVE('',#817,#822);
#817 = PLANE('',#818);
#818 = AXIS2_PLACEMENT_3D('',#819,#820,#821);
#819 = CARTESIAN_POINT('',(4.,120.,0.));
#820 = DIRECTION('',(1.,0.,-0.));
#821 = DIRECTION('',(0.,0.,1.));
#822 = DEFINITIONAL_REPRESENTATION('',(#823),#827);
#823 = LINE('',#824,#825);
#824 = CARTESIAN_POINT('',(0.,0.));
#825 = VECTOR('',#826,1.);
#826 = DIRECTION('',(0.,-1.));
#827 = ( GEOMETRIC_REPRESENTATION_CONTEXT(2) 
PARAMETRIC_REPRESENTATION_CONTEXT() REPRESENTATION_CONTEXT('2D SPACE',''
  ) );
#828 = ORIENTED_EDGE('',*,*,#829,.T.);
#829 = EDGE_CURVE('',#802,#830,#832,.T.);
#830 = VERTEX_POINT('',#831);
#831 = CARTESIAN_POINT('',(13.,120.,0.));
#832 = SURFACE_CURVE('',#833,(#837,#844),.PCURVE_S1.);
#833 = LINE('',#834,#835);
#834 = CARTESIAN_POINT('',(4.,120.,0.));
#835 = VECTOR('',#836,1.);
#836 = DIRECTION('',(1.,0.,-0.));
#837 = PCURVE('',#94,#838);
#838 = DEFINITIONAL_REPRESENTATION('',(#839),#843);
#839 = LINE('',#840,#841);
#840 = CARTESIAN_POINT('',(-5.42,95.44));
#841 = VECTOR('',#842,1.);
#842 = DIRECTION('',(1.,0.));
#843 = ( GEOMETRIC_REPRESENTATION_CONTEXT(2) 
PARAMETRIC_REPRESENTATION_CONTEXT() REPRESENTATION_CONTEXT('2D SPACE',''
  ) );
#844 = PCURVE('',#845,#850);
#845 = PLANE('',#846);
#846 = AXIS2_PLACEMENT_3D('',#847,#848,#849);
#847 = CARTESIAN_POINT('',(4.,120.,0.));
#848 = DIRECTION('',(-0.,1.,0.));
#849 = DIRECTION('',(0.,0.,1.));
#850 = DEFINITIONAL_REPRESENTATION('',(#851),#855);
#851 = LINE('',#852,#853);
#852 = CARTESIAN_POINT('',(0.,0.));
#853 = VECTOR('',#854,1.);
#854 = DIRECTION('',(0.,1.));
#855 = ( GEOMETRIC_REPRESENTATION_CONTEXT(2) 
PARAMETRIC_REPRESENTATION_CONTEXT() REPRESENTATION_CONTEXT('2D SPACE',''
  ) );
#856 = ORIENTED_EDGE('',*,*,#857,.F.);
#857 = EDGE_CURVE('',#858,#830,#860,.T.);
#858 = VERTEX_POINT('',#859);
#859 = CARTESIAN_POINT('',(13.,115.44,0.));
#860 = SURFACE_CURVE('',#861,(#865,#872),.PCURVE_S1.);
#861 = LINE('',#862,#863);
#862 = CARTESIAN_POINT('',(13.,18.,0.));
#863 = VECTOR('',#864,1.);
#864 = DIRECTION('',(-0.,1.,0.));
#865 = PCURVE('',#94,#866);
#866 = DEFINITIONAL_REPRESENTATION('',(#867),#871);
#867 = LINE('',#868,#869);
#868 = CARTESIAN_POINT('',(3.58,-6.56));
#869 = VECTOR('',#870,1.);
#870 = DIRECTION('',(0.,1.));
#871 = ( GEOMETRIC_REPRESENTATION_CONTEXT(2) 
PARAMETRIC_REPRESENTATION_CONTEXT() REPRESENTATION_CONTEXT('2D SPACE',''
  ) );
#872 = PCURVE('',#873,#878);
#873 = PLANE('',#874);
#874 = AXIS2_PLACEMENT_3D('',#875,#876,#877);
#875 = CARTESIAN_POINT('',(13.,18.,0.));
#876 = DIRECTION('',(1.,0.,-0.));
#877 = DIRECTION('',(0.,0.,1.));
#878 = DEFINITIONAL_REPRESENTATION('',(#879),#883);
#879 = LINE('',#880,#881);
#880 = CARTESIAN_POINT('',(0.,0.));
#881 = VECTOR('',#882,1.);
#882 = DIRECTION('',(0.,-1.));
#883 = ( GEOMETRIC_REPRESENTATION_CONTEXT(2) 
PARAMETRIC_REPRESENTATION_CONTEXT() REPRESENTATION_CONTEXT('2D SPACE',''
  ) );
#884 = ORIENTED_EDGE('',*,*,#885,.F.);
#885 = EDGE_CURVE('',#79,#858,#886,.T.);
#886 = SURFACE_CURVE('',#887,(#891,#898),.PCURVE_S1.);
#887 = LINE('',#888,#889);
#888 = CARTESIAN_POINT('',(9.42,115.44,0.));
#889 = VECTOR('',#890,1.);
#890 = DIRECTION('',(1.,0.,-0.));
#891 = PCURVE('',#94,#892);
#892 = DEFINITIONAL_REPRESENTATION('',(#893),#897);
#893 = LINE('',#894,#895);
#894 = CARTESIAN_POINT('',(0.,90.88));
#895 = VECTOR('',#896,1.);
#896 = DIRECTION('',(1.,0.));
#897 = ( GEOMETRIC_REPRESENTATION_CONTEXT(2) 
PARAMETRIC_REPRESENTATION_CONTEXT() REPRESENTATION_CONTEXT('2D SPACE',''
  ) );
#898 = PCURVE('',#122,#899);
#899 = DEFINITIONAL_REPRESENTATION('',(#900),#904);
#900 = LINE('',#901,#902);
#901 = CARTESIAN_POINT('',(0.,0.));
#902 = VECTOR('',#903,1.);
#903 = DIRECTION('',(0.,1.));
#904 = ( GEOMETRIC_REPRESENTATION_CONTEXT(2) 
PARAMETRIC_REPRESENTATION_CONTEXT() REPRESENTATION_CONTEXT('2D SPACE',''
  ) );
#905 = ORIENTED_EDGE('',*,*,#78,.F.);
#906 = FACE_BOUND('',#907,.F.);
#907 = EDGE_LOOP('',(#908,#938,#966,#994));
#908 = ORIENTED_EDGE('',*,*,#909,.T.);
#909 = EDGE_CURVE('',#910,#912,#914,.T.);
#910 = VERTEX_POINT('',#911);
#911 = CARTESIAN_POINT('',(142.58,79.,0.));
#912 = VERTEX_POINT('',#913);
#913 = CARTESIAN_POINT('',(142.58,96.,0.));
#914 = SURFACE_CURVE('',#915,(#919,#926),.PCURVE_S1.);
#915 = LINE('',#916,#917);
#916 = CARTESIAN_POINT('',(142.58,24.56,0.));
#917 = VECTOR('',#918,1.);
#918 = DIRECTION('',(-0.,1.,0.));
#919 = PCURVE('',#94,#920);
#920 = DEFINITIONAL_REPRESENTATION('',(#921),#925);
#921 = LINE('',#922,#923);
#922 = CARTESIAN_POINT('',(133.16,0.));
#923 = VECTOR('',#924,1.);
#924 = DIRECTION('',(0.,1.));
#925 = ( GEOMETRIC_REPRESENTATION_CONTEXT(2) 
PARAMETRIC_REPRESENTATION_CONTEXT() REPRESENTATION_CONTEXT('2D SPACE',''
  ) );
#926 = PCURVE('',#927,#932);
#927 = PLANE('',#928);
#928 = AXIS2_PLACEMENT_3D('',#929,#930,#931);
#929 = CARTESIAN_POINT('',(142.58,24.56,0.));
#930 = DIRECTION('',(1.,0.,-0.));
#931 = DIRECTION('',(0.,0.,1.));
#932 = DEFINITIONAL_REPRESENTATION('',(#933),#937);
#933 = LINE('',#934,#935);
#934 = CARTESIAN_POINT('',(0.,0.));
#935 = VECTOR('',#936,1.);
#936 = DIRECTION('',(0.,-1.));
#937 = ( GEOMETRIC_REPRESENTATION_CONTEXT(2) 
PARAMETRIC_REPRESENTATION_CONTEXT() REPRESENTATION_CONTEXT('2D SPACE',''
  ) );
#938 = ORIENTED_EDGE('',*,*,#939,.T.);
#939 = EDGE_CURVE('',#912,#940,#942,.T.);
#940 = VERTEX_POINT('',#941);
#941 = CARTESIAN_POINT('',(155.3,96.,0.));
#942 = SURFACE_CURVE('',#943,(#947,#954),.PCURVE_S1.);
#943 = LINE('',#944,#945);
#944 = CARTESIAN_POINT('',(140.,96.,0.));
#945 = VECTOR('',#946,1.);
#946 = DIRECTION('',(1.,0.,-0.));
#947 = PCURVE('',#94,#948);
#948 = DEFINITIONAL_REPRESENTATION('',(#949),#953);
#949 = LINE('',#950,#951);
#950 = CARTESIAN_POINT('',(130.58,71.44));
#951 = VECTOR('',#952,1.);
#952 = DIRECTION('',(1.,0.));
#953 = ( GEOMETRIC_REPRESENTATION_CONTEXT(2) 
PARAMETRIC_REPRESENTATION_CONTEXT() REPRESENTATION_CONTEXT('2D SPACE',''
  ) );
#954 = PCURVE('',#955,#960);
#955 = PLANE('',#956);
#956 = AXIS2_PLACEMENT_3D('',#957,#958,#959);
#957 = CARTESIAN_POINT('',(140.,96.,0.));
#958 = DIRECTION('',(-0.,1.,0.));
#959 = DIRECTION('',(0.,0.,1.));
#960 = DEFINITIONAL_REPRESENTATION('',(#961),#965);
#961 = LINE('',#962,#963);
#962 = CARTESIAN_POINT('',(0.,0.));
#963 = VECTOR('',#964,1.);
#964 = DIRECTION('',(0.,1.));
#965 = ( GEOMETRIC_REPRESENTATION_CONTEXT(2) 
PARAMETRIC_REPRESENTATION_CONTEXT() REPRESENTATION_CONTEXT('2D SPACE',''
  ) );
#966 = ORIENTED_EDGE('',*,*,#967,.F.);
#967 = EDGE_CURVE('',#968,#940,#970,.T.);
#968 = VERTEX_POINT('',#969);
#969 = CARTESIAN_POINT('',(155.3,79.,0.));
#970 = SURFACE_CURVE('',#971,(#975,#982),.PCURVE_S1.);
#971 = LINE('',#972,#973);
#972 = CARTESIAN_POINT('',(155.3,60.04,0.));
#973 = VECTOR('',#974,1.);
#974 = DIRECTION('',(-0.,1.,0.));
#975 = PCURVE('',#94,#976);
#976 = DEFINITIONAL_REPRESENTATION('',(#977),#981);
#977 = LINE('',#978,#979);
#978 = CARTESIAN_POINT('',(145.88,35.48));
#979 = VECTOR('',#980,1.);
#980 = DIRECTION('',(0.,1.));
#981 = ( GEOMETRIC_REPRESENTATION_CONTEXT(2) 
PARAMETRIC_REPRESENTATION_CONTEXT() REPRESENTATION_CONTEXT('2D SPACE',''
  ) );
#982 = PCURVE('',#983,#988);
#983 = PLANE('',#984);
#984 = AXIS2_PLACEMENT_3D('',#985,#986,#987);
#985 = CARTESIAN_POINT('',(155.3,60.04,0.));
#986 = DIRECTION('',(1.,0.,-0.));
#987 = DIRECTION('',(0.,0.,1.));
#988 = DEFINITIONAL_REPRESENTATION('',(#989),#993);
#989 = LINE('',#990,#991);
#990 = CARTESIAN_POINT('',(0.,0.));
#991 = VECTOR('',#992,1.);
#992 = DIRECTION('',(0.,-1.));
#993 = ( GEOMETRIC_REPRESENTATION_CONTEXT(2) 
PARAMETRIC_REPRESENTATION_CONTEXT() REPRESENTATION_CONTEXT('2D SPACE',''
  ) );
#994 = ORIENTED_EDGE('',*,*,#995,.F.);
#995 = EDGE_CURVE('',#910,#968,#996,.T.);
#996 = SURFACE_CURVE('',#997,(#1001,#1008),.PCURVE_S1.);
#997 = LINE('',#998,#999);
#998 = CARTESIAN_POINT('',(140.,79.,0.));
#999 = VECTOR('',#1000,1.);
#1000 = DIRECTION('',(1.,0.,-0.));
#1001 = PCURVE('',#94,#1002);
#1002 = DEFINITIONAL_REPRESENTATION('',(#1003),#1007);
#1003 = LINE('',#1004,#1005);
#1004 = CARTESIAN_POINT('',(130.58,54.44));
#1005 = VECTOR('',#1006,1.);
#1006 = DIRECTION('',(1.,0.));
#1007 = ( GEOMETRIC_REPRESENTATION_CONTEXT(2) 
PARAMETRIC_REPRESENTATION_CONTEXT() REPRESENTATION_CONTEXT('2D SPACE',''
  ) );
#1008 = PCURVE('',#1009,#1014);
#1009 = PLANE('',#1010);
#1010 = AXIS2_PLACEMENT_3D('',#1011,#1012,#1013);
#1011 = CARTESIAN_POINT('',(140.,79.,0.));
#1012 = DIRECTION('',(-0.,1.,0.));
#1013 = DIRECTION('',(0.,0.,1.));
#1014 = DEFINITIONAL_REPRESENTATION('',(#1015),#1019);
#1015 = LINE('',#1016,#1017);
#1016 = CARTESIAN_POINT('',(0.,0.));
#1017 = VECTOR('',#1018,1.);
#1018 = DIRECTION('',(0.,1.));
#1019 = ( GEOMETRIC_REPRESENTATION_CONTEXT(2) 
PARAMETRIC_REPRESENTATION_CONTEXT() REPRESENTATION_CONTEXT('2D SPACE',''
  ) );
#1020 = FACE_BOUND('',#1021,.F.);
#1021 = EDGE_LOOP('',(#1022,#1047,#1075,#1098,#1121,#1149,#1177,#1205));
#1022 = ORIENTED_EDGE('',*,*,#1023,.T.);
#1023 = EDGE_CURVE('',#1024,#1026,#1028,.T.);
#1024 = VERTEX_POINT('',#1025);
#1025 = CARTESIAN_POINT('',(142.58,24.56,0.));
#1026 = VERTEX_POINT('',#1027);
#1027 = CARTESIAN_POINT('',(142.58,71.,0.));
#1028 = SURFACE_CURVE('',#1029,(#1033,#1040),.PCURVE_S1.);
#1029 = LINE('',#1030,#1031);
#1030 = CARTESIAN_POINT('',(142.58,24.56,0.));
#1031 = VECTOR('',#1032,1.);
#1032 = DIRECTION('',(-0.,1.,0.));
#1033 = PCURVE('',#94,#1034);
#1034 = DEFINITIONAL_REPRESENTATION('',(#1035),#1039);
#1035 = LINE('',#1036,#1037);
#1036 = CARTESIAN_POINT('',(133.16,0.));
#1037 = VECTOR('',#1038,1.);
#1038 = DIRECTION('',(0.,1.));
#1039 = ( GEOMETRIC_REPRESENTATION_CONTEXT(2) 
PARAMETRIC_REPRESENTATION_CONTEXT() REPRESENTATION_CONTEXT('2D SPACE',''
  ) );
#1040 = PCURVE('',#927,#1041);
#1041 = DEFINITIONAL_REPRESENTATION('',(#1042),#1046);
#1042 = LINE('',#1043,#1044);
#1043 = CARTESIAN_POINT('',(0.,0.));
#1044 = VECTOR('',#1045,1.);
#1045 = DIRECTION('',(0.,-1.));
#1046 = ( GEOMETRIC_REPRESENTATION_CONTEXT(2) 
PARAMETRIC_REPRESENTATION_CONTEXT() REPRESENTATION_CONTEXT('2D SPACE',''
  ) );
#1047 = ORIENTED_EDGE('',*,*,#1048,.T.);
#1048 = EDGE_CURVE('',#1026,#1049,#1051,.T.);
#1049 = VERTEX_POINT('',#1050);
#1050 = CARTESIAN_POINT('',(155.3,71.,0.));
#1051 = SURFACE_CURVE('',#1052,(#1056,#1063),.PCURVE_S1.);
#1052 = LINE('',#1053,#1054);
#1053 = CARTESIAN_POINT('',(140.,71.,0.));
#1054 = VECTOR('',#1055,1.);
#1055 = DIRECTION('',(1.,0.,-0.));
#1056 = PCURVE('',#94,#1057);
#1057 = DEFINITIONAL_REPRESENTATION('',(#1058),#1062);
#1058 = LINE('',#1059,#1060);
#1059 = CARTESIAN_POINT('',(130.58,46.44));
#1060 = VECTOR('',#1061,1.);
#1061 = DIRECTION('',(1.,0.));
#1062 = ( GEOMETRIC_REPRESENTATION_CONTEXT(2) 
PARAMETRIC_REPRESENTATION_CONTEXT() REPRESENTATION_CONTEXT('2D SPACE',''
  ) );
#1063 = PCURVE('',#1064,#1069);
#1064 = PLANE('',#1065);
#1065 = AXIS2_PLACEMENT_3D('',#1066,#1067,#1068);
#1066 = CARTESIAN_POINT('',(140.,71.,0.));
#1067 = DIRECTION('',(-0.,1.,0.));
#1068 = DIRECTION('',(0.,0.,1.));
#1069 = DEFINITIONAL_REPRESENTATION('',(#1070),#1074);
#1070 = LINE('',#1071,#1072);
#1071 = CARTESIAN_POINT('',(0.,0.));
#1072 = VECTOR('',#1073,1.);
#1073 = DIRECTION('',(0.,1.));
#1074 = ( GEOMETRIC_REPRESENTATION_CONTEXT(2) 
PARAMETRIC_REPRESENTATION_CONTEXT() REPRESENTATION_CONTEXT('2D SPACE',''
  ) );
#1075 = ORIENTED_EDGE('',*,*,#1076,.F.);
#1076 = EDGE_CURVE('',#1077,#1049,#1079,.T.);
#1077 = VERTEX_POINT('',#1078);
#1078 = CARTESIAN_POINT('',(155.3,60.04,0.));
#1079 = SURFACE_CURVE('',#1080,(#1084,#1091),.PCURVE_S1.);
#1080 = LINE('',#1081,#1082);
#1081 = CARTESIAN_POINT('',(155.3,60.04,0.));
#1082 = VECTOR('',#1083,1.);
#1083 = DIRECTION('',(-0.,1.,0.));
#1084 = PCURVE('',#94,#1085);
#1085 = DEFINITIONAL_REPRESENTATION('',(#1086),#1090);
#1086 = LINE('',#1087,#1088);
#1087 = CARTESIAN_POINT('',(145.88,35.48));
#1088 = VECTOR('',#1089,1.);
#1089 = DIRECTION('',(0.,1.));
#1090 = ( GEOMETRIC_REPRESENTATION_CONTEXT(2) 
PARAMETRIC_REPRESENTATION_CONTEXT() REPRESENTATION_CONTEXT('2D SPACE',''
  ) );
#1091 = PCURVE('',#983,#1092);
#1092 = DEFINITIONAL_REPRESENTATION('',(#1093),#1097);
#1093 = LINE('',#1094,#1095);
#1094 = CARTESIAN_POINT('',(0.,0.));
#1095 = VECTOR('',#1096,1.);
#1096 = DIRECTION('',(0.,-1.));
#1097 = ( GEOMETRIC_REPRESENTATION_CONTEXT(2) 
PARAMETRIC_REPRESENTATION_CONTEXT() REPRESENTATION_CONTEXT('2D SPACE',''
  ) );
#1098 = ORIENTED_EDGE('',*,*,#1099,.T.);
#1099 = EDGE_CURVE('',#1077,#1100,#1102,.T.);
#1100 = VERTEX_POINT('',#1101);
#1101 = CARTESIAN_POINT('',(191.,60.04,0.));
#1102 = SURFACE_CURVE('',#1103,(#1107,#1114),.PCURVE_S1.);
#1103 = LINE('',#1104,#1105);
#1104 = CARTESIAN_POINT('',(155.3,60.04,0.));
#1105 = VECTOR('',#1106,1.);
#1106 = DIRECTION('',(1.,0.,-0.));
#1107 = PCURVE('',#94,#1108);
#1108 = DEFINITIONAL_REPRESENTATION('',(#1109),#1113);
#1109 = LINE('',#1110,#1111);
#1110 = CARTESIAN_POINT('',(145.88,35.48));
#1111 = VECTOR('',#1112,1.);
#1112 = DIRECTION('',(1.,0.));
#1113 = ( GEOMETRIC_REPRESENTATION_CONTEXT(2) 
PARAMETRIC_REPRESENTATION_CONTEXT() REPRESENTATION_CONTEXT('2D SPACE',''
  ) );
#1114 = PCURVE('',#509,#1115);
#1115 = DEFINITIONAL_REPRESENTATION('',(#1116),#1120);
#1116 = LINE('',#1117,#1118);
#1117 = CARTESIAN_POINT('',(0.,0.));
#1118 = VECTOR('',#1119,1.);
#1119 = DIRECTION('',(0.,1.));
#1120 = ( GEOMETRIC_REPRESENTATION_CONTEXT(2) 
PARAMETRIC_REPRESENTATION_CONTEXT() REPRESENTATION_CONTEXT('2D SPACE',''
  ) );
#1121 = ORIENTED_EDGE('',*,*,#1122,.F.);
#1122 = EDGE_CURVE('',#1123,#1100,#1125,.T.);
#1123 = VERTEX_POINT('',#1124);
#1124 = CARTESIAN_POINT('',(191.,21.,0.));
#1125 = SURFACE_CURVE('',#1126,(#1130,#1137),.PCURVE_S1.);
#1126 = LINE('',#1127,#1128);
#1127 = CARTESIAN_POINT('',(191.,18.,0.));
#1128 = VECTOR('',#1129,1.);
#1129 = DIRECTION('',(-0.,1.,0.));
#1130 = PCURVE('',#94,#1131);
#1131 = DEFINITIONAL_REPRESENTATION('',(#1132),#1136);
#1132 = LINE('',#1133,#1134);
#1133 = CARTESIAN_POINT('',(181.58,-6.56));
#1134 = VECTOR('',#1135,1.);
#1135 = DIRECTION('',(0.,1.));
#1136 = ( GEOMETRIC_REPRESENTATION_CONTEXT(2) 
PARAMETRIC_REPRESENTATION_CONTEXT() REPRESENTATION_CONTEXT('2D SPACE',''
  ) );
#1137 = PCURVE('',#1138,#1143);
#1138 = PLANE('',#1139);
#1139 = AXIS2_PLACEMENT_3D('',#1140,#1141,#1142);
#1140 = CARTESIAN_POINT('',(191.,18.,0.));
#1141 = DIRECTION('',(1.,0.,-0.));
#1142 = DIRECTION('',(0.,0.,1.));
#1143 = DEFINITIONAL_REPRESENTATION('',(#1144),#1148);
#1144 = LINE('',#1145,#1146);
#1145 = CARTESIAN_POINT('',(0.,0.));
#1146 = VECTOR('',#1147,1.);
#1147 = DIRECTION('',(0.,-1.));
#1148 = ( GEOMETRIC_REPRESENTATION_CONTEXT(2) 
PARAMETRIC_REPRESENTATION_CONTEXT() REPRESENTATION_CONTEXT('2D SPACE',''
  ) );
#1149 = ORIENTED_EDGE('',*,*,#1150,.F.);
#1150 = EDGE_CURVE('',#1151,#1123,#1153,.T.);
#1151 = VERTEX_POINT('',#1152);
#1152 = CARTESIAN_POINT('',(19.,21.,0.));
#1153 = SURFACE_CURVE('',#1154,(#1158,#1165),.PCURVE_S1.);
#1154 = LINE('',#1155,#1156);
#1155 = CARTESIAN_POINT('',(16.,21.,0.));
#1156 = VECTOR('',#1157,1.);
#1157 = DIRECTION('',(1.,0.,-0.));
#1158 = PCURVE('',#94,#1159);
#1159 = DEFINITIONAL_REPRESENTATION('',(#1160),#1164);
#1160 = LINE('',#1161,#1162);
#1161 = CARTESIAN_POINT('',(6.58,-3.56));
#1162 = VECTOR('',#1163,1.);
#1163 = DIRECTION('',(1.,0.));
#1164 = ( GEOMETRIC_REPRESENTATION_CONTEXT(2) 
PARAMETRIC_REPRESENTATION_CONTEXT() REPRESENTATION_CONTEXT('2D SPACE',''
  ) );
#1165 = PCURVE('',#1166,#1171);
#1166 = PLANE('',#1167);
#1167 = AXIS2_PLACEMENT_3D('',#1168,#1169,#1170);
#1168 = CARTESIAN_POINT('',(16.,21.,0.));
#1169 = DIRECTION('',(-0.,1.,0.));
#1170 = DIRECTION('',(0.,0.,1.));
#1171 = DEFINITIONAL_REPRESENTATION('',(#1172),#1176);
#1172 = LINE('',#1173,#1174);
#1173 = CARTESIAN_POINT('',(0.,0.));
#1174 = VECTOR('',#1175,1.);
#1175 = DIRECTION('',(0.,1.));
#1176 = ( GEOMETRIC_REPRESENTATION_CONTEXT(2) 
PARAMETRIC_REPRESENTATION_CONTEXT() REPRESENTATION_CONTEXT('2D SPACE',''
  ) );
#1177 = ORIENTED_EDGE('',*,*,#1178,.T.);
#1178 = EDGE_CURVE('',#1151,#1179,#1181,.T.);
#1179 = VERTEX_POINT('',#1180);
#1180 = CARTESIAN_POINT('',(19.,24.56,0.));
#1181 = SURFACE_CURVE('',#1182,(#1186,#1193),.PCURVE_S1.);
#1182 = LINE('',#1183,#1184);
#1183 = CARTESIAN_POINT('',(19.,18.,0.));
#1184 = VECTOR('',#1185,1.);
#1185 = DIRECTION('',(-0.,1.,0.));
#1186 = PCURVE('',#94,#1187);
#1187 = DEFINITIONAL_REPRESENTATION('',(#1188),#1192);
#1188 = LINE('',#1189,#1190);
#1189 = CARTESIAN_POINT('',(9.58,-6.56));
#1190 = VECTOR('',#1191,1.);
#1191 = DIRECTION('',(0.,1.));
#1192 = ( GEOMETRIC_REPRESENTATION_CONTEXT(2) 
PARAMETRIC_REPRESENTATION_CONTEXT() REPRESENTATION_CONTEXT('2D SPACE',''
  ) );
#1193 = PCURVE('',#1194,#1199);
#1194 = PLANE('',#1195);
#1195 = AXIS2_PLACEMENT_3D('',#1196,#1197,#1198);
#1196 = CARTESIAN_POINT('',(19.,18.,0.));
#1197 = DIRECTION('',(1.,0.,-0.));
#1198 = DIRECTION('',(0.,0.,1.));
#1199 = DEFINITIONAL_REPRESENTATION('',(#1200),#1204);
#1200 = LINE('',#1201,#1202);
#1201 = CARTESIAN_POINT('',(0.,0.));
#1202 = VECTOR('',#1203,1.);
#1203 = DIRECTION('',(0.,-1.));
#1204 = ( GEOMETRIC_REPRESENTATION_CONTEXT(2) 
PARAMETRIC_REPRESENTATION_CONTEXT() REPRESENTATION_CONTEXT('2D SPACE',''
  ) );
#1205 = ORIENTED_EDGE('',*,*,#1206,.T.);
#1206 = EDGE_CURVE('',#1179,#1024,#1207,.T.);
#1207 = SURFACE_CURVE('',#1208,(#1212,#1219),.PCURVE_S1.);
#1208 = LINE('',#1209,#1210);
#1209 = CARTESIAN_POINT('',(9.42,24.56,0.));
#1210 = VECTOR('',#1211,1.);
#1211 = DIRECTION('',(1.,0.,-0.));
#1212 = PCURVE('',#94,#1213);
#1213 = DEFINITIONAL_REPRESENTATION('',(#1214),#1218);
#1214 = LINE('',#1215,#1216);
#1215 = CARTESIAN_POINT('',(0.,0.));
#1216 = VECTOR('',#1217,1.);
#1217 = DIRECTION('',(1.,0.));
#1218 = ( GEOMETRIC_REPRESENTATION_CONTEXT(2) 
PARAMETRIC_REPRESENTATION_CONTEXT() REPRESENTATION_CONTEXT('2D SPACE',''
  ) );
#1219 = PCURVE('',#66,#1220);
#1220 = DEFINITIONAL_REPRESENTATION('',(#1221),#1225);
#1221 = LINE('',#1222,#1223);
#1222 = CARTESIAN_POINT('',(0.,0.));
#1223 = VECTOR('',#1224,1.);
#1224 = DIRECTION('',(0.,1.));
#1225 = ( GEOMETRIC_REPRESENTATION_CONTEXT(2) 
PARAMETRIC_REPRESENTATION_CONTEXT() REPRESENTATION_CONTEXT('2D SPACE',''
  ) );
#1226 = FACE_BOUND('',#1227,.F.);
#1227 = EDGE_LOOP('',(#1228,#1253,#1281,#1309,#1337,#1360,#1383,#1411));
#1228 = ORIENTED_EDGE('',*,*,#1229,.F.);
#1229 = EDGE_CURVE('',#1230,#1232,#1234,.T.);
#1230 = VERTEX_POINT('',#1231);
#1231 = CARTESIAN_POINT('',(19.,115.44,0.));
#1232 = VERTEX_POINT('',#1233);
#1233 = CARTESIAN_POINT('',(142.58,115.44,0.));
#1234 = SURFACE_CURVE('',#1235,(#1239,#1246),.PCURVE_S1.);
#1235 = LINE('',#1236,#1237);
#1236 = CARTESIAN_POINT('',(9.42,115.44,0.));
#1237 = VECTOR('',#1238,1.);
#1238 = DIRECTION('',(1.,0.,-0.));
#1239 = PCURVE('',#94,#1240);
#1240 = DEFINITIONAL_REPRESENTATION('',(#1241),#1245);
#1241 = LINE('',#1242,#1243);
#1242 = CARTESIAN_POINT('',(0.,90.88));
#1243 = VECTOR('',#1244,1.);
#1244 = DIRECTION('',(1.,0.));
#1245 = ( GEOMETRIC_REPRESENTATION_CONTEXT(2) 
PARAMETRIC_REPRESENTATION_CONTEXT() REPRESENTATION_CONTEXT('2D SPACE',''
  ) );
#1246 = PCURVE('',#122,#1247);
#1247 = DEFINITIONAL_REPRESENTATION('',(#1248),#1252);
#1248 = LINE('',#1249,#1250);
#1249 = CARTESIAN_POINT('',(0.,0.));
#1250 = VECTOR('',#1251,1.);
#1251 = DIRECTION('',(0.,1.));
#1252 = ( GEOMETRIC_REPRESENTATION_CONTEXT(2) 
PARAMETRIC_REPRESENTATION_CONTEXT() REPRESENTATION_CONTEXT('2D SPACE',''
  ) );
#1253 = ORIENTED_EDGE('',*,*,#1254,.T.);
#1254 = EDGE_CURVE('',#1230,#1255,#1257,.T.);
#1255 = VERTEX_POINT('',#1256);
#1256 = CARTESIAN_POINT('',(19.,119.,0.));
#1257 = SURFACE_CURVE('',#1258,(#1262,#1269),.PCURVE_S1.);
#1258 = LINE('',#1259,#1260);
#1259 = CARTESIAN_POINT('',(19.,18.,0.));
#1260 = VECTOR('',#1261,1.);
#1261 = DIRECTION('',(-0.,1.,0.));
#1262 = PCURVE('',#94,#1263);
#1263 = DEFINITIONAL_REPRESENTATION('',(#1264),#1268);
#1264 = LINE('',#1265,#1266);
#1265 = CARTESIAN_POINT('',(9.58,-6.56));
#1266 = VECTOR('',#1267,1.);
#1267 = DIRECTION('',(0.,1.));
#1268 = ( GEOMETRIC_REPRESENTATION_CONTEXT(2) 
PARAMETRIC_REPRESENTATION_CONTEXT() REPRESENTATION_CONTEXT('2D SPACE',''
  ) );
#1269 = PCURVE('',#1270,#1275);
#1270 = PLANE('',#1271);
#1271 = AXIS2_PLACEMENT_3D('',#1272,#1273,#1274);
#1272 = CARTESIAN_POINT('',(19.,18.,0.));
#1273 = DIRECTION('',(1.,0.,-0.));
#1274 = DIRECTION('',(0.,0.,1.));
#1275 = DEFINITIONAL_REPRESENTATION('',(#1276),#1280);
#1276 = LINE('',#1277,#1278);
#1277 = CARTESIAN_POINT('',(0.,0.));
#1278 = VECTOR('',#1279,1.);
#1279 = DIRECTION('',(0.,-1.));
#1280 = ( GEOMETRIC_REPRESENTATION_CONTEXT(2) 
PARAMETRIC_REPRESENTATION_CONTEXT() REPRESENTATION_CONTEXT('2D SPACE',''
  ) );
#1281 = ORIENTED_EDGE('',*,*,#1282,.T.);
#1282 = EDGE_CURVE('',#1255,#1283,#1285,.T.);
#1283 = VERTEX_POINT('',#1284);
#1284 = CARTESIAN_POINT('',(191.,119.,0.));
#1285 = SURFACE_CURVE('',#1286,(#1290,#1297),.PCURVE_S1.);
#1286 = LINE('',#1287,#1288);
#1287 = CARTESIAN_POINT('',(16.,119.,0.));
#1288 = VECTOR('',#1289,1.);
#1289 = DIRECTION('',(1.,0.,-0.));
#1290 = PCURVE('',#94,#1291);
#1291 = DEFINITIONAL_REPRESENTATION('',(#1292),#1296);
#1292 = LINE('',#1293,#1294);
#1293 = CARTESIAN_POINT('',(6.58,94.44));
#1294 = VECTOR('',#1295,1.);
#1295 = DIRECTION('',(1.,0.));
#1296 = ( GEOMETRIC_REPRESENTATION_CONTEXT(2) 
PARAMETRIC_REPRESENTATION_CONTEXT() REPRESENTATION_CONTEXT('2D SPACE',''
  ) );
#1297 = PCURVE('',#1298,#1303);
#1298 = PLANE('',#1299);
#1299 = AXIS2_PLACEMENT_3D('',#1300,#1301,#1302);
#1300 = CARTESIAN_POINT('',(16.,119.,0.));
#1301 = DIRECTION('',(-0.,1.,0.));
#1302 = DIRECTION('',(0.,0.,1.));
#1303 = DEFINITIONAL_REPRESENTATION('',(#1304),#1308);
#1304 = LINE('',#1305,#1306);
#1305 = CARTESIAN_POINT('',(0.,0.));
#1306 = VECTOR('',#1307,1.);
#1307 = DIRECTION('',(0.,1.));
#1308 = ( GEOMETRIC_REPRESENTATION_CONTEXT(2) 
PARAMETRIC_REPRESENTATION_CONTEXT() REPRESENTATION_CONTEXT('2D SPACE',''
  ) );
#1309 = ORIENTED_EDGE('',*,*,#1310,.F.);
#1310 = EDGE_CURVE('',#1311,#1283,#1313,.T.);
#1311 = VERTEX_POINT('',#1312);
#1312 = CARTESIAN_POINT('',(191.,115.44,0.));
#1313 = SURFACE_CURVE('',#1314,(#1318,#1325),.PCURVE_S1.);
#1314 = LINE('',#1315,#1316);
#1315 = CARTESIAN_POINT('',(191.,18.,0.));
#1316 = VECTOR('',#1317,1.);
#1317 = DIRECTION('',(-0.,1.,0.));
#1318 = PCURVE('',#94,#1319);
#1319 = DEFINITIONAL_REPRESENTATION('',(#1320),#1324);
#1320 = LINE('',#1321,#1322);
#1321 = CARTESIAN_POINT('',(181.58,-6.56));
#1322 = VECTOR('',#1323,1.);
#1323 = DIRECTION('',(0.,1.));
#1324 = ( GEOMETRIC_REPRESENTATION_CONTEXT(2) 
PARAMETRIC_REPRESENTATION_CONTEXT() REPRESENTATION_CONTEXT('2D SPACE',''
  ) );
#1325 = PCURVE('',#1326,#1331);
#1326 = PLANE('',#1327);
#1327 = AXIS2_PLACEMENT_3D('',#1328,#1329,#1330);
#1328 = CARTESIAN_POINT('',(191.,18.,0.));
#1329 = DIRECTION('',(1.,0.,-0.));
#1330 = DIRECTION('',(0.,0.,1.));
#1331 = DEFINITIONAL_REPRESENTATION('',(#1332),#1336);
#1332 = LINE('',#1333,#1334);
#1333 = CARTESIAN_POINT('',(0.,0.));
#1334 = VECTOR('',#1335,1.);
#1335 = DIRECTION('',(0.,-1.));
#1336 = ( GEOMETRIC_REPRESENTATION_CONTEXT(2) 
PARAMETRIC_REPRESENTATION_CONTEXT() REPRESENTATION_CONTEXT('2D SPACE',''
  ) );
#1337 = ORIENTED_EDGE('',*,*,#1338,.F.);
#1338 = EDGE_CURVE('',#1339,#1311,#1341,.T.);
#1339 = VERTEX_POINT('',#1340);
#1340 = CARTESIAN_POINT('',(155.3,115.44,0.));
#1341 = SURFACE_CURVE('',#1342,(#1346,#1353),.PCURVE_S1.);
#1342 = LINE('',#1343,#1344);
#1343 = CARTESIAN_POINT('',(155.3,115.44,0.));
#1344 = VECTOR('',#1345,1.);
#1345 = DIRECTION('',(1.,0.,-0.));
#1346 = PCURVE('',#94,#1347);
#1347 = DEFINITIONAL_REPRESENTATION('',(#1348),#1352);
#1348 = LINE('',#1349,#1350);
#1349 = CARTESIAN_POINT('',(145.88,90.88));
#1350 = VECTOR('',#1351,1.);
#1351 = DIRECTION('',(1.,0.));
#1352 = ( GEOMETRIC_REPRESENTATION_CONTEXT(2) 
PARAMETRIC_REPRESENTATION_CONTEXT() REPRESENTATION_CONTEXT('2D SPACE',''
  ) );
#1353 = PCURVE('',#565,#1354);
#1354 = DEFINITIONAL_REPRESENTATION('',(#1355),#1359);
#1355 = LINE('',#1356,#1357);
#1356 = CARTESIAN_POINT('',(0.,0.));
#1357 = VECTOR('',#1358,1.);
#1358 = DIRECTION('',(0.,1.));
#1359 = ( GEOMETRIC_REPRESENTATION_CONTEXT(2) 
PARAMETRIC_REPRESENTATION_CONTEXT() REPRESENTATION_CONTEXT('2D SPACE',''
  ) );
#1360 = ORIENTED_EDGE('',*,*,#1361,.F.);
#1361 = EDGE_CURVE('',#1362,#1339,#1364,.T.);
#1362 = VERTEX_POINT('',#1363);
#1363 = CARTESIAN_POINT('',(155.3,104.,0.));
#1364 = SURFACE_CURVE('',#1365,(#1369,#1376),.PCURVE_S1.);
#1365 = LINE('',#1366,#1367);
#1366 = CARTESIAN_POINT('',(155.3,60.04,0.));
#1367 = VECTOR('',#1368,1.);
#1368 = DIRECTION('',(-0.,1.,0.));
#1369 = PCURVE('',#94,#1370);
#1370 = DEFINITIONAL_REPRESENTATION('',(#1371),#1375);
#1371 = LINE('',#1372,#1373);
#1372 = CARTESIAN_POINT('',(145.88,35.48));
#1373 = VECTOR('',#1374,1.);
#1374 = DIRECTION('',(0.,1.));
#1375 = ( GEOMETRIC_REPRESENTATION_CONTEXT(2) 
PARAMETRIC_REPRESENTATION_CONTEXT() REPRESENTATION_CONTEXT('2D SPACE',''
  ) );
#1376 = PCURVE('',#983,#1377);
#1377 = DEFINITIONAL_REPRESENTATION('',(#1378),#1382);
#1378 = LINE('',#1379,#1380);
#1379 = CARTESIAN_POINT('',(0.,0.));
#1380 = VECTOR('',#1381,1.);
#1381 = DIRECTION('',(0.,-1.));
#1382 = ( GEOMETRIC_REPRESENTATION_CONTEXT(2) 
PARAMETRIC_REPRESENTATION_CONTEXT() REPRESENTATION_CONTEXT('2D SPACE',''
  ) );
#1383 = ORIENTED_EDGE('',*,*,#1384,.F.);
#1384 = EDGE_CURVE('',#1385,#1362,#1387,.T.);
#1385 = VERTEX_POINT('',#1386);
#1386 = CARTESIAN_POINT('',(142.58,104.,0.));
#1387 = SURFACE_CURVE('',#1388,(#1392,#1399),.PCURVE_S1.);
#1388 = LINE('',#1389,#1390);
#1389 = CARTESIAN_POINT('',(140.,104.,0.));
#1390 = VECTOR('',#1391,1.);
#1391 = DIRECTION('',(1.,0.,-0.));
#1392 = PCURVE('',#94,#1393);
#1393 = DEFINITIONAL_REPRESENTATION('',(#1394),#1398);
#1394 = LINE('',#1395,#1396);
#1395 = CARTESIAN_POINT('',(130.58,79.44));
#1396 = VECTOR('',#1397,1.);
#1397 = DIRECTION('',(1.,0.));
#1398 = ( GEOMETRIC_REPRESENTATION_CONTEXT(2) 
PARAMETRIC_REPRESENTATION_CONTEXT() REPRESENTATION_CONTEXT('2D SPACE',''
  ) );
#1399 = PCURVE('',#1400,#1405);
#1400 = PLANE('',#1401);
#1401 = AXIS2_PLACEMENT_3D('',#1402,#1403,#1404);
#1402 = CARTESIAN_POINT('',(140.,104.,0.));
#1403 = DIRECTION('',(-0.,1.,0.));
#1404 = DIRECTION('',(0.,0.,1.));
#1405 = DEFINITIONAL_REPRESENTATION('',(#1406),#1410);
#1406 = LINE('',#1407,#1408);
#1407 = CARTESIAN_POINT('',(0.,0.));
#1408 = VECTOR('',#1409,1.);
#1409 = DIRECTION('',(0.,1.));
#1410 = ( GEOMETRIC_REPRESENTATION_CONTEXT(2) 
PARAMETRIC_REPRESENTATION_CONTEXT() REPRESENTATION_CONTEXT('2D SPACE',''
  ) );
#1411 = ORIENTED_EDGE('',*,*,#1412,.T.);
#1412 = EDGE_CURVE('',#1385,#1232,#1413,.T.);
#1413 = SURFACE_CURVE('',#1414,(#1418,#1425),.PCURVE_S1.);
#1414 = LINE('',#1415,#1416);
#1415 = CARTESIAN_POINT('',(142.58,24.56,0.));
#1416 = VECTOR('',#1417,1.);
#1417 = DIRECTION('',(-0.,1.,0.));
#1418 = PCURVE('',#94,#1419);
#1419 = DEFINITIONAL_REPRESENTATION('',(#1420),#1424);
#1420 = LINE('',#1421,#1422);
#1421 = CARTESIAN_POINT('',(133.16,0.));
#1422 = VECTOR('',#1423,1.);
#1423 = DIRECTION('',(0.,1.));
#1424 = ( GEOMETRIC_REPRESENTATION_CONTEXT(2) 
PARAMETRIC_REPRESENTATION_CONTEXT() REPRESENTATION_CONTEXT('2D SPACE',''
  ) );
#1425 = PCURVE('',#927,#1426);
#1426 = DEFINITIONAL_REPRESENTATION('',(#1427),#1431);
#1427 = LINE('',#1428,#1429);
#1428 = CARTESIAN_POINT('',(0.,0.));
#1429 = VECTOR('',#1430,1.);
#1430 = DIRECTION('',(0.,-1.));
#1431 = ( GEOMETRIC_REPRESENTATION_CONTEXT(2) 
PARAMETRIC_REPRESENTATION_CONTEXT() REPRESENTATION_CONTEXT('2D SPACE',''
  ) );
#1432 = FACE_BOUND('',#1433,.F.);
#1433 = EDGE_LOOP('',(#1434,#1463,#1491,#1518));
#1434 = ORIENTED_EDGE('',*,*,#1435,.T.);
#1435 = EDGE_CURVE('',#1436,#1438,#1440,.T.);
#1436 = VERTEX_POINT('',#1437);
#1437 = CARTESIAN_POINT('',(135.88,31.26,0.));
#1438 = VERTEX_POINT('',#1439);
#1439 = CARTESIAN_POINT('',(19.,31.26,0.));
#1440 = SURFACE_CURVE('',#1441,(#1445,#1452),.PCURVE_S1.);
#1441 = LINE('',#1442,#1443);
#1442 = CARTESIAN_POINT('',(12.77,31.26,0.));
#1443 = VECTOR('',#1444,1.);
#1444 = DIRECTION('',(-1.,-0.,0.));
#1445 = PCURVE('',#94,#1446);
#1446 = DEFINITIONAL_REPRESENTATION('',(#1447),#1451);
#1447 = LINE('',#1448,#1449);
#1448 = CARTESIAN_POINT('',(3.35,6.7));
#1449 = VECTOR('',#1450,1.);
#1450 = DIRECTION('',(-1.,0.));
#1451 = ( GEOMETRIC_REPRESENTATION_CONTEXT(2) 
PARAMETRIC_REPRESENTATION_CONTEXT() REPRESENTATION_CONTEXT('2D SPACE',''
  ) );
#1452 = PCURVE('',#1453,#1458);
#1453 = PLANE('',#1454);
#1454 = AXIS2_PLACEMENT_3D('',#1455,#1456,#1457);
#1455 = CARTESIAN_POINT('',(16.12,31.26,-1.));
#1456 = DIRECTION('',(-0.,1.,0.));
#1457 = DIRECTION('',(0.,0.,1.));
#1458 = DEFINITIONAL_REPRESENTATION('',(#1459),#1462);
#1459 = B_SPLINE_CURVE_WITH_KNOTS('',1,(#1460,#1461),.UNSPECIFIED.,.F.,
  .F.,(2,2),(-123.11,-3.35),.PIECEWISE_BEZIER_KNOTS.);
#1460 = CARTESIAN_POINT('',(1.,119.76));
#1461 = CARTESIAN_POINT('',(1.,0.));
#1462 = ( GEOMETRIC_REPRESENTATION_CONTEXT(2) 
PARAMETRIC_REPRESENTATION_CONTEXT() REPRESENTATION_CONTEXT('2D SPACE',''
  ) );
#1463 = ORIENTED_EDGE('',*,*,#1464,.T.);
#1464 = EDGE_CURVE('',#1438,#1465,#1467,.T.);
#1465 = VERTEX_POINT('',#1466);
#1466 = CARTESIAN_POINT('',(19.,108.74,0.));
#1467 = SURFACE_CURVE('',#1468,(#1472,#1479),.PCURVE_S1.);
#1468 = LINE('',#1469,#1470);
#1469 = CARTESIAN_POINT('',(19.,18.,0.));
#1470 = VECTOR('',#1471,1.);
#1471 = DIRECTION('',(-0.,1.,0.));
#1472 = PCURVE('',#94,#1473);
#1473 = DEFINITIONAL_REPRESENTATION('',(#1474),#1478);
#1474 = LINE('',#1475,#1476);
#1475 = CARTESIAN_POINT('',(9.58,-6.56));
#1476 = VECTOR('',#1477,1.);
#1477 = DIRECTION('',(0.,1.));
#1478 = ( GEOMETRIC_REPRESENTATION_CONTEXT(2) 
PARAMETRIC_REPRESENTATION_CONTEXT() REPRESENTATION_CONTEXT('2D SPACE',''
  ) );
#1479 = PCURVE('',#1480,#1485);
#1480 = PLANE('',#1481);
#1481 = AXIS2_PLACEMENT_3D('',#1482,#1483,#1484);
#1482 = CARTESIAN_POINT('',(19.,18.,0.));
#1483 = DIRECTION('',(1.,0.,-0.));
#1484 = DIRECTION('',(0.,0.,1.));
#1485 = DEFINITIONAL_REPRESENTATION('',(#1486),#1490);
#1486 = LINE('',#1487,#1488);
#1487 = CARTESIAN_POINT('',(0.,0.));
#1488 = VECTOR('',#1489,1.);
#1489 = DIRECTION('',(0.,-1.));
#1490 = ( GEOMETRIC_REPRESENTATION_CONTEXT(2) 
PARAMETRIC_REPRESENTATION_CONTEXT() REPRESENTATION_CONTEXT('2D SPACE',''
  ) );
#1491 = ORIENTED_EDGE('',*,*,#1492,.F.);
#1492 = EDGE_CURVE('',#1493,#1465,#1495,.T.);
#1493 = VERTEX_POINT('',#1494);
#1494 = CARTESIAN_POINT('',(135.88,108.74,0.));
#1495 = SURFACE_CURVE('',#1496,(#1500,#1507),.PCURVE_S1.);
#1496 = LINE('',#1497,#1498);
#1497 = CARTESIAN_POINT('',(12.77,108.74,0.));
#1498 = VECTOR('',#1499,1.);
#1499 = DIRECTION('',(-1.,-0.,0.));
#1500 = PCURVE('',#94,#1501);
#1501 = DEFINITIONAL_REPRESENTATION('',(#1502),#1506);
#1502 = LINE('',#1503,#1504);
#1503 = CARTESIAN_POINT('',(3.35,84.18));
#1504 = VECTOR('',#1505,1.);
#1505 = DIRECTION('',(-1.,0.));
#1506 = ( GEOMETRIC_REPRESENTATION_CONTEXT(2) 
PARAMETRIC_REPRESENTATION_CONTEXT() REPRESENTATION_CONTEXT('2D SPACE',''
  ) );
#1507 = PCURVE('',#1508,#1513);
#1508 = PLANE('',#1509);
#1509 = AXIS2_PLACEMENT_3D('',#1510,#1511,#1512);
#1510 = CARTESIAN_POINT('',(16.12,108.74,-1.));
#1511 = DIRECTION('',(-0.,1.,0.));
#1512 = DIRECTION('',(0.,0.,1.));
#1513 = DEFINITIONAL_REPRESENTATION('',(#1514),#1517);
#1514 = B_SPLINE_CURVE_WITH_KNOTS('',1,(#1515,#1516),.UNSPECIFIED.,.F.,
  .F.,(2,2),(-123.11,-3.35),.PIECEWISE_BEZIER_KNOTS.);
#1515 = CARTESIAN_POINT('',(1.,119.76));
#1516 = CARTESIAN_POINT('',(1.,0.));
#1517 = ( GEOMETRIC_REPRESENTATION_CONTEXT(2) 
PARAMETRIC_REPRESENTATION_CONTEXT() REPRESENTATION_CONTEXT('2D SPACE',''
  ) );
#1518 = ORIENTED_EDGE('',*,*,#1519,.F.);
#1519 = EDGE_CURVE('',#1436,#1493,#1520,.T.);
#1520 = SURFACE_CURVE('',#1521,(#1525,#1532),.PCURVE_S1.);
#1521 = LINE('',#1522,#1523);
#1522 = CARTESIAN_POINT('',(135.88,27.91,0.));
#1523 = VECTOR('',#1524,1.);
#1524 = DIRECTION('',(-0.,1.,0.));
#1525 = PCURVE('',#94,#1526);
#1526 = DEFINITIONAL_REPRESENTATION('',(#1527),#1531);
#1527 = LINE('',#1528,#1529);
#1528 = CARTESIAN_POINT('',(126.46,3.35));
#1529 = VECTOR('',#1530,1.);
#1530 = DIRECTION('',(0.,1.));
#1531 = ( GEOMETRIC_REPRESENTATION_CONTEXT(2) 
PARAMETRIC_REPRESENTATION_CONTEXT() REPRESENTATION_CONTEXT('2D SPACE',''
  ) );
#1532 = PCURVE('',#1533,#1538);
#1533 = PLANE('',#1534);
#1534 = AXIS2_PLACEMENT_3D('',#1535,#1536,#1537);
#1535 = CARTESIAN_POINT('',(135.88,31.26,-1.));
#1536 = DIRECTION('',(1.,0.,-0.));
#1537 = DIRECTION('',(0.,0.,1.));
#1538 = DEFINITIONAL_REPRESENTATION('',(#1539),#1542);
#1539 = B_SPLINE_CURVE_WITH_KNOTS('',1,(#1540,#1541),.UNSPECIFIED.,.F.,
  .F.,(2,2),(3.35,80.83),.PIECEWISE_BEZIER_KNOTS.);
#1540 = CARTESIAN_POINT('',(1.,0.));
#1541 = CARTESIAN_POINT('',(1.,-77.48));
#1542 = ( GEOMETRIC_REPRESENTATION_CONTEXT(2) 
PARAMETRIC_REPRESENTATION_CONTEXT() REPRESENTATION_CONTEXT('2D SPACE',''
  ) );
#1543 = FACE_BOUND('',#1544,.F.);
#1544 = EDGE_LOOP('',(#1545,#1574,#1607,#1634));
#1545 = ORIENTED_EDGE('',*,*,#1546,.F.);
#1546 = EDGE_CURVE('',#1547,#1549,#1551,.T.);
#1547 = VERTEX_POINT('',#1548);
#1548 = CARTESIAN_POINT('',(11.25,9.75,0.));
#1549 = VERTEX_POINT('',#1550);
#1550 = CARTESIAN_POINT('',(20.75,9.75,0.));
#1551 = SURFACE_CURVE('',#1552,(#1556,#1563),.PCURVE_S1.);
#1552 = LINE('',#1553,#1554);
#1553 = CARTESIAN_POINT('',(12.375,9.75,0.));
#1554 = VECTOR('',#1555,1.);
#1555 = DIRECTION('',(1.,0.,-0.));
#1556 = PCURVE('',#94,#1557);
#1557 = DEFINITIONAL_REPRESENTATION('',(#1558),#1562);
#1558 = LINE('',#1559,#1560);
#1559 = CARTESIAN_POINT('',(2.955,-14.81));
#1560 = VECTOR('',#1561,1.);
#1561 = DIRECTION('',(1.,0.));
#1562 = ( GEOMETRIC_REPRESENTATION_CONTEXT(2) 
PARAMETRIC_REPRESENTATION_CONTEXT() REPRESENTATION_CONTEXT('2D SPACE',''
  ) );
#1563 = PCURVE('',#1564,#1569);
#1564 = PLANE('',#1565);
#1565 = AXIS2_PLACEMENT_3D('',#1566,#1567,#1568);
#1566 = CARTESIAN_POINT('',(20.75,9.75,-1.));
#1567 = DIRECTION('',(0.,-1.,0.));
#1568 = DIRECTION('',(-1.,0.,0.));
#1569 = DEFINITIONAL_REPRESENTATION('',(#1570),#1573);
#1570 = B_SPLINE_CURVE_WITH_KNOTS('',1,(#1571,#1572),.UNSPECIFIED.,.F.,
  .F.,(2,2),(-1.125,8.375),.PIECEWISE_BEZIER_KNOTS.);
#1571 = CARTESIAN_POINT('',(9.5,-1.));
#1572 = CARTESIAN_POINT('',(0.,-1.));
#1573 = ( GEOMETRIC_REPRESENTATION_CONTEXT(2) 
PARAMETRIC_REPRESENTATION_CONTEXT() REPRESENTATION_CONTEXT('2D SPACE',''
  ) );
#1574 = ORIENTED_EDGE('',*,*,#1575,.T.);
#1575 = EDGE_CURVE('',#1547,#1576,#1578,.T.);
#1576 = VERTEX_POINT('',#1577);
#1577 = CARTESIAN_POINT('',(11.25,14.25,0.));
#1578 = SURFACE_CURVE('',#1579,(#1584,#1595),.PCURVE_S1.);
#1579 = CIRCLE('',#1580,2.25);
#1580 = AXIS2_PLACEMENT_3D('',#1581,#1582,#1583);
#1581 = CARTESIAN_POINT('',(11.25,12.,0.));
#1582 = DIRECTION('',(0.,-0.,-1.));
#1583 = DIRECTION('',(0.,-1.,0.));
#1584 = PCURVE('',#94,#1585);
#1585 = DEFINITIONAL_REPRESENTATION('',(#1586),#1594);
#1586 = ( BOUNDED_CURVE() B_SPLINE_CURVE(2,(#1587,#1588,#1589,#1590,
#1591,#1592,#1593),.UNSPECIFIED.,.T.,.F.) B_SPLINE_CURVE_WITH_KNOTS((1,2
    ,2,2,2,1),(-2.094395102393,0.,2.094395102393,4.188790204786,
6.28318530718,8.377580409573),.UNSPECIFIED.) CURVE() 
GEOMETRIC_REPRESENTATION_ITEM() RATIONAL_B_SPLINE_CURVE((1.,0.5,1.,0.5,
1.,0.5,1.)) REPRESENTATION_ITEM('') );
#1587 = CARTESIAN_POINT('',(1.83,-14.81));
#1588 = CARTESIAN_POINT('',(-2.06711431703,-14.81));
#1589 = CARTESIAN_POINT('',(-0.118557158515,-11.435));
#1590 = CARTESIAN_POINT('',(1.83,-8.06));
#1591 = CARTESIAN_POINT('',(3.778557158515,-11.435));
#1592 = CARTESIAN_POINT('',(5.72711431703,-14.81));
#1593 = CARTESIAN_POINT('',(1.83,-14.81));
#1594 = ( GEOMETRIC_REPRESENTATION_CONTEXT(2) 
PARAMETRIC_REPRESENTATION_CONTEXT() REPRESENTATION_CONTEXT('2D SPACE',''
  ) );
#1595 = PCURVE('',#1596,#1601);
#1596 = CYLINDRICAL_SURFACE('',#1597,2.25);
#1597 = AXIS2_PLACEMENT_3D('',#1598,#1599,#1600);
#1598 = CARTESIAN_POINT('',(11.25,12.,-1.));
#1599 = DIRECTION('',(0.,-0.,-1.));
#1600 = DIRECTION('',(0.,-1.,0.));
#1601 = DEFINITIONAL_REPRESENTATION('',(#1602),#1606);
#1602 = LINE('',#1603,#1604);
#1603 = CARTESIAN_POINT('',(0.,-1.));
#1604 = VECTOR('',#1605,1.);
#1605 = DIRECTION('',(1.,0.));
#1606 = ( GEOMETRIC_REPRESENTATION_CONTEXT(2) 
PARAMETRIC_REPRESENTATION_CONTEXT() REPRESENTATION_CONTEXT('2D SPACE',''
  ) );
#1607 = ORIENTED_EDGE('',*,*,#1608,.F.);
#1608 = EDGE_CURVE('',#1609,#1576,#1611,.T.);
#1609 = VERTEX_POINT('',#1610);
#1610 = CARTESIAN_POINT('',(20.75,14.25,0.));
#1611 = SURFACE_CURVE('',#1612,(#1616,#1623),.PCURVE_S1.);
#1612 = LINE('',#1613,#1614);
#1613 = CARTESIAN_POINT('',(7.625,14.25,0.));
#1614 = VECTOR('',#1615,1.);
#1615 = DIRECTION('',(-1.,0.,0.));
#1616 = PCURVE('',#94,#1617);
#1617 = DEFINITIONAL_REPRESENTATION('',(#1618),#1622);
#1618 = LINE('',#1619,#1620);
#1619 = CARTESIAN_POINT('',(-1.795,-10.31));
#1620 = VECTOR('',#1621,1.);
#1621 = DIRECTION('',(-1.,0.));
#1622 = ( GEOMETRIC_REPRESENTATION_CONTEXT(2) 
PARAMETRIC_REPRESENTATION_CONTEXT() REPRESENTATION_CONTEXT('2D SPACE',''
  ) );
#1623 = PCURVE('',#1624,#1629);
#1624 = PLANE('',#1625);
#1625 = AXIS2_PLACEMENT_3D('',#1626,#1627,#1628);
#1626 = CARTESIAN_POINT('',(11.25,14.25,-1.));
#1627 = DIRECTION('',(0.,1.,0.));
#1628 = DIRECTION('',(1.,0.,0.));
#1629 = DEFINITIONAL_REPRESENTATION('',(#1630),#1633);
#1630 = B_SPLINE_CURVE_WITH_KNOTS('',1,(#1631,#1632),.UNSPECIFIED.,.F.,
  .F.,(2,2),(-13.125,-3.625),.PIECEWISE_BEZIER_KNOTS.);
#1631 = CARTESIAN_POINT('',(9.5,-1.));
#1632 = CARTESIAN_POINT('',(0.,-1.));
#1633 = ( GEOMETRIC_REPRESENTATION_CONTEXT(2) 
PARAMETRIC_REPRESENTATION_CONTEXT() REPRESENTATION_CONTEXT('2D SPACE',''
  ) );
#1634 = ORIENTED_EDGE('',*,*,#1635,.T.);
#1635 = EDGE_CURVE('',#1609,#1549,#1636,.T.);
#1636 = SURFACE_CURVE('',#1637,(#1642,#1653),.PCURVE_S1.);
#1637 = CIRCLE('',#1638,2.25);
#1638 = AXIS2_PLACEMENT_3D('',#1639,#1640,#1641);
#1639 = CARTESIAN_POINT('',(20.75,12.,0.));
#1640 = DIRECTION('',(0.,0.,-1.));
#1641 = DIRECTION('',(0.,1.,0.));
#1642 = PCURVE('',#94,#1643);
#1643 = DEFINITIONAL_REPRESENTATION('',(#1644),#1652);
#1644 = ( BOUNDED_CURVE() B_SPLINE_CURVE(2,(#1645,#1646,#1647,#1648,
#1649,#1650,#1651),.UNSPECIFIED.,.T.,.F.) B_SPLINE_CURVE_WITH_KNOTS((1,2
    ,2,2,2,1),(-2.094395102393,0.,2.094395102393,4.188790204786,
6.28318530718,8.377580409573),.UNSPECIFIED.) CURVE() 
GEOMETRIC_REPRESENTATION_ITEM() RATIONAL_B_SPLINE_CURVE((1.,0.5,1.,0.5,
1.,0.5,1.)) REPRESENTATION_ITEM('') );
#1645 = CARTESIAN_POINT('',(11.33,-10.31));
#1646 = CARTESIAN_POINT('',(15.22711431703,-10.31));
#1647 = CARTESIAN_POINT('',(13.278557158515,-13.685));
#1648 = CARTESIAN_POINT('',(11.33,-17.06));
#1649 = CARTESIAN_POINT('',(9.381442841485,-13.685));
#1650 = CARTESIAN_POINT('',(7.43288568297,-10.31));
#1651 = CARTESIAN_POINT('',(11.33,-10.31));
#1652 = ( GEOMETRIC_REPRESENTATION_CONTEXT(2) 
PARAMETRIC_REPRESENTATION_CONTEXT() REPRESENTATION_CONTEXT('2D SPACE',''
  ) );
#1653 = PCURVE('',#1654,#1659);
#1654 = CYLINDRICAL_SURFACE('',#1655,2.25);
#1655 = AXIS2_PLACEMENT_3D('',#1656,#1657,#1658);
#1656 = CARTESIAN_POINT('',(20.75,12.,-1.));
#1657 = DIRECTION('',(0.,0.,-1.));
#1658 = DIRECTION('',(0.,1.,0.));
#1659 = DEFINITIONAL_REPRESENTATION('',(#1660),#1664);
#1660 = LINE('',#1661,#1662);
#1661 = CARTESIAN_POINT('',(0.,-1.));
#1662 = VECTOR('',#1663,1.);
#1663 = DIRECTION('',(1.,0.));
#1664 = ( GEOMETRIC_REPRESENTATION_CONTEXT(2) 
PARAMETRIC_REPRESENTATION_CONTEXT() REPRESENTATION_CONTEXT('2D SPACE',''
  ) );
#1665 = FACE_BOUND('',#1666,.F.);
#1666 = EDGE_LOOP('',(#1667,#1702,#1729,#1762));
#1667 = ORIENTED_EDGE('',*,*,#1668,.T.);
#1668 = EDGE_CURVE('',#1669,#1671,#1673,.T.);
#1669 = VERTEX_POINT('',#1670);
#1670 = CARTESIAN_POINT('',(11.25,125.75,0.));
#1671 = VERTEX_POINT('',#1672);
#1672 = CARTESIAN_POINT('',(11.25,130.25,0.));
#1673 = SURFACE_CURVE('',#1674,(#1679,#1690),.PCURVE_S1.);
#1674 = CIRCLE('',#1675,2.25);
#1675 = AXIS2_PLACEMENT_3D('',#1676,#1677,#1678);
#1676 = CARTESIAN_POINT('',(11.25,128.,0.));
#1677 = DIRECTION('',(0.,-0.,-1.));
#1678 = DIRECTION('',(0.,-1.,0.));
#1679 = PCURVE('',#94,#1680);
#1680 = DEFINITIONAL_REPRESENTATION('',(#1681),#1689);
#1681 = ( BOUNDED_CURVE() B_SPLINE_CURVE(2,(#1682,#1683,#1684,#1685,
#1686,#1687,#1688),.UNSPECIFIED.,.T.,.F.) B_SPLINE_CURVE_WITH_KNOTS((1,2
    ,2,2,2,1),(-2.094395102393,0.,2.094395102393,4.188790204786,
6.28318530718,8.377580409573),.UNSPECIFIED.) CURVE() 
GEOMETRIC_REPRESENTATION_ITEM() RATIONAL_B_SPLINE_CURVE((1.,0.5,1.,0.5,
1.,0.5,1.)) REPRESENTATION_ITEM('') );
#1682 = CARTESIAN_POINT('',(1.83,101.19));
#1683 = CARTESIAN_POINT('',(-2.06711431703,101.19));
#1684 = CARTESIAN_POINT('',(-0.118557158515,104.565));
#1685 = CARTESIAN_POINT('',(1.83,107.94));
#1686 = CARTESIAN_POINT('',(3.778557158515,104.565));
#1687 = CARTESIAN_POINT('',(5.72711431703,101.19));
#1688 = CARTESIAN_POINT('',(1.83,101.19));
#1689 = ( GEOMETRIC_REPRESENTATION_CONTEXT(2) 
PARAMETRIC_REPRESENTATION_CONTEXT() REPRESENTATION_CONTEXT('2D SPACE',''
  ) );
#1690 = PCURVE('',#1691,#1696);
#1691 = CYLINDRICAL_SURFACE('',#1692,2.25);
#1692 = AXIS2_PLACEMENT_3D('',#1693,#1694,#1695);
#1693 = CARTESIAN_POINT('',(11.25,128.,-1.));
#1694 = DIRECTION('',(0.,-0.,-1.));
#1695 = DIRECTION('',(0.,-1.,0.));
#1696 = DEFINITIONAL_REPRESENTATION('',(#1697),#1701);
#1697 = LINE('',#1698,#1699);
#1698 = CARTESIAN_POINT('',(0.,-1.));
#1699 = VECTOR('',#1700,1.);
#1700 = DIRECTION('',(1.,0.));
#1701 = ( GEOMETRIC_REPRESENTATION_CONTEXT(2) 
PARAMETRIC_REPRESENTATION_CONTEXT() REPRESENTATION_CONTEXT('2D SPACE',''
  ) );
#1702 = ORIENTED_EDGE('',*,*,#1703,.F.);
#1703 = EDGE_CURVE('',#1704,#1671,#1706,.T.);
#1704 = VERTEX_POINT('',#1705);
#1705 = CARTESIAN_POINT('',(20.75,130.25,0.));
#1706 = SURFACE_CURVE('',#1707,(#1711,#1718),.PCURVE_S1.);
#1707 = LINE('',#1708,#1709);
#1708 = CARTESIAN_POINT('',(7.625,130.25,0.));
#1709 = VECTOR('',#1710,1.);
#1710 = DIRECTION('',(-1.,0.,0.));
#1711 = PCURVE('',#94,#1712);
#1712 = DEFINITIONAL_REPRESENTATION('',(#1713),#1717);
#1713 = LINE('',#1714,#1715);
#1714 = CARTESIAN_POINT('',(-1.795,105.69));
#1715 = VECTOR('',#1716,1.);
#1716 = DIRECTION('',(-1.,0.));
#1717 = ( GEOMETRIC_REPRESENTATION_CONTEXT(2) 
PARAMETRIC_REPRESENTATION_CONTEXT() REPRESENTATION_CONTEXT('2D SPACE',''
  ) );
#1718 = PCURVE('',#1719,#1724);
#1719 = PLANE('',#1720);
#1720 = AXIS2_PLACEMENT_3D('',#1721,#1722,#1723);
#1721 = CARTESIAN_POINT('',(11.25,130.25,-1.));
#1722 = DIRECTION('',(0.,1.,0.));
#1723 = DIRECTION('',(1.,0.,0.));
#1724 = DEFINITIONAL_REPRESENTATION('',(#1725),#1728);
#1725 = B_SPLINE_CURVE_WITH_KNOTS('',1,(#1726,#1727),.UNSPECIFIED.,.F.,
  .F.,(2,2),(-13.125,-3.625),.PIECEWISE_BEZIER_KNOTS.);
#1726 = CARTESIAN_POINT('',(9.5,-1.));
#1727 = CARTESIAN_POINT('',(0.,-1.));
#1728 = ( GEOMETRIC_REPRESENTATION_CONTEXT(2) 
PARAMETRIC_REPRESENTATION_CONTEXT() REPRESENTATION_CONTEXT('2D SPACE',''
  ) );
#1729 = ORIENTED_EDGE('',*,*,#1730,.T.);
#1730 = EDGE_CURVE('',#1704,#1731,#1733,.T.);
#1731 = VERTEX_POINT('',#1732);
#1732 = CARTESIAN_POINT('',(20.75,125.75,0.));
#1733 = SURFACE_CURVE('',#1734,(#1739,#1750),.PCURVE_S1.);
#1734 = CIRCLE('',#1735,2.25);
#1735 = AXIS2_PLACEMENT_3D('',#1736,#1737,#1738);
#1736 = CARTESIAN_POINT('',(20.75,128.,0.));
#1737 = DIRECTION('',(0.,0.,-1.));
#1738 = DIRECTION('',(0.,1.,0.));
#1739 = PCURVE('',#94,#1740);
#1740 = DEFINITIONAL_REPRESENTATION('',(#1741),#1749);
#1741 = ( BOUNDED_CURVE() B_SPLINE_CURVE(2,(#1742,#1743,#1744,#1745,
#1746,#1747,#1748),.UNSPECIFIED.,.T.,.F.) B_SPLINE_CURVE_WITH_KNOTS((1,2
    ,2,2,2,1),(-2.094395102393,0.,2.094395102393,4.188790204786,
6.28318530718,8.377580409573),.UNSPECIFIED.) CURVE() 
GEOMETRIC_REPRESENTATION_ITEM() RATIONAL_B_SPLINE_CURVE((1.,0.5,1.,0.5,
1.,0.5,1.)) REPRESENTATION_ITEM('') );
#1742 = CARTESIAN_POINT('',(11.33,105.69));
#1743 = CARTESIAN_POINT('',(15.22711431703,105.69));
#1744 = CARTESIAN_POINT('',(13.278557158515,102.315));
#1745 = CARTESIAN_POINT('',(11.33,98.94));
#1746 = CARTESIAN_POINT('',(9.381442841485,102.315));
#1747 = CARTESIAN_POINT('',(7.43288568297,105.69));
#1748 = CARTESIAN_POINT('',(11.33,105.69));
#1749 = ( GEOMETRIC_REPRESENTATION_CONTEXT(2) 
PARAMETRIC_REPRESENTATION_CONTEXT() REPRESENTATION_CONTEXT('2D SPACE',''
  ) );
#1750 = PCURVE('',#1751,#1756);
#1751 = CYLINDRICAL_SURFACE('',#1752,2.25);
#1752 = AXIS2_PLACEMENT_3D('',#1753,#1754,#1755);
#1753 = CARTESIAN_POINT('',(20.75,128.,-1.));
#1754 = DIRECTION('',(0.,0.,-1.));
#1755 = DIRECTION('',(0.,1.,0.));
#1756 = DEFINITIONAL_REPRESENTATION('',(#1757),#1761);
#1757 = LINE('',#1758,#1759);
#1758 = CARTESIAN_POINT('',(0.,-1.));
#1759 = VECTOR('',#1760,1.);
#1760 = DIRECTION('',(1.,0.));
#1761 = ( GEOMETRIC_REPRESENTATION_CONTEXT(2) 
PARAMETRIC_REPRESENTATION_CONTEXT() REPRESENTATION_CONTEXT('2D SPACE',''
  ) );
#1762 = ORIENTED_EDGE('',*,*,#1763,.F.);
#1763 = EDGE_CURVE('',#1669,#1731,#1764,.T.);
#1764 = SURFACE_CURVE('',#1765,(#1769,#1776),.PCURVE_S1.);
#1765 = LINE('',#1766,#1767);
#1766 = CARTESIAN_POINT('',(12.375,125.75,0.));
#1767 = VECTOR('',#1768,1.);
#1768 = DIRECTION('',(1.,0.,-0.));
#1769 = PCURVE('',#94,#1770);
#1770 = DEFINITIONAL_REPRESENTATION('',(#1771),#1775);
#1771 = LINE('',#1772,#1773);
#1772 = CARTESIAN_POINT('',(2.955,101.19));
#1773 = VECTOR('',#1774,1.);
#1774 = DIRECTION('',(1.,0.));
#1775 = ( GEOMETRIC_REPRESENTATION_CONTEXT(2) 
PARAMETRIC_REPRESENTATION_CONTEXT() REPRESENTATION_CONTEXT('2D SPACE',''
  ) );
#1776 = PCURVE('',#1777,#1782);
#1777 = PLANE('',#1778);
#1778 = AXIS2_PLACEMENT_3D('',#1779,#1780,#1781);
#1779 = CARTESIAN_POINT('',(20.75,125.75,-1.));
#1780 = DIRECTION('',(0.,-1.,0.));
#1781 = DIRECTION('',(-1.,0.,0.));
#1782 = DEFINITIONAL_REPRESENTATION('',(#1783),#1786);
#1783 = B_SPLINE_CURVE_WITH_KNOTS('',1,(#1784,#1785),.UNSPECIFIED.,.F.,
  .F.,(2,2),(-1.125,8.375),.PIECEWISE_BEZIER_KNOTS.);
#1784 = CARTESIAN_POINT('',(9.5,-1.));
#1785 = CARTESIAN_POINT('',(0.,-1.));
#1786 = ( GEOMETRIC_REPRESENTATION_CONTEXT(2) 
PARAMETRIC_REPRESENTATION_CONTEXT() REPRESENTATION_CONTEXT('2D SPACE',''
  ) );
#1787 = FACE_BOUND('',#1788,.F.);
#1788 = EDGE_LOOP('',(#1789,#1818,#1846,#1874,#1902,#1930,#1958,#1986,
    #2014,#2042,#2070,#2098,#2126,#2154,#2182,#2209,#2236,#2264,#2292,
    #2320,#2342,#2370,#2398,#2426));
#1789 = ORIENTED_EDGE('',*,*,#1790,.F.);
#1790 = EDGE_CURVE('',#1791,#1793,#1795,.T.);
#1791 = VERTEX_POINT('',#1792);
#1792 = CARTESIAN_POINT('',(191.,113.04,0.));
#1793 = VERTEX_POINT('',#1794);
#1794 = CARTESIAN_POINT('',(157.7,113.04,0.));
#1795 = SURFACE_CURVE('',#1796,(#1800,#1807),.PCURVE_S1.);
#1796 = LINE('',#1797,#1798);
#1797 = CARTESIAN_POINT('',(156.5,113.04,0.));
#1798 = VECTOR('',#1799,1.);
#1799 = DIRECTION('',(-1.,-0.,0.));
#1800 = PCURVE('',#94,#1801);
#1801 = DEFINITIONAL_REPRESENTATION('',(#1802),#1806);
#1802 = LINE('',#1803,#1804);
#1803 = CARTESIAN_POINT('',(147.08,88.48));
#1804 = VECTOR('',#1805,1.);
#1805 = DIRECTION('',(-1.,0.));
#1806 = ( GEOMETRIC_REPRESENTATION_CONTEXT(2) 
PARAMETRIC_REPRESENTATION_CONTEXT() REPRESENTATION_CONTEXT('2D SPACE',''
  ) );
#1807 = PCURVE('',#1808,#1813);
#1808 = PLANE('',#1809);
#1809 = AXIS2_PLACEMENT_3D('',#1810,#1811,#1812);
#1810 = CARTESIAN_POINT('',(157.7,113.04,-1.));
#1811 = DIRECTION('',(-0.,1.,0.));
#1812 = DIRECTION('',(0.,0.,1.));
#1813 = DEFINITIONAL_REPRESENTATION('',(#1814),#1817);
#1814 = B_SPLINE_CURVE_WITH_KNOTS('',1,(#1815,#1816),.UNSPECIFIED.,.F.,
  .F.,(2,2),(-51.8,-1.2),.PIECEWISE_BEZIER_KNOTS.);
#1815 = CARTESIAN_POINT('',(1.,50.6));
#1816 = CARTESIAN_POINT('',(1.,0.));
#1817 = ( GEOMETRIC_REPRESENTATION_CONTEXT(2) 
PARAMETRIC_REPRESENTATION_CONTEXT() REPRESENTATION_CONTEXT('2D SPACE',''
  ) );
#1818 = ORIENTED_EDGE('',*,*,#1819,.F.);
#1819 = EDGE_CURVE('',#1820,#1791,#1822,.T.);
#1820 = VERTEX_POINT('',#1821);
#1821 = CARTESIAN_POINT('',(191.,90.74,0.));
#1822 = SURFACE_CURVE('',#1823,(#1827,#1834),.PCURVE_S1.);
#1823 = LINE('',#1824,#1825);
#1824 = CARTESIAN_POINT('',(191.,18.,0.));
#1825 = VECTOR('',#1826,1.);
#1826 = DIRECTION('',(-0.,1.,0.));
#1827 = PCURVE('',#94,#1828);
#1828 = DEFINITIONAL_REPRESENTATION('',(#1829),#1833);
#1829 = LINE('',#1830,#1831);
#1830 = CARTESIAN_POINT('',(181.58,-6.56));
#1831 = VECTOR('',#1832,1.);
#1832 = DIRECTION('',(0.,1.));
#1833 = ( GEOMETRIC_REPRESENTATION_CONTEXT(2) 
PARAMETRIC_REPRESENTATION_CONTEXT() REPRESENTATION_CONTEXT('2D SPACE',''
  ) );
#1834 = PCURVE('',#1835,#1840);
#1835 = PLANE('',#1836);
#1836 = AXIS2_PLACEMENT_3D('',#1837,#1838,#1839);
#1837 = CARTESIAN_POINT('',(191.,18.,0.));
#1838 = DIRECTION('',(1.,0.,-0.));
#1839 = DIRECTION('',(0.,0.,1.));
#1840 = DEFINITIONAL_REPRESENTATION('',(#1841),#1845);
#1841 = LINE('',#1842,#1843);
#1842 = CARTESIAN_POINT('',(0.,0.));
#1843 = VECTOR('',#1844,1.);
#1844 = DIRECTION('',(0.,-1.));
#1845 = ( GEOMETRIC_REPRESENTATION_CONTEXT(2) 
PARAMETRIC_REPRESENTATION_CONTEXT() REPRESENTATION_CONTEXT('2D SPACE',''
  ) );
#1846 = ORIENTED_EDGE('',*,*,#1847,.F.);
#1847 = EDGE_CURVE('',#1848,#1820,#1850,.T.);
#1848 = VERTEX_POINT('',#1849);
#1849 = CARTESIAN_POINT('',(186.,90.74,0.));
#1850 = SURFACE_CURVE('',#1851,(#1855,#1862),.PCURVE_S1.);
#1851 = LINE('',#1852,#1853);
#1852 = CARTESIAN_POINT('',(158.,90.74,0.));
#1853 = VECTOR('',#1854,1.);
#1854 = DIRECTION('',(1.,0.,-0.));
#1855 = PCURVE('',#94,#1856);
#1856 = DEFINITIONAL_REPRESENTATION('',(#1857),#1861);
#1857 = LINE('',#1858,#1859);
#1858 = CARTESIAN_POINT('',(148.58,66.18));
#1859 = VECTOR('',#1860,1.);
#1860 = DIRECTION('',(1.,0.));
#1861 = ( GEOMETRIC_REPRESENTATION_CONTEXT(2) 
PARAMETRIC_REPRESENTATION_CONTEXT() REPRESENTATION_CONTEXT('2D SPACE',''
  ) );
#1862 = PCURVE('',#1863,#1868);
#1863 = PLANE('',#1864);
#1864 = AXIS2_PLACEMENT_3D('',#1865,#1866,#1867);
#1865 = CARTESIAN_POINT('',(158.,90.74,0.));
#1866 = DIRECTION('',(-0.,1.,0.));
#1867 = DIRECTION('',(0.,0.,1.));
#1868 = DEFINITIONAL_REPRESENTATION('',(#1869),#1873);
#1869 = LINE('',#1870,#1871);
#1870 = CARTESIAN_POINT('',(0.,0.));
#1871 = VECTOR('',#1872,1.);
#1872 = DIRECTION('',(0.,1.));
#1873 = ( GEOMETRIC_REPRESENTATION_CONTEXT(2) 
PARAMETRIC_REPRESENTATION_CONTEXT() REPRESENTATION_CONTEXT('2D SPACE',''
  ) );
#1874 = ORIENTED_EDGE('',*,*,#1875,.T.);
#1875 = EDGE_CURVE('',#1848,#1876,#1878,.T.);
#1876 = VERTEX_POINT('',#1877);
#1877 = CARTESIAN_POINT('',(186.,112.74,0.));
#1878 = SURFACE_CURVE('',#1879,(#1883,#1890),.PCURVE_S1.);
#1879 = LINE('',#1880,#1881);
#1880 = CARTESIAN_POINT('',(186.,62.74,0.));
#1881 = VECTOR('',#1882,1.);
#1882 = DIRECTION('',(-0.,1.,0.));
#1883 = PCURVE('',#94,#1884);
#1884 = DEFINITIONAL_REPRESENTATION('',(#1885),#1889);
#1885 = LINE('',#1886,#1887);
#1886 = CARTESIAN_POINT('',(176.58,38.18));
#1887 = VECTOR('',#1888,1.);
#1888 = DIRECTION('',(0.,1.));
#1889 = ( GEOMETRIC_REPRESENTATION_CONTEXT(2) 
PARAMETRIC_REPRESENTATION_CONTEXT() REPRESENTATION_CONTEXT('2D SPACE',''
  ) );
#1890 = PCURVE('',#1891,#1896);
#1891 = PLANE('',#1892);
#1892 = AXIS2_PLACEMENT_3D('',#1893,#1894,#1895);
#1893 = CARTESIAN_POINT('',(186.,62.74,0.));
#1894 = DIRECTION('',(1.,0.,-0.));
#1895 = DIRECTION('',(0.,0.,1.));
#1896 = DEFINITIONAL_REPRESENTATION('',(#1897),#1901);
#1897 = LINE('',#1898,#1899);
#1898 = CARTESIAN_POINT('',(0.,0.));
#1899 = VECTOR('',#1900,1.);
#1900 = DIRECTION('',(0.,-1.));
#1901 = ( GEOMETRIC_REPRESENTATION_CONTEXT(2) 
PARAMETRIC_REPRESENTATION_CONTEXT() REPRESENTATION_CONTEXT('2D SPACE',''
  ) );
#1902 = ORIENTED_EDGE('',*,*,#1903,.F.);
#1903 = EDGE_CURVE('',#1904,#1876,#1906,.T.);
#1904 = VERTEX_POINT('',#1905);
#1905 = CARTESIAN_POINT('',(180.,112.74,0.));
#1906 = SURFACE_CURVE('',#1907,(#1911,#1918),.PCURVE_S1.);
#1907 = LINE('',#1908,#1909);
#1908 = CARTESIAN_POINT('',(180.,112.74,0.));
#1909 = VECTOR('',#1910,1.);
#1910 = DIRECTION('',(1.,0.,-0.));
#1911 = PCURVE('',#94,#1912);
#1912 = DEFINITIONAL_REPRESENTATION('',(#1913),#1917);
#1913 = LINE('',#1914,#1915);
#1914 = CARTESIAN_POINT('',(170.58,88.18));
#1915 = VECTOR('',#1916,1.);
#1916 = DIRECTION('',(1.,0.));
#1917 = ( GEOMETRIC_REPRESENTATION_CONTEXT(2) 
PARAMETRIC_REPRESENTATION_CONTEXT() REPRESENTATION_CONTEXT('2D SPACE',''
  ) );
#1918 = PCURVE('',#1919,#1924);
#1919 = PLANE('',#1920);
#1920 = AXIS2_PLACEMENT_3D('',#1921,#1922,#1923);
#1921 = CARTESIAN_POINT('',(180.,112.74,0.));
#1922 = DIRECTION('',(-0.,1.,0.));
#1923 = DIRECTION('',(0.,0.,1.));
#1924 = DEFINITIONAL_REPRESENTATION('',(#1925),#1929);
#1925 = LINE('',#1926,#1927);
#1926 = CARTESIAN_POINT('',(0.,0.));
#1927 = VECTOR('',#1928,1.);
#1928 = DIRECTION('',(0.,1.));
#1929 = ( GEOMETRIC_REPRESENTATION_CONTEXT(2) 
PARAMETRIC_REPRESENTATION_CONTEXT() REPRESENTATION_CONTEXT('2D SPACE',''
  ) );
#1930 = ORIENTED_EDGE('',*,*,#1931,.F.);
#1931 = EDGE_CURVE('',#1932,#1904,#1934,.T.);
#1932 = VERTEX_POINT('',#1933);
#1933 = CARTESIAN_POINT('',(180.,90.74,0.));
#1934 = SURFACE_CURVE('',#1935,(#1939,#1946),.PCURVE_S1.);
#1935 = LINE('',#1936,#1937);
#1936 = CARTESIAN_POINT('',(180.,62.74,0.));
#1937 = VECTOR('',#1938,1.);
#1938 = DIRECTION('',(-0.,1.,0.));
#1939 = PCURVE('',#94,#1940);
#1940 = DEFINITIONAL_REPRESENTATION('',(#1941),#1945);
#1941 = LINE('',#1942,#1943);
#1942 = CARTESIAN_POINT('',(170.58,38.18));
#1943 = VECTOR('',#1944,1.);
#1944 = DIRECTION('',(0.,1.));
#1945 = ( GEOMETRIC_REPRESENTATION_CONTEXT(2) 
PARAMETRIC_REPRESENTATION_CONTEXT() REPRESENTATION_CONTEXT('2D SPACE',''
  ) );
#1946 = PCURVE('',#1947,#1952);
#1947 = PLANE('',#1948);
#1948 = AXIS2_PLACEMENT_3D('',#1949,#1950,#1951);
#1949 = CARTESIAN_POINT('',(180.,62.74,0.));
#1950 = DIRECTION('',(1.,0.,-0.));
#1951 = DIRECTION('',(0.,0.,1.));
#1952 = DEFINITIONAL_REPRESENTATION('',(#1953),#1957);
#1953 = LINE('',#1954,#1955);
#1954 = CARTESIAN_POINT('',(0.,0.));
#1955 = VECTOR('',#1956,1.);
#1956 = DIRECTION('',(0.,-1.));
#1957 = ( GEOMETRIC_REPRESENTATION_CONTEXT(2) 
PARAMETRIC_REPRESENTATION_CONTEXT() REPRESENTATION_CONTEXT('2D SPACE',''
  ) );
#1958 = ORIENTED_EDGE('',*,*,#1959,.F.);
#1959 = EDGE_CURVE('',#1960,#1932,#1962,.T.);
#1960 = VERTEX_POINT('',#1961);
#1961 = CARTESIAN_POINT('',(158.,90.74,0.));
#1962 = SURFACE_CURVE('',#1963,(#1967,#1974),.PCURVE_S1.);
#1963 = LINE('',#1964,#1965);
#1964 = CARTESIAN_POINT('',(158.,90.74,0.));
#1965 = VECTOR('',#1966,1.);
#1966 = DIRECTION('',(1.,0.,-0.));
#1967 = PCURVE('',#94,#1968);
#1968 = DEFINITIONAL_REPRESENTATION('',(#1969),#1973);
#1969 = LINE('',#1970,#1971);
#1970 = CARTESIAN_POINT('',(148.58,66.18));
#1971 = VECTOR('',#1972,1.);
#1972 = DIRECTION('',(1.,0.));
#1973 = ( GEOMETRIC_REPRESENTATION_CONTEXT(2) 
PARAMETRIC_REPRESENTATION_CONTEXT() REPRESENTATION_CONTEXT('2D SPACE',''
  ) );
#1974 = PCURVE('',#1975,#1980);
#1975 = PLANE('',#1976);
#1976 = AXIS2_PLACEMENT_3D('',#1977,#1978,#1979);
#1977 = CARTESIAN_POINT('',(158.,90.74,0.));
#1978 = DIRECTION('',(-0.,1.,0.));
#1979 = DIRECTION('',(0.,0.,1.));
#1980 = DEFINITIONAL_REPRESENTATION('',(#1981),#1985);
#1981 = LINE('',#1982,#1983);
#1982 = CARTESIAN_POINT('',(0.,0.));
#1983 = VECTOR('',#1984,1.);
#1984 = DIRECTION('',(0.,1.));
#1985 = ( GEOMETRIC_REPRESENTATION_CONTEXT(2) 
PARAMETRIC_REPRESENTATION_CONTEXT() REPRESENTATION_CONTEXT('2D SPACE',''
  ) );
#1986 = ORIENTED_EDGE('',*,*,#1987,.F.);
#1987 = EDGE_CURVE('',#1988,#1960,#1990,.T.);
#1988 = VERTEX_POINT('',#1989);
#1989 = CARTESIAN_POINT('',(158.,84.74,0.));
#1990 = SURFACE_CURVE('',#1991,(#1995,#2002),.PCURVE_S1.);
#1991 = LINE('',#1992,#1993);
#1992 = CARTESIAN_POINT('',(158.,84.74,0.));
#1993 = VECTOR('',#1994,1.);
#1994 = DIRECTION('',(-0.,1.,0.));
#1995 = PCURVE('',#94,#1996);
#1996 = DEFINITIONAL_REPRESENTATION('',(#1997),#2001);
#1997 = LINE('',#1998,#1999);
#1998 = CARTESIAN_POINT('',(148.58,60.18));
#1999 = VECTOR('',#2000,1.);
#2000 = DIRECTION('',(0.,1.));
#2001 = ( GEOMETRIC_REPRESENTATION_CONTEXT(2) 
PARAMETRIC_REPRESENTATION_CONTEXT() REPRESENTATION_CONTEXT('2D SPACE',''
  ) );
#2002 = PCURVE('',#2003,#2008);
#2003 = PLANE('',#2004);
#2004 = AXIS2_PLACEMENT_3D('',#2005,#2006,#2007);
#2005 = CARTESIAN_POINT('',(158.,84.74,0.));
#2006 = DIRECTION('',(1.,0.,-0.));
#2007 = DIRECTION('',(0.,0.,1.));
#2008 = DEFINITIONAL_REPRESENTATION('',(#2009),#2013);
#2009 = LINE('',#2010,#2011);
#2010 = CARTESIAN_POINT('',(0.,0.));
#2011 = VECTOR('',#2012,1.);
#2012 = DIRECTION('',(0.,-1.));
#2013 = ( GEOMETRIC_REPRESENTATION_CONTEXT(2) 
PARAMETRIC_REPRESENTATION_CONTEXT() REPRESENTATION_CONTEXT('2D SPACE',''
  ) );
#2014 = ORIENTED_EDGE('',*,*,#2015,.T.);
#2015 = EDGE_CURVE('',#1988,#2016,#2018,.T.);
#2016 = VERTEX_POINT('',#2017);
#2017 = CARTESIAN_POINT('',(180.,84.74,0.));
#2018 = SURFACE_CURVE('',#2019,(#2023,#2030),.PCURVE_S1.);
#2019 = LINE('',#2020,#2021);
#2020 = CARTESIAN_POINT('',(158.,84.74,0.));
#2021 = VECTOR('',#2022,1.);
#2022 = DIRECTION('',(1.,0.,-0.));
#2023 = PCURVE('',#94,#2024);
#2024 = DEFINITIONAL_REPRESENTATION('',(#2025),#2029);
#2025 = LINE('',#2026,#2027);
#2026 = CARTESIAN_POINT('',(148.58,60.18));
#2027 = VECTOR('',#2028,1.);
#2028 = DIRECTION('',(1.,0.));
#2029 = ( GEOMETRIC_REPRESENTATION_CONTEXT(2) 
PARAMETRIC_REPRESENTATION_CONTEXT() REPRESENTATION_CONTEXT('2D SPACE',''
  ) );
#2030 = PCURVE('',#2031,#2036);
#2031 = PLANE('',#2032);
#2032 = AXIS2_PLACEMENT_3D('',#2033,#2034,#2035);
#2033 = CARTESIAN_POINT('',(158.,84.74,0.));
#2034 = DIRECTION('',(-0.,1.,0.));
#2035 = DIRECTION('',(0.,0.,1.));
#2036 = DEFINITIONAL_REPRESENTATION('',(#2037),#2041);
#2037 = LINE('',#2038,#2039);
#2038 = CARTESIAN_POINT('',(0.,0.));
#2039 = VECTOR('',#2040,1.);
#2040 = DIRECTION('',(0.,1.));
#2041 = ( GEOMETRIC_REPRESENTATION_CONTEXT(2) 
PARAMETRIC_REPRESENTATION_CONTEXT() REPRESENTATION_CONTEXT('2D SPACE',''
  ) );
#2042 = ORIENTED_EDGE('',*,*,#2043,.F.);
#2043 = EDGE_CURVE('',#2044,#2016,#2046,.T.);
#2044 = VERTEX_POINT('',#2045);
#2045 = CARTESIAN_POINT('',(180.,62.74,0.));
#2046 = SURFACE_CURVE('',#2047,(#2051,#2058),.PCURVE_S1.);
#2047 = LINE('',#2048,#2049);
#2048 = CARTESIAN_POINT('',(180.,62.74,0.));
#2049 = VECTOR('',#2050,1.);
#2050 = DIRECTION('',(-0.,1.,0.));
#2051 = PCURVE('',#94,#2052);
#2052 = DEFINITIONAL_REPRESENTATION('',(#2053),#2057);
#2053 = LINE('',#2054,#2055);
#2054 = CARTESIAN_POINT('',(170.58,38.18));
#2055 = VECTOR('',#2056,1.);
#2056 = DIRECTION('',(0.,1.));
#2057 = ( GEOMETRIC_REPRESENTATION_CONTEXT(2) 
PARAMETRIC_REPRESENTATION_CONTEXT() REPRESENTATION_CONTEXT('2D SPACE',''
  ) );
#2058 = PCURVE('',#2059,#2064);
#2059 = PLANE('',#2060);
#2060 = AXIS2_PLACEMENT_3D('',#2061,#2062,#2063);
#2061 = CARTESIAN_POINT('',(180.,62.74,0.));
#2062 = DIRECTION('',(1.,0.,-0.));
#2063 = DIRECTION('',(0.,0.,1.));
#2064 = DEFINITIONAL_REPRESENTATION('',(#2065),#2069);
#2065 = LINE('',#2066,#2067);
#2066 = CARTESIAN_POINT('',(0.,0.));
#2067 = VECTOR('',#2068,1.);
#2068 = DIRECTION('',(0.,-1.));
#2069 = ( GEOMETRIC_REPRESENTATION_CONTEXT(2) 
PARAMETRIC_REPRESENTATION_CONTEXT() REPRESENTATION_CONTEXT('2D SPACE',''
  ) );
#2070 = ORIENTED_EDGE('',*,*,#2071,.T.);
#2071 = EDGE_CURVE('',#2044,#2072,#2074,.T.);
#2072 = VERTEX_POINT('',#2073);
#2073 = CARTESIAN_POINT('',(186.,62.74,0.));
#2074 = SURFACE_CURVE('',#2075,(#2079,#2086),.PCURVE_S1.);
#2075 = LINE('',#2076,#2077);
#2076 = CARTESIAN_POINT('',(180.,62.74,0.));
#2077 = VECTOR('',#2078,1.);
#2078 = DIRECTION('',(1.,0.,-0.));
#2079 = PCURVE('',#94,#2080);
#2080 = DEFINITIONAL_REPRESENTATION('',(#2081),#2085);
#2081 = LINE('',#2082,#2083);
#2082 = CARTESIAN_POINT('',(170.58,38.18));
#2083 = VECTOR('',#2084,1.);
#2084 = DIRECTION('',(1.,0.));
#2085 = ( GEOMETRIC_REPRESENTATION_CONTEXT(2) 
PARAMETRIC_REPRESENTATION_CONTEXT() REPRESENTATION_CONTEXT('2D SPACE',''
  ) );
#2086 = PCURVE('',#2087,#2092);
#2087 = PLANE('',#2088);
#2088 = AXIS2_PLACEMENT_3D('',#2089,#2090,#2091);
#2089 = CARTESIAN_POINT('',(180.,62.74,0.));
#2090 = DIRECTION('',(-0.,1.,0.));
#2091 = DIRECTION('',(0.,0.,1.));
#2092 = DEFINITIONAL_REPRESENTATION('',(#2093),#2097);
#2093 = LINE('',#2094,#2095);
#2094 = CARTESIAN_POINT('',(0.,0.));
#2095 = VECTOR('',#2096,1.);
#2096 = DIRECTION('',(0.,1.));
#2097 = ( GEOMETRIC_REPRESENTATION_CONTEXT(2) 
PARAMETRIC_REPRESENTATION_CONTEXT() REPRESENTATION_CONTEXT('2D SPACE',''
  ) );
#2098 = ORIENTED_EDGE('',*,*,#2099,.T.);
#2099 = EDGE_CURVE('',#2072,#2100,#2102,.T.);
#2100 = VERTEX_POINT('',#2101);
#2101 = CARTESIAN_POINT('',(186.,84.74,0.));
#2102 = SURFACE_CURVE('',#2103,(#2107,#2114),.PCURVE_S1.);
#2103 = LINE('',#2104,#2105);
#2104 = CARTESIAN_POINT('',(186.,62.74,0.));
#2105 = VECTOR('',#2106,1.);
#2106 = DIRECTION('',(-0.,1.,0.));
#2107 = PCURVE('',#94,#2108);
#2108 = DEFINITIONAL_REPRESENTATION('',(#2109),#2113);
#2109 = LINE('',#2110,#2111);
#2110 = CARTESIAN_POINT('',(176.58,38.18));
#2111 = VECTOR('',#2112,1.);
#2112 = DIRECTION('',(0.,1.));
#2113 = ( GEOMETRIC_REPRESENTATION_CONTEXT(2) 
PARAMETRIC_REPRESENTATION_CONTEXT() REPRESENTATION_CONTEXT('2D SPACE',''
  ) );
#2114 = PCURVE('',#2115,#2120);
#2115 = PLANE('',#2116);
#2116 = AXIS2_PLACEMENT_3D('',#2117,#2118,#2119);
#2117 = CARTESIAN_POINT('',(186.,62.74,0.));
#2118 = DIRECTION('',(1.,0.,-0.));
#2119 = DIRECTION('',(0.,0.,1.));
#2120 = DEFINITIONAL_REPRESENTATION('',(#2121),#2125);
#2121 = LINE('',#2122,#2123);
#2122 = CARTESIAN_POINT('',(0.,0.));
#2123 = VECTOR('',#2124,1.);
#2124 = DIRECTION('',(0.,-1.));
#2125 = ( GEOMETRIC_REPRESENTATION_CONTEXT(2) 
PARAMETRIC_REPRESENTATION_CONTEXT() REPRESENTATION_CONTEXT('2D SPACE',''
  ) );
#2126 = ORIENTED_EDGE('',*,*,#2127,.T.);
#2127 = EDGE_CURVE('',#2100,#2128,#2130,.T.);
#2128 = VERTEX_POINT('',#2129);
#2129 = CARTESIAN_POINT('',(191.,84.74,0.));
#2130 = SURFACE_CURVE('',#2131,(#2135,#2142),.PCURVE_S1.);
#2131 = LINE('',#2132,#2133);
#2132 = CARTESIAN_POINT('',(158.,84.74,0.));
#2133 = VECTOR('',#2134,1.);
#2134 = DIRECTION('',(1.,0.,-0.));
#2135 = PCURVE('',#94,#2136);
#2136 = DEFINITIONAL_REPRESENTATION('',(#2137),#2141);
#2137 = LINE('',#2138,#2139);
#2138 = CARTESIAN_POINT('',(148.58,60.18));
#2139 = VECTOR('',#2140,1.);
#2140 = DIRECTION('',(1.,0.));
#2141 = ( GEOMETRIC_REPRESENTATION_CONTEXT(2) 
PARAMETRIC_REPRESENTATION_CONTEXT() REPRESENTATION_CONTEXT('2D SPACE',''
  ) );
#2142 = PCURVE('',#2143,#2148);
#2143 = PLANE('',#2144);
#2144 = AXIS2_PLACEMENT_3D('',#2145,#2146,#2147);
#2145 = CARTESIAN_POINT('',(158.,84.74,0.));
#2146 = DIRECTION('',(-0.,1.,0.));
#2147 = DIRECTION('',(0.,0.,1.));
#2148 = DEFINITIONAL_REPRESENTATION('',(#2149),#2153);
#2149 = LINE('',#2150,#2151);
#2150 = CARTESIAN_POINT('',(0.,0.));
#2151 = VECTOR('',#2152,1.);
#2152 = DIRECTION('',(0.,1.));
#2153 = ( GEOMETRIC_REPRESENTATION_CONTEXT(2) 
PARAMETRIC_REPRESENTATION_CONTEXT() REPRESENTATION_CONTEXT('2D SPACE',''
  ) );
#2154 = ORIENTED_EDGE('',*,*,#2155,.F.);
#2155 = EDGE_CURVE('',#2156,#2128,#2158,.T.);
#2156 = VERTEX_POINT('',#2157);
#2157 = CARTESIAN_POINT('',(191.,62.44,0.));
#2158 = SURFACE_CURVE('',#2159,(#2163,#2170),.PCURVE_S1.);
#2159 = LINE('',#2160,#2161);
#2160 = CARTESIAN_POINT('',(191.,18.,0.));
#2161 = VECTOR('',#2162,1.);
#2162 = DIRECTION('',(-0.,1.,0.));
#2163 = PCURVE('',#94,#2164);
#2164 = DEFINITIONAL_REPRESENTATION('',(#2165),#2169);
#2165 = LINE('',#2166,#2167);
#2166 = CARTESIAN_POINT('',(181.58,-6.56));
#2167 = VECTOR('',#2168,1.);
#2168 = DIRECTION('',(0.,1.));
#2169 = ( GEOMETRIC_REPRESENTATION_CONTEXT(2) 
PARAMETRIC_REPRESENTATION_CONTEXT() REPRESENTATION_CONTEXT('2D SPACE',''
  ) );
#2170 = PCURVE('',#2171,#2176);
#2171 = PLANE('',#2172);
#2172 = AXIS2_PLACEMENT_3D('',#2173,#2174,#2175);
#2173 = CARTESIAN_POINT('',(191.,18.,0.));
#2174 = DIRECTION('',(1.,0.,-0.));
#2175 = DIRECTION('',(0.,0.,1.));
#2176 = DEFINITIONAL_REPRESENTATION('',(#2177),#2181);
#2177 = LINE('',#2178,#2179);
#2178 = CARTESIAN_POINT('',(0.,0.));
#2179 = VECTOR('',#2180,1.);
#2180 = DIRECTION('',(0.,-1.));
#2181 = ( GEOMETRIC_REPRESENTATION_CONTEXT(2) 
PARAMETRIC_REPRESENTATION_CONTEXT() REPRESENTATION_CONTEXT('2D SPACE',''
  ) );
#2182 = ORIENTED_EDGE('',*,*,#2183,.T.);
#2183 = EDGE_CURVE('',#2156,#2184,#2186,.T.);
#2184 = VERTEX_POINT('',#2185);
#2185 = CARTESIAN_POINT('',(157.7,62.44,0.));
#2186 = SURFACE_CURVE('',#2187,(#2191,#2198),.PCURVE_S1.);
#2187 = LINE('',#2188,#2189);
#2188 = CARTESIAN_POINT('',(156.5,62.44,0.));
#2189 = VECTOR('',#2190,1.);
#2190 = DIRECTION('',(-1.,-0.,0.));
#2191 = PCURVE('',#94,#2192);
#2192 = DEFINITIONAL_REPRESENTATION('',(#2193),#2197);
#2193 = LINE('',#2194,#2195);
#2194 = CARTESIAN_POINT('',(147.08,37.88));
#2195 = VECTOR('',#2196,1.);
#2196 = DIRECTION('',(-1.,0.));
#2197 = ( GEOMETRIC_REPRESENTATION_CONTEXT(2) 
PARAMETRIC_REPRESENTATION_CONTEXT() REPRESENTATION_CONTEXT('2D SPACE',''
  ) );
#2198 = PCURVE('',#2199,#2204);
#2199 = PLANE('',#2200);
#2200 = AXIS2_PLACEMENT_3D('',#2201,#2202,#2203);
#2201 = CARTESIAN_POINT('',(157.7,62.44,-1.));
#2202 = DIRECTION('',(-0.,1.,0.));
#2203 = DIRECTION('',(0.,0.,1.));
#2204 = DEFINITIONAL_REPRESENTATION('',(#2205),#2208);
#2205 = B_SPLINE_CURVE_WITH_KNOTS('',1,(#2206,#2207),.UNSPECIFIED.,.F.,
  .F.,(2,2),(-51.8,-1.2),.PIECEWISE_BEZIER_KNOTS.);
#2206 = CARTESIAN_POINT('',(1.,50.6));
#2207 = CARTESIAN_POINT('',(1.,0.));
#2208 = ( GEOMETRIC_REPRESENTATION_CONTEXT(2) 
PARAMETRIC_REPRESENTATION_CONTEXT() REPRESENTATION_CONTEXT('2D SPACE',''
  ) );
#2209 = ORIENTED_EDGE('',*,*,#2210,.T.);
#2210 = EDGE_CURVE('',#2184,#2211,#2213,.T.);
#2211 = VERTEX_POINT('',#2212);
#2212 = CARTESIAN_POINT('',(157.7,71.,0.));
#2213 = SURFACE_CURVE('',#2214,(#2218,#2225),.PCURVE_S1.);
#2214 = LINE('',#2215,#2216);
#2215 = CARTESIAN_POINT('',(157.7,61.24,0.));
#2216 = VECTOR('',#2217,1.);
#2217 = DIRECTION('',(-0.,1.,0.));
#2218 = PCURVE('',#94,#2219);
#2219 = DEFINITIONAL_REPRESENTATION('',(#2220),#2224);
#2220 = LINE('',#2221,#2222);
#2221 = CARTESIAN_POINT('',(148.28,36.68));
#2222 = VECTOR('',#2223,1.);
#2223 = DIRECTION('',(0.,1.));
#2224 = ( GEOMETRIC_REPRESENTATION_CONTEXT(2) 
PARAMETRIC_REPRESENTATION_CONTEXT() REPRESENTATION_CONTEXT('2D SPACE',''
  ) );
#2225 = PCURVE('',#2226,#2231);
#2226 = PLANE('',#2227);
#2227 = AXIS2_PLACEMENT_3D('',#2228,#2229,#2230);
#2228 = CARTESIAN_POINT('',(157.7,62.44,-1.));
#2229 = DIRECTION('',(1.,0.,-0.));
#2230 = DIRECTION('',(0.,0.,1.));
#2231 = DEFINITIONAL_REPRESENTATION('',(#2232),#2235);
#2232 = B_SPLINE_CURVE_WITH_KNOTS('',1,(#2233,#2234),.UNSPECIFIED.,.F.,
  .F.,(2,2),(1.2,51.8),.PIECEWISE_BEZIER_KNOTS.);
#2233 = CARTESIAN_POINT('',(1.,0.));
#2234 = CARTESIAN_POINT('',(1.,-50.6));
#2235 = ( GEOMETRIC_REPRESENTATION_CONTEXT(2) 
PARAMETRIC_REPRESENTATION_CONTEXT() REPRESENTATION_CONTEXT('2D SPACE',''
  ) );
#2236 = ORIENTED_EDGE('',*,*,#2237,.T.);
#2237 = EDGE_CURVE('',#2211,#2238,#2240,.T.);
#2238 = VERTEX_POINT('',#2239);
#2239 = CARTESIAN_POINT('',(158.,71.,0.));
#2240 = SURFACE_CURVE('',#2241,(#2245,#2252),.PCURVE_S1.);
#2241 = LINE('',#2242,#2243);
#2242 = CARTESIAN_POINT('',(140.,71.,0.));
#2243 = VECTOR('',#2244,1.);
#2244 = DIRECTION('',(1.,0.,-0.));
#2245 = PCURVE('',#94,#2246);
#2246 = DEFINITIONAL_REPRESENTATION('',(#2247),#2251);
#2247 = LINE('',#2248,#2249);
#2248 = CARTESIAN_POINT('',(130.58,46.44));
#2249 = VECTOR('',#2250,1.);
#2250 = DIRECTION('',(1.,0.));
#2251 = ( GEOMETRIC_REPRESENTATION_CONTEXT(2) 
PARAMETRIC_REPRESENTATION_CONTEXT() REPRESENTATION_CONTEXT('2D SPACE',''
  ) );
#2252 = PCURVE('',#2253,#2258);
#2253 = PLANE('',#2254);
#2254 = AXIS2_PLACEMENT_3D('',#2255,#2256,#2257);
#2255 = CARTESIAN_POINT('',(140.,71.,0.));
#2256 = DIRECTION('',(-0.,1.,0.));
#2257 = DIRECTION('',(0.,0.,1.));
#2258 = DEFINITIONAL_REPRESENTATION('',(#2259),#2263);
#2259 = LINE('',#2260,#2261);
#2260 = CARTESIAN_POINT('',(0.,0.));
#2261 = VECTOR('',#2262,1.);
#2262 = DIRECTION('',(0.,1.));
#2263 = ( GEOMETRIC_REPRESENTATION_CONTEXT(2) 
PARAMETRIC_REPRESENTATION_CONTEXT() REPRESENTATION_CONTEXT('2D SPACE',''
  ) );
#2264 = ORIENTED_EDGE('',*,*,#2265,.T.);
#2265 = EDGE_CURVE('',#2238,#2266,#2268,.T.);
#2266 = VERTEX_POINT('',#2267);
#2267 = CARTESIAN_POINT('',(158.,79.,0.));
#2268 = SURFACE_CURVE('',#2269,(#2273,#2280),.PCURVE_S1.);
#2269 = LINE('',#2270,#2271);
#2270 = CARTESIAN_POINT('',(158.,71.,0.));
#2271 = VECTOR('',#2272,1.);
#2272 = DIRECTION('',(-0.,1.,0.));
#2273 = PCURVE('',#94,#2274);
#2274 = DEFINITIONAL_REPRESENTATION('',(#2275),#2279);
#2275 = LINE('',#2276,#2277);
#2276 = CARTESIAN_POINT('',(148.58,46.44));
#2277 = VECTOR('',#2278,1.);
#2278 = DIRECTION('',(0.,1.));
#2279 = ( GEOMETRIC_REPRESENTATION_CONTEXT(2) 
PARAMETRIC_REPRESENTATION_CONTEXT() REPRESENTATION_CONTEXT('2D SPACE',''
  ) );
#2280 = PCURVE('',#2281,#2286);
#2281 = PLANE('',#2282);
#2282 = AXIS2_PLACEMENT_3D('',#2283,#2284,#2285);
#2283 = CARTESIAN_POINT('',(158.,71.,0.));
#2284 = DIRECTION('',(1.,0.,-0.));
#2285 = DIRECTION('',(0.,0.,1.));
#2286 = DEFINITIONAL_REPRESENTATION('',(#2287),#2291);
#2287 = LINE('',#2288,#2289);
#2288 = CARTESIAN_POINT('',(0.,0.));
#2289 = VECTOR('',#2290,1.);
#2290 = DIRECTION('',(0.,-1.));
#2291 = ( GEOMETRIC_REPRESENTATION_CONTEXT(2) 
PARAMETRIC_REPRESENTATION_CONTEXT() REPRESENTATION_CONTEXT('2D SPACE',''
  ) );
#2292 = ORIENTED_EDGE('',*,*,#2293,.F.);
#2293 = EDGE_CURVE('',#2294,#2266,#2296,.T.);
#2294 = VERTEX_POINT('',#2295);
#2295 = CARTESIAN_POINT('',(157.7,79.,0.));
#2296 = SURFACE_CURVE('',#2297,(#2301,#2308),.PCURVE_S1.);
#2297 = LINE('',#2298,#2299);
#2298 = CARTESIAN_POINT('',(140.,79.,0.));
#2299 = VECTOR('',#2300,1.);
#2300 = DIRECTION('',(1.,0.,-0.));
#2301 = PCURVE('',#94,#2302);
#2302 = DEFINITIONAL_REPRESENTATION('',(#2303),#2307);
#2303 = LINE('',#2304,#2305);
#2304 = CARTESIAN_POINT('',(130.58,54.44));
#2305 = VECTOR('',#2306,1.);
#2306 = DIRECTION('',(1.,0.));
#2307 = ( GEOMETRIC_REPRESENTATION_CONTEXT(2) 
PARAMETRIC_REPRESENTATION_CONTEXT() REPRESENTATION_CONTEXT('2D SPACE',''
  ) );
#2308 = PCURVE('',#2309,#2314);
#2309 = PLANE('',#2310);
#2310 = AXIS2_PLACEMENT_3D('',#2311,#2312,#2313);
#2311 = CARTESIAN_POINT('',(140.,79.,0.));
#2312 = DIRECTION('',(-0.,1.,0.));
#2313 = DIRECTION('',(0.,0.,1.));
#2314 = DEFINITIONAL_REPRESENTATION('',(#2315),#2319);
#2315 = LINE('',#2316,#2317);
#2316 = CARTESIAN_POINT('',(0.,0.));
#2317 = VECTOR('',#2318,1.);
#2318 = DIRECTION('',(0.,1.));
#2319 = ( GEOMETRIC_REPRESENTATION_CONTEXT(2) 
PARAMETRIC_REPRESENTATION_CONTEXT() REPRESENTATION_CONTEXT('2D SPACE',''
  ) );
#2320 = ORIENTED_EDGE('',*,*,#2321,.T.);
#2321 = EDGE_CURVE('',#2294,#2322,#2324,.T.);
#2322 = VERTEX_POINT('',#2323);
#2323 = CARTESIAN_POINT('',(157.7,96.,0.));
#2324 = SURFACE_CURVE('',#2325,(#2329,#2336),.PCURVE_S1.);
#2325 = LINE('',#2326,#2327);
#2326 = CARTESIAN_POINT('',(157.7,61.24,0.));
#2327 = VECTOR('',#2328,1.);
#2328 = DIRECTION('',(-0.,1.,0.));
#2329 = PCURVE('',#94,#2330);
#2330 = DEFINITIONAL_REPRESENTATION('',(#2331),#2335);
#2331 = LINE('',#2332,#2333);
#2332 = CARTESIAN_POINT('',(148.28,36.68));
#2333 = VECTOR('',#2334,1.);
#2334 = DIRECTION('',(0.,1.));
#2335 = ( GEOMETRIC_REPRESENTATION_CONTEXT(2) 
PARAMETRIC_REPRESENTATION_CONTEXT() REPRESENTATION_CONTEXT('2D SPACE',''
  ) );
#2336 = PCURVE('',#2226,#2337);
#2337 = DEFINITIONAL_REPRESENTATION('',(#2338),#2341);
#2338 = B_SPLINE_CURVE_WITH_KNOTS('',1,(#2339,#2340),.UNSPECIFIED.,.F.,
  .F.,(2,2),(1.2,51.8),.PIECEWISE_BEZIER_KNOTS.);
#2339 = CARTESIAN_POINT('',(1.,0.));
#2340 = CARTESIAN_POINT('',(1.,-50.6));
#2341 = ( GEOMETRIC_REPRESENTATION_CONTEXT(2) 
PARAMETRIC_REPRESENTATION_CONTEXT() REPRESENTATION_CONTEXT('2D SPACE',''
  ) );
#2342 = ORIENTED_EDGE('',*,*,#2343,.T.);
#2343 = EDGE_CURVE('',#2322,#2344,#2346,.T.);
#2344 = VERTEX_POINT('',#2345);
#2345 = CARTESIAN_POINT('',(158.,96.,0.));
#2346 = SURFACE_CURVE('',#2347,(#2351,#2358),.PCURVE_S1.);
#2347 = LINE('',#2348,#2349);
#2348 = CARTESIAN_POINT('',(140.,96.,0.));
#2349 = VECTOR('',#2350,1.);
#2350 = DIRECTION('',(1.,0.,-0.));
#2351 = PCURVE('',#94,#2352);
#2352 = DEFINITIONAL_REPRESENTATION('',(#2353),#2357);
#2353 = LINE('',#2354,#2355);
#2354 = CARTESIAN_POINT('',(130.58,71.44));
#2355 = VECTOR('',#2356,1.);
#2356 = DIRECTION('',(1.,0.));
#2357 = ( GEOMETRIC_REPRESENTATION_CONTEXT(2) 
PARAMETRIC_REPRESENTATION_CONTEXT() REPRESENTATION_CONTEXT('2D SPACE',''
  ) );
#2358 = PCURVE('',#2359,#2364);
#2359 = PLANE('',#2360);
#2360 = AXIS2_PLACEMENT_3D('',#2361,#2362,#2363);
#2361 = CARTESIAN_POINT('',(140.,96.,0.));
#2362 = DIRECTION('',(-0.,1.,0.));
#2363 = DIRECTION('',(0.,0.,1.));
#2364 = DEFINITIONAL_REPRESENTATION('',(#2365),#2369);
#2365 = LINE('',#2366,#2367);
#2366 = CARTESIAN_POINT('',(0.,0.));
#2367 = VECTOR('',#2368,1.);
#2368 = DIRECTION('',(0.,1.));
#2369 = ( GEOMETRIC_REPRESENTATION_CONTEXT(2) 
PARAMETRIC_REPRESENTATION_CONTEXT() REPRESENTATION_CONTEXT('2D SPACE',''
  ) );
#2370 = ORIENTED_EDGE('',*,*,#2371,.T.);
#2371 = EDGE_CURVE('',#2344,#2372,#2374,.T.);
#2372 = VERTEX_POINT('',#2373);
#2373 = CARTESIAN_POINT('',(158.,104.,0.));
#2374 = SURFACE_CURVE('',#2375,(#2379,#2386),.PCURVE_S1.);
#2375 = LINE('',#2376,#2377);
#2376 = CARTESIAN_POINT('',(158.,96.,0.));
#2377 = VECTOR('',#2378,1.);
#2378 = DIRECTION('',(-0.,1.,0.));
#2379 = PCURVE('',#94,#2380);
#2380 = DEFINITIONAL_REPRESENTATION('',(#2381),#2385);
#2381 = LINE('',#2382,#2383);
#2382 = CARTESIAN_POINT('',(148.58,71.44));
#2383 = VECTOR('',#2384,1.);
#2384 = DIRECTION('',(0.,1.));
#2385 = ( GEOMETRIC_REPRESENTATION_CONTEXT(2) 
PARAMETRIC_REPRESENTATION_CONTEXT() REPRESENTATION_CONTEXT('2D SPACE',''
  ) );
#2386 = PCURVE('',#2387,#2392);
#2387 = PLANE('',#2388);
#2388 = AXIS2_PLACEMENT_3D('',#2389,#2390,#2391);
#2389 = CARTESIAN_POINT('',(158.,96.,0.));
#2390 = DIRECTION('',(1.,0.,-0.));
#2391 = DIRECTION('',(0.,0.,1.));
#2392 = DEFINITIONAL_REPRESENTATION('',(#2393),#2397);
#2393 = LINE('',#2394,#2395);
#2394 = CARTESIAN_POINT('',(0.,0.));
#2395 = VECTOR('',#2396,1.);
#2396 = DIRECTION('',(0.,-1.));
#2397 = ( GEOMETRIC_REPRESENTATION_CONTEXT(2) 
PARAMETRIC_REPRESENTATION_CONTEXT() REPRESENTATION_CONTEXT('2D SPACE',''
  ) );
#2398 = ORIENTED_EDGE('',*,*,#2399,.F.);
#2399 = EDGE_CURVE('',#2400,#2372,#2402,.T.);
#2400 = VERTEX_POINT('',#2401);
#2401 = CARTESIAN_POINT('',(157.7,104.,0.));
#2402 = SURFACE_CURVE('',#2403,(#2407,#2414),.PCURVE_S1.);
#2403 = LINE('',#2404,#2405);
#2404 = CARTESIAN_POINT('',(140.,104.,0.));
#2405 = VECTOR('',#2406,1.);
#2406 = DIRECTION('',(1.,0.,-0.));
#2407 = PCURVE('',#94,#2408);
#2408 = DEFINITIONAL_REPRESENTATION('',(#2409),#2413);
#2409 = LINE('',#2410,#2411);
#2410 = CARTESIAN_POINT('',(130.58,79.44));
#2411 = VECTOR('',#2412,1.);
#2412 = DIRECTION('',(1.,0.));
#2413 = ( GEOMETRIC_REPRESENTATION_CONTEXT(2) 
PARAMETRIC_REPRESENTATION_CONTEXT() REPRESENTATION_CONTEXT('2D SPACE',''
  ) );
#2414 = PCURVE('',#2415,#2420);
#2415 = PLANE('',#2416);
#2416 = AXIS2_PLACEMENT_3D('',#2417,#2418,#2419);
#2417 = CARTESIAN_POINT('',(140.,104.,0.));
#2418 = DIRECTION('',(-0.,1.,0.));
#2419 = DIRECTION('',(0.,0.,1.));
#2420 = DEFINITIONAL_REPRESENTATION('',(#2421),#2425);
#2421 = LINE('',#2422,#2423);
#2422 = CARTESIAN_POINT('',(0.,0.));
#2423 = VECTOR('',#2424,1.);
#2424 = DIRECTION('',(0.,1.));
#2425 = ( GEOMETRIC_REPRESENTATION_CONTEXT(2) 
PARAMETRIC_REPRESENTATION_CONTEXT() REPRESENTATION_CONTEXT('2D SPACE',''
  ) );
#2426 = ORIENTED_EDGE('',*,*,#2427,.T.);
#2427 = EDGE_CURVE('',#2400,#1793,#2428,.T.);
#2428 = SURFACE_CURVE('',#2429,(#2433,#2440),.PCURVE_S1.);
#2429 = LINE('',#2430,#2431);
#2430 = CARTESIAN_POINT('',(157.7,61.24,0.));
#2431 = VECTOR('',#2432,1.);
#2432 = DIRECTION('',(-0.,1.,0.));
#2433 = PCURVE('',#94,#2434);
#2434 = DEFINITIONAL_REPRESENTATION('',(#2435),#2439);
#2435 = LINE('',#2436,#2437);
#2436 = CARTESIAN_POINT('',(148.28,36.68));
#2437 = VECTOR('',#2438,1.);
#2438 = DIRECTION('',(0.,1.));
#2439 = ( GEOMETRIC_REPRESENTATION_CONTEXT(2) 
PARAMETRIC_REPRESENTATION_CONTEXT() REPRESENTATION_CONTEXT('2D SPACE',''
  ) );
#2440 = PCURVE('',#2226,#2441);
#2441 = DEFINITIONAL_REPRESENTATION('',(#2442),#2445);
#2442 = B_SPLINE_CURVE_WITH_KNOTS('',1,(#2443,#2444),.UNSPECIFIED.,.F.,
  .F.,(2,2),(1.2,51.8),.PIECEWISE_BEZIER_KNOTS.);
#2443 = CARTESIAN_POINT('',(1.,0.));
#2444 = CARTESIAN_POINT('',(1.,-50.6));
#2445 = ( GEOMETRIC_REPRESENTATION_CONTEXT(2) 
PARAMETRIC_REPRESENTATION_CONTEXT() REPRESENTATION_CONTEXT('2D SPACE',''
  ) );
#2446 = FACE_BOUND('',#2447,.F.);
#2447 = EDGE_LOOP('',(#2448,#2477,#2510,#2537));
#2448 = ORIENTED_EDGE('',*,*,#2449,.F.);
#2449 = EDGE_CURVE('',#2450,#2452,#2454,.T.);
#2450 = VERTEX_POINT('',#2451);
#2451 = CARTESIAN_POINT('',(189.25,9.75,0.));
#2452 = VERTEX_POINT('',#2453);
#2453 = CARTESIAN_POINT('',(198.75,9.75,0.));
#2454 = SURFACE_CURVE('',#2455,(#2459,#2466),.PCURVE_S1.);
#2455 = LINE('',#2456,#2457);
#2456 = CARTESIAN_POINT('',(190.375,9.75,0.));
#2457 = VECTOR('',#2458,1.);
#2458 = DIRECTION('',(1.,0.,-0.));
#2459 = PCURVE('',#94,#2460);
#2460 = DEFINITIONAL_REPRESENTATION('',(#2461),#2465);
#2461 = LINE('',#2462,#2463);
#2462 = CARTESIAN_POINT('',(180.955,-14.81));
#2463 = VECTOR('',#2464,1.);
#2464 = DIRECTION('',(1.,0.));
#2465 = ( GEOMETRIC_REPRESENTATION_CONTEXT(2) 
PARAMETRIC_REPRESENTATION_CONTEXT() REPRESENTATION_CONTEXT('2D SPACE',''
  ) );
#2466 = PCURVE('',#2467,#2472);
#2467 = PLANE('',#2468);
#2468 = AXIS2_PLACEMENT_3D('',#2469,#2470,#2471);
#2469 = CARTESIAN_POINT('',(198.75,9.75,-1.));
#2470 = DIRECTION('',(0.,-1.,0.));
#2471 = DIRECTION('',(-1.,0.,0.));
#2472 = DEFINITIONAL_REPRESENTATION('',(#2473),#2476);
#2473 = B_SPLINE_CURVE_WITH_KNOTS('',1,(#2474,#2475),.UNSPECIFIED.,.F.,
  .F.,(2,2),(-1.125,8.375),.PIECEWISE_BEZIER_KNOTS.);
#2474 = CARTESIAN_POINT('',(9.5,-1.));
#2475 = CARTESIAN_POINT('',(0.,-1.));
#2476 = ( GEOMETRIC_REPRESENTATION_CONTEXT(2) 
PARAMETRIC_REPRESENTATION_CONTEXT() REPRESENTATION_CONTEXT('2D SPACE',''
  ) );
#2477 = ORIENTED_EDGE('',*,*,#2478,.T.);
#2478 = EDGE_CURVE('',#2450,#2479,#2481,.T.);
#2479 = VERTEX_POINT('',#2480);
#2480 = CARTESIAN_POINT('',(189.25,14.25,0.));
#2481 = SURFACE_CURVE('',#2482,(#2487,#2498),.PCURVE_S1.);
#2482 = CIRCLE('',#2483,2.25);
#2483 = AXIS2_PLACEMENT_3D('',#2484,#2485,#2486);
#2484 = CARTESIAN_POINT('',(189.25,12.,0.));
#2485 = DIRECTION('',(0.,-0.,-1.));
#2486 = DIRECTION('',(0.,-1.,0.));
#2487 = PCURVE('',#94,#2488);
#2488 = DEFINITIONAL_REPRESENTATION('',(#2489),#2497);
#2489 = ( BOUNDED_CURVE() B_SPLINE_CURVE(2,(#2490,#2491,#2492,#2493,
#2494,#2495,#2496),.UNSPECIFIED.,.T.,.F.) B_SPLINE_CURVE_WITH_KNOTS((1,2
    ,2,2,2,1),(-2.094395102393,0.,2.094395102393,4.188790204786,
6.28318530718,8.377580409573),.UNSPECIFIED.) CURVE() 
GEOMETRIC_REPRESENTATION_ITEM() RATIONAL_B_SPLINE_CURVE((1.,0.5,1.,0.5,
1.,0.5,1.)) REPRESENTATION_ITEM('') );
#2490 = CARTESIAN_POINT('',(179.83,-14.81));
#2491 = CARTESIAN_POINT('',(175.93288568297,-14.81));
#2492 = CARTESIAN_POINT('',(177.88144284148,-11.435));
#2493 = CARTESIAN_POINT('',(179.83,-8.06));
#2494 = CARTESIAN_POINT('',(181.77855715851,-11.435));
#2495 = CARTESIAN_POINT('',(183.72711431703,-14.81));
#2496 = CARTESIAN_POINT('',(179.83,-14.81));
#2497 = ( GEOMETRIC_REPRESENTATION_CONTEXT(2) 
PARAMETRIC_REPRESENTATION_CONTEXT() REPRESENTATION_CONTEXT('2D SPACE',''
  ) );
#2498 = PCURVE('',#2499,#2504);
#2499 = CYLINDRICAL_SURFACE('',#2500,2.25);
#2500 = AXIS2_PLACEMENT_3D('',#2501,#2502,#2503);
#2501 = CARTESIAN_POINT('',(189.25,12.,-1.));
#2502 = DIRECTION('',(0.,-0.,-1.));
#2503 = DIRECTION('',(0.,-1.,0.));
#2504 = DEFINITIONAL_REPRESENTATION('',(#2505),#2509);
#2505 = LINE('',#2506,#2507);
#2506 = CARTESIAN_POINT('',(0.,-1.));
#2507 = VECTOR('',#2508,1.);
#2508 = DIRECTION('',(1.,0.));
#2509 = ( GEOMETRIC_REPRESENTATION_CONTEXT(2) 
PARAMETRIC_REPRESENTATION_CONTEXT() REPRESENTATION_CONTEXT('2D SPACE',''
  ) );
#2510 = ORIENTED_EDGE('',*,*,#2511,.F.);
#2511 = EDGE_CURVE('',#2512,#2479,#2514,.T.);
#2512 = VERTEX_POINT('',#2513);
#2513 = CARTESIAN_POINT('',(198.75,14.25,0.));
#2514 = SURFACE_CURVE('',#2515,(#2519,#2526),.PCURVE_S1.);
#2515 = LINE('',#2516,#2517);
#2516 = CARTESIAN_POINT('',(185.625,14.25,0.));
#2517 = VECTOR('',#2518,1.);
#2518 = DIRECTION('',(-1.,0.,0.));
#2519 = PCURVE('',#94,#2520);
#2520 = DEFINITIONAL_REPRESENTATION('',(#2521),#2525);
#2521 = LINE('',#2522,#2523);
#2522 = CARTESIAN_POINT('',(176.205,-10.31));
#2523 = VECTOR('',#2524,1.);
#2524 = DIRECTION('',(-1.,0.));
#2525 = ( GEOMETRIC_REPRESENTATION_CONTEXT(2) 
PARAMETRIC_REPRESENTATION_CONTEXT() REPRESENTATION_CONTEXT('2D SPACE',''
  ) );
#2526 = PCURVE('',#2527,#2532);
#2527 = PLANE('',#2528);
#2528 = AXIS2_PLACEMENT_3D('',#2529,#2530,#2531);
#2529 = CARTESIAN_POINT('',(189.25,14.25,-1.));
#2530 = DIRECTION('',(0.,1.,0.));
#2531 = DIRECTION('',(1.,0.,0.));
#2532 = DEFINITIONAL_REPRESENTATION('',(#2533),#2536);
#2533 = B_SPLINE_CURVE_WITH_KNOTS('',1,(#2534,#2535),.UNSPECIFIED.,.F.,
  .F.,(2,2),(-13.125,-3.625),.PIECEWISE_BEZIER_KNOTS.);
#2534 = CARTESIAN_POINT('',(9.5,-1.));
#2535 = CARTESIAN_POINT('',(0.,-1.));
#2536 = ( GEOMETRIC_REPRESENTATION_CONTEXT(2) 
PARAMETRIC_REPRESENTATION_CONTEXT() REPRESENTATION_CONTEXT('2D SPACE',''
  ) );
#2537 = ORIENTED_EDGE('',*,*,#2538,.T.);
#2538 = EDGE_CURVE('',#2512,#2452,#2539,.T.);
#2539 = SURFACE_CURVE('',#2540,(#2545,#2556),.PCURVE_S1.);
#2540 = CIRCLE('',#2541,2.25);
#2541 = AXIS2_PLACEMENT_3D('',#2542,#2543,#2544);
#2542 = CARTESIAN_POINT('',(198.75,12.,0.));
#2543 = DIRECTION('',(0.,0.,-1.));
#2544 = DIRECTION('',(0.,1.,0.));
#2545 = PCURVE('',#94,#2546);
#2546 = DEFINITIONAL_REPRESENTATION('',(#2547),#2555);
#2547 = ( BOUNDED_CURVE() B_SPLINE_CURVE(2,(#2548,#2549,#2550,#2551,
#2552,#2553,#2554),.UNSPECIFIED.,.T.,.F.) B_SPLINE_CURVE_WITH_KNOTS((1,2
    ,2,2,2,1),(-2.094395102393,0.,2.094395102393,4.188790204786,
6.28318530718,8.377580409573),.UNSPECIFIED.) CURVE() 
GEOMETRIC_REPRESENTATION_ITEM() RATIONAL_B_SPLINE_CURVE((1.,0.5,1.,0.5,
1.,0.5,1.)) REPRESENTATION_ITEM('') );
#2548 = CARTESIAN_POINT('',(189.33,-10.31));
#2549 = CARTESIAN_POINT('',(193.22711431703,-10.31));
#2550 = CARTESIAN_POINT('',(191.27855715851,-13.685));
#2551 = CARTESIAN_POINT('',(189.33,-17.06));
#2552 = CARTESIAN_POINT('',(187.38144284148,-13.685));
#2553 = CARTESIAN_POINT('',(185.43288568297,-10.31));
#2554 = CARTESIAN_POINT('',(189.33,-10.31));
#2555 = ( GEOMETRIC_REPRESENTATION_CONTEXT(2) 
PARAMETRIC_REPRESENTATION_CONTEXT() REPRESENTATION_CONTEXT('2D SPACE',''
  ) );
#2556 = PCURVE('',#2557,#2562);
#2557 = CYLINDRICAL_SURFACE('',#2558,2.25);
#2558 = AXIS2_PLACEMENT_3D('',#2559,#2560,#2561);
#2559 = CARTESIAN_POINT('',(198.75,12.,-1.));
#2560 = DIRECTION('',(0.,0.,-1.));
#2561 = DIRECTION('',(0.,1.,0.));
#2562 = DEFINITIONAL_REPRESENTATION('',(#2563),#2567);
#2563 = LINE('',#2564,#2565);
#2564 = CARTESIAN_POINT('',(0.,-1.));
#2565 = VECTOR('',#2566,1.);
#2566 = DIRECTION('',(1.,0.));
#2567 = ( GEOMETRIC_REPRESENTATION_CONTEXT(2) 
PARAMETRIC_REPRESENTATION_CONTEXT() REPRESENTATION_CONTEXT('2D SPACE',''
  ) );
#2568 = FACE_BOUND('',#2569,.F.);
#2569 = EDGE_LOOP('',(#2570,#2605,#2632,#2665));
#2570 = ORIENTED_EDGE('',*,*,#2571,.T.);
#2571 = EDGE_CURVE('',#2572,#2574,#2576,.T.);
#2572 = VERTEX_POINT('',#2573);
#2573 = CARTESIAN_POINT('',(189.25,125.75,0.));
#2574 = VERTEX_POINT('',#2575);
#2575 = CARTESIAN_POINT('',(189.25,130.25,0.));
#2576 = SURFACE_CURVE('',#2577,(#2582,#2593),.PCURVE_S1.);
#2577 = CIRCLE('',#2578,2.25);
#2578 = AXIS2_PLACEMENT_3D('',#2579,#2580,#2581);
#2579 = CARTESIAN_POINT('',(189.25,128.,0.));
#2580 = DIRECTION('',(0.,-0.,-1.));
#2581 = DIRECTION('',(0.,-1.,0.));
#2582 = PCURVE('',#94,#2583);
#2583 = DEFINITIONAL_REPRESENTATION('',(#2584),#2592);
#2584 = ( BOUNDED_CURVE() B_SPLINE_CURVE(2,(#2585,#2586,#2587,#2588,
#2589,#2590,#2591),.UNSPECIFIED.,.T.,.F.) B_SPLINE_CURVE_WITH_KNOTS((1,2
    ,2,2,2,1),(-2.094395102393,0.,2.094395102393,4.188790204786,
6.28318530718,8.377580409573),.UNSPECIFIED.) CURVE() 
GEOMETRIC_REPRESENTATION_ITEM() RATIONAL_B_SPLINE_CURVE((1.,0.5,1.,0.5,
1.,0.5,1.)) REPRESENTATION_ITEM('') );
#2585 = CARTESIAN_POINT('',(179.83,101.19));
#2586 = CARTESIAN_POINT('',(175.93288568297,101.19));
#2587 = CARTESIAN_POINT('',(177.88144284148,104.565));
#2588 = CARTESIAN_POINT('',(179.83,107.94));
#2589 = CARTESIAN_POINT('',(181.77855715851,104.565));
#2590 = CARTESIAN_POINT('',(183.72711431703,101.19));
#2591 = CARTESIAN_POINT('',(179.83,101.19));
#2592 = ( GEOMETRIC_REPRESENTATION_CONTEXT(2) 
PARAMETRIC_REPRESENTATION_CONTEXT() REPRESENTATION_CONTEXT('2D SPACE',''
  ) );
#2593 = PCURVE('',#2594,#2599);
#2594 = CYLINDRICAL_SURFACE('',#2595,2.25);
#2595 = AXIS2_PLACEMENT_3D('',#2596,#2597,#2598);
#2596 = CARTESIAN_POINT('',(189.25,128.,-1.));
#2597 = DIRECTION('',(0.,-0.,-1.));
#2598 = DIRECTION('',(0.,-1.,0.));
#2599 = DEFINITIONAL_REPRESENTATION('',(#2600),#2604);
#2600 = LINE('',#2601,#2602);
#2601 = CARTESIAN_POINT('',(0.,-1.));
#2602 = VECTOR('',#2603,1.);
#2603 = DIRECTION('',(1.,0.));
#2604 = ( GEOMETRIC_REPRESENTATION_CONTEXT(2) 
PARAMETRIC_REPRESENTATION_CONTEXT() REPRESENTATION_CONTEXT('2D SPACE',''
  ) );
#2605 = ORIENTED_EDGE('',*,*,#2606,.F.);
#2606 = EDGE_CURVE('',#2607,#2574,#2609,.T.);
#2607 = VERTEX_POINT('',#2608);
#2608 = CARTESIAN_POINT('',(198.75,130.25,0.));
#2609 = SURFACE_CURVE('',#2610,(#2614,#2621),.PCURVE_S1.);
#2610 = LINE('',#2611,#2612);
#2611 = CARTESIAN_POINT('',(185.625,130.25,0.));
#2612 = VECTOR('',#2613,1.);
#2613 = DIRECTION('',(-1.,0.,0.));
#2614 = PCURVE('',#94,#2615);
#2615 = DEFINITIONAL_REPRESENTATION('',(#2616),#2620);
#2616 = LINE('',#2617,#2618);
#2617 = CARTESIAN_POINT('',(176.205,105.69));
#2618 = VECTOR('',#2619,1.);
#2619 = DIRECTION('',(-1.,0.));
#2620 = ( GEOMETRIC_REPRESENTATION_CONTEXT(2) 
PARAMETRIC_REPRESENTATION_CONTEXT() REPRESENTATION_CONTEXT('2D SPACE',''
  ) );
#2621 = PCURVE('',#2622,#2627);
#2622 = PLANE('',#2623);
#2623 = AXIS2_PLACEMENT_3D('',#2624,#2625,#2626);
#2624 = CARTESIAN_POINT('',(189.25,130.25,-1.));
#2625 = DIRECTION('',(0.,1.,0.));
#2626 = DIRECTION('',(1.,0.,0.));
#2627 = DEFINITIONAL_REPRESENTATION('',(#2628),#2631);
#2628 = B_SPLINE_CURVE_WITH_KNOTS('',1,(#2629,#2630),.UNSPECIFIED.,.F.,
  .F.,(2,2),(-13.125,-3.625),.PIECEWISE_BEZIER_KNOTS.);
#2629 = CARTESIAN_POINT('',(9.5,-1.));
#2630 = CARTESIAN_POINT('',(0.,-1.));
#2631 = ( GEOMETRIC_REPRESENTATION_CONTEXT(2) 
PARAMETRIC_REPRESENTATION_CONTEXT() REPRESENTATION_CONTEXT('2D SPACE',''
  ) );
#2632 = ORIENTED_EDGE('',*,*,#2633,.T.);
#2633 = EDGE_CURVE('',#2607,#2634,#2636,.T.);
#2634 = VERTEX_POINT('',#2635);
#2635 = CARTESIAN_POINT('',(198.75,125.75,0.));
#2636 = SURFACE_CURVE('',#2637,(#2642,#2653),.PCURVE_S1.);
#2637 = CIRCLE('',#2638,2.25);
#2638 = AXIS2_PLACEMENT_3D('',#2639,#2640,#2641);
#2639 = CARTESIAN_POINT('',(198.75,128.,0.));
#2640 = DIRECTION('',(0.,0.,-1.));
#2641 = DIRECTION('',(0.,1.,0.));
#2642 = PCURVE('',#94,#2643);
#2643 = DEFINITIONAL_REPRESENTATION('',(#2644),#2652);
#2644 = ( BOUNDED_CURVE() B_SPLINE_CURVE(2,(#2645,#2646,#2647,#2648,
#2649,#2650,#2651),.UNSPECIFIED.,.T.,.F.) B_SPLINE_CURVE_WITH_KNOTS((1,2
    ,2,2,2,1),(-2.094395102393,0.,2.094395102393,4.188790204786,
6.28318530718,8.377580409573),.UNSPECIFIED.) CURVE() 
GEOMETRIC_REPRESENTATION_ITEM() RATIONAL_B_SPLINE_CURVE((1.,0.5,1.,0.5,
1.,0.5,1.)) REPRESENTATION_ITEM('') );
#2645 = CARTESIAN_POINT('',(189.33,105.69));
#2646 = CARTESIAN_POINT('',(193.22711431703,105.69));
#2647 = CARTESIAN_POINT('',(191.27855715851,102.315));
#2648 = CARTESIAN_POINT('',(189.33,98.94));
#2649 = CARTESIAN_POINT('',(187.38144284148,102.315));
#2650 = CARTESIAN_POINT('',(185.43288568297,105.69));
#2651 = CARTESIAN_POINT('',(189.33,105.69));
#2652 = ( GEOMETRIC_REPRESENTATION_CONTEXT(2) 
PARAMETRIC_REPRESENTATION_CONTEXT() REPRESENTATION_CONTEXT('2D SPACE',''
  ) );
#2653 = PCURVE('',#2654,#2659);
#2654 = CYLINDRICAL_SURFACE('',#2655,2.25);
#2655 = AXIS2_PLACEMENT_3D('',#2656,#2657,#2658);
#2656 = CARTESIAN_POINT('',(198.75,128.,-1.));
#2657 = DIRECTION('',(0.,0.,-1.));
#2658 = DIRECTION('',(0.,1.,0.));
#2659 = DEFINITIONAL_REPRESENTATION('',(#2660),#2664);
#2660 = LINE('',#2661,#2662);
#2661 = CARTESIAN_POINT('',(0.,-1.));
#2662 = VECTOR('',#2663,1.);
#2663 = DIRECTION('',(1.,0.));
#2664 = ( GEOMETRIC_REPRESENTATION_CONTEXT(2) 
PARAMETRIC_REPRESENTATION_CONTEXT() REPRESENTATION_CONTEXT('2D SPACE',''
  ) );
#2665 = ORIENTED_EDGE('',*,*,#2666,.F.);
#2666 = EDGE_CURVE('',#2572,#2634,#2667,.T.);
#2667 = SURFACE_CURVE('',#2668,(#2672,#2679),.PCURVE_S1.);
#2668 = LINE('',#2669,#2670);
#2669 = CARTESIAN_POINT('',(190.375,125.75,0.));
#2670 = VECTOR('',#2671,1.);
#2671 = DIRECTION('',(1.,0.,-0.));
#2672 = PCURVE('',#94,#2673);
#2673 = DEFINITIONAL_REPRESENTATION('',(#2674),#2678);
#2674 = LINE('',#2675,#2676);
#2675 = CARTESIAN_POINT('',(180.955,101.19));
#2676 = VECTOR('',#2677,1.);
#2677 = DIRECTION('',(1.,0.));
#2678 = ( GEOMETRIC_REPRESENTATION_CONTEXT(2) 
PARAMETRIC_REPRESENTATION_CONTEXT() REPRESENTATION_CONTEXT('2D SPACE',''
  ) );
#2679 = PCURVE('',#2680,#2685);
#2680 = PLANE('',#2681);
#2681 = AXIS2_PLACEMENT_3D('',#2682,#2683,#2684);
#2682 = CARTESIAN_POINT('',(198.75,125.75,-1.));
#2683 = DIRECTION('',(0.,-1.,0.));
#2684 = DIRECTION('',(-1.,0.,0.));
#2685 = DEFINITIONAL_REPRESENTATION('',(#2686),#2689);
#2686 = B_SPLINE_CURVE_WITH_KNOTS('',1,(#2687,#2688),.UNSPECIFIED.,.F.,
  .F.,(2,2),(-1.125,8.375),.PIECEWISE_BEZIER_KNOTS.);
#2687 = CARTESIAN_POINT('',(9.5,-1.));
#2688 = CARTESIAN_POINT('',(0.,-1.));
#2689 = ( GEOMETRIC_REPRESENTATION_CONTEXT(2) 
PARAMETRIC_REPRESENTATION_CONTEXT() REPRESENTATION_CONTEXT('2D SPACE',''
  ) );
#2690 = FACE_BOUND('',#2691,.F.);
#2691 = EDGE_LOOP('',(#2692,#2716,#2744,#2772,#2800,#2828,#2856,#2878));
#2692 = ORIENTED_EDGE('',*,*,#2693,.T.);
#2693 = EDGE_CURVE('',#2694,#2696,#2698,.T.);
#2694 = VERTEX_POINT('',#2695);
#2695 = CARTESIAN_POINT('',(208.3,62.44,0.));
#2696 = VERTEX_POINT('',#2697);
#2697 = CARTESIAN_POINT('',(197.,62.44,0.));
#2698 = SURFACE_CURVE('',#2699,(#2703,#2710),.PCURVE_S1.);
#2699 = LINE('',#2700,#2701);
#2700 = CARTESIAN_POINT('',(156.5,62.44,0.));
#2701 = VECTOR('',#2702,1.);
#2702 = DIRECTION('',(-1.,-0.,0.));
#2703 = PCURVE('',#94,#2704);
#2704 = DEFINITIONAL_REPRESENTATION('',(#2705),#2709);
#2705 = LINE('',#2706,#2707);
#2706 = CARTESIAN_POINT('',(147.08,37.88));
#2707 = VECTOR('',#2708,1.);
#2708 = DIRECTION('',(-1.,0.));
#2709 = ( GEOMETRIC_REPRESENTATION_CONTEXT(2) 
PARAMETRIC_REPRESENTATION_CONTEXT() REPRESENTATION_CONTEXT('2D SPACE',''
  ) );
#2710 = PCURVE('',#2199,#2711);
#2711 = DEFINITIONAL_REPRESENTATION('',(#2712),#2715);
#2712 = B_SPLINE_CURVE_WITH_KNOTS('',1,(#2713,#2714),.UNSPECIFIED.,.F.,
  .F.,(2,2),(-51.8,-1.2),.PIECEWISE_BEZIER_KNOTS.);
#2713 = CARTESIAN_POINT('',(1.,50.6));
#2714 = CARTESIAN_POINT('',(1.,0.));
#2715 = ( GEOMETRIC_REPRESENTATION_CONTEXT(2) 
PARAMETRIC_REPRESENTATION_CONTEXT() REPRESENTATION_CONTEXT('2D SPACE',''
  ) );
#2716 = ORIENTED_EDGE('',*,*,#2717,.T.);
#2717 = EDGE_CURVE('',#2696,#2718,#2720,.T.);
#2718 = VERTEX_POINT('',#2719);
#2719 = CARTESIAN_POINT('',(197.,84.74,0.));
#2720 = SURFACE_CURVE('',#2721,(#2725,#2732),.PCURVE_S1.);
#2721 = LINE('',#2722,#2723);
#2722 = CARTESIAN_POINT('',(197.,18.,0.));
#2723 = VECTOR('',#2724,1.);
#2724 = DIRECTION('',(-0.,1.,0.));
#2725 = PCURVE('',#94,#2726);
#2726 = DEFINITIONAL_REPRESENTATION('',(#2727),#2731);
#2727 = LINE('',#2728,#2729);
#2728 = CARTESIAN_POINT('',(187.58,-6.56));
#2729 = VECTOR('',#2730,1.);
#2730 = DIRECTION('',(0.,1.));
#2731 = ( GEOMETRIC_REPRESENTATION_CONTEXT(2) 
PARAMETRIC_REPRESENTATION_CONTEXT() REPRESENTATION_CONTEXT('2D SPACE',''
  ) );
#2732 = PCURVE('',#2733,#2738);
#2733 = PLANE('',#2734);
#2734 = AXIS2_PLACEMENT_3D('',#2735,#2736,#2737);
#2735 = CARTESIAN_POINT('',(197.,18.,0.));
#2736 = DIRECTION('',(1.,0.,-0.));
#2737 = DIRECTION('',(0.,0.,1.));
#2738 = DEFINITIONAL_REPRESENTATION('',(#2739),#2743);
#2739 = LINE('',#2740,#2741);
#2740 = CARTESIAN_POINT('',(0.,0.));
#2741 = VECTOR('',#2742,1.);
#2742 = DIRECTION('',(0.,-1.));
#2743 = ( GEOMETRIC_REPRESENTATION_CONTEXT(2) 
PARAMETRIC_REPRESENTATION_CONTEXT() REPRESENTATION_CONTEXT('2D SPACE',''
  ) );
#2744 = ORIENTED_EDGE('',*,*,#2745,.T.);
#2745 = EDGE_CURVE('',#2718,#2746,#2748,.T.);
#2746 = VERTEX_POINT('',#2747);
#2747 = CARTESIAN_POINT('',(208.,84.74,0.));
#2748 = SURFACE_CURVE('',#2749,(#2753,#2760),.PCURVE_S1.);
#2749 = LINE('',#2750,#2751);
#2750 = CARTESIAN_POINT('',(158.,84.74,0.));
#2751 = VECTOR('',#2752,1.);
#2752 = DIRECTION('',(1.,0.,-0.));
#2753 = PCURVE('',#94,#2754);
#2754 = DEFINITIONAL_REPRESENTATION('',(#2755),#2759);
#2755 = LINE('',#2756,#2757);
#2756 = CARTESIAN_POINT('',(148.58,60.18));
#2757 = VECTOR('',#2758,1.);
#2758 = DIRECTION('',(1.,0.));
#2759 = ( GEOMETRIC_REPRESENTATION_CONTEXT(2) 
PARAMETRIC_REPRESENTATION_CONTEXT() REPRESENTATION_CONTEXT('2D SPACE',''
  ) );
#2760 = PCURVE('',#2761,#2766);
#2761 = PLANE('',#2762);
#2762 = AXIS2_PLACEMENT_3D('',#2763,#2764,#2765);
#2763 = CARTESIAN_POINT('',(158.,84.74,0.));
#2764 = DIRECTION('',(-0.,1.,0.));
#2765 = DIRECTION('',(0.,0.,1.));
#2766 = DEFINITIONAL_REPRESENTATION('',(#2767),#2771);
#2767 = LINE('',#2768,#2769);
#2768 = CARTESIAN_POINT('',(0.,0.));
#2769 = VECTOR('',#2770,1.);
#2770 = DIRECTION('',(0.,1.));
#2771 = ( GEOMETRIC_REPRESENTATION_CONTEXT(2) 
PARAMETRIC_REPRESENTATION_CONTEXT() REPRESENTATION_CONTEXT('2D SPACE',''
  ) );
#2772 = ORIENTED_EDGE('',*,*,#2773,.T.);
#2773 = EDGE_CURVE('',#2746,#2774,#2776,.T.);
#2774 = VERTEX_POINT('',#2775);
#2775 = CARTESIAN_POINT('',(208.,90.74,0.));
#2776 = SURFACE_CURVE('',#2777,(#2781,#2788),.PCURVE_S1.);
#2777 = LINE('',#2778,#2779);
#2778 = CARTESIAN_POINT('',(208.,84.74,0.));
#2779 = VECTOR('',#2780,1.);
#2780 = DIRECTION('',(-0.,1.,0.));
#2781 = PCURVE('',#94,#2782);
#2782 = DEFINITIONAL_REPRESENTATION('',(#2783),#2787);
#2783 = LINE('',#2784,#2785);
#2784 = CARTESIAN_POINT('',(198.58,60.18));
#2785 = VECTOR('',#2786,1.);
#2786 = DIRECTION('',(0.,1.));
#2787 = ( GEOMETRIC_REPRESENTATION_CONTEXT(2) 
PARAMETRIC_REPRESENTATION_CONTEXT() REPRESENTATION_CONTEXT('2D SPACE',''
  ) );
#2788 = PCURVE('',#2789,#2794);
#2789 = PLANE('',#2790);
#2790 = AXIS2_PLACEMENT_3D('',#2791,#2792,#2793);
#2791 = CARTESIAN_POINT('',(208.,84.74,0.));
#2792 = DIRECTION('',(1.,0.,-0.));
#2793 = DIRECTION('',(0.,0.,1.));
#2794 = DEFINITIONAL_REPRESENTATION('',(#2795),#2799);
#2795 = LINE('',#2796,#2797);
#2796 = CARTESIAN_POINT('',(0.,0.));
#2797 = VECTOR('',#2798,1.);
#2798 = DIRECTION('',(0.,-1.));
#2799 = ( GEOMETRIC_REPRESENTATION_CONTEXT(2) 
PARAMETRIC_REPRESENTATION_CONTEXT() REPRESENTATION_CONTEXT('2D SPACE',''
  ) );
#2800 = ORIENTED_EDGE('',*,*,#2801,.F.);
#2801 = EDGE_CURVE('',#2802,#2774,#2804,.T.);
#2802 = VERTEX_POINT('',#2803);
#2803 = CARTESIAN_POINT('',(197.,90.74,0.));
#2804 = SURFACE_CURVE('',#2805,(#2809,#2816),.PCURVE_S1.);
#2805 = LINE('',#2806,#2807);
#2806 = CARTESIAN_POINT('',(158.,90.74,0.));
#2807 = VECTOR('',#2808,1.);
#2808 = DIRECTION('',(1.,0.,-0.));
#2809 = PCURVE('',#94,#2810);
#2810 = DEFINITIONAL_REPRESENTATION('',(#2811),#2815);
#2811 = LINE('',#2812,#2813);
#2812 = CARTESIAN_POINT('',(148.58,66.18));
#2813 = VECTOR('',#2814,1.);
#2814 = DIRECTION('',(1.,0.));
#2815 = ( GEOMETRIC_REPRESENTATION_CONTEXT(2) 
PARAMETRIC_REPRESENTATION_CONTEXT() REPRESENTATION_CONTEXT('2D SPACE',''
  ) );
#2816 = PCURVE('',#2817,#2822);
#2817 = PLANE('',#2818);
#2818 = AXIS2_PLACEMENT_3D('',#2819,#2820,#2821);
#2819 = CARTESIAN_POINT('',(158.,90.74,0.));
#2820 = DIRECTION('',(-0.,1.,0.));
#2821 = DIRECTION('',(0.,0.,1.));
#2822 = DEFINITIONAL_REPRESENTATION('',(#2823),#2827);
#2823 = LINE('',#2824,#2825);
#2824 = CARTESIAN_POINT('',(0.,0.));
#2825 = VECTOR('',#2826,1.);
#2826 = DIRECTION('',(0.,1.));
#2827 = ( GEOMETRIC_REPRESENTATION_CONTEXT(2) 
PARAMETRIC_REPRESENTATION_CONTEXT() REPRESENTATION_CONTEXT('2D SPACE',''
  ) );
#2828 = ORIENTED_EDGE('',*,*,#2829,.T.);
#2829 = EDGE_CURVE('',#2802,#2830,#2832,.T.);
#2830 = VERTEX_POINT('',#2831);
#2831 = CARTESIAN_POINT('',(197.,113.04,0.));
#2832 = SURFACE_CURVE('',#2833,(#2837,#2844),.PCURVE_S1.);
#2833 = LINE('',#2834,#2835);
#2834 = CARTESIAN_POINT('',(197.,18.,0.));
#2835 = VECTOR('',#2836,1.);
#2836 = DIRECTION('',(-0.,1.,0.));
#2837 = PCURVE('',#94,#2838);
#2838 = DEFINITIONAL_REPRESENTATION('',(#2839),#2843);
#2839 = LINE('',#2840,#2841);
#2840 = CARTESIAN_POINT('',(187.58,-6.56));
#2841 = VECTOR('',#2842,1.);
#2842 = DIRECTION('',(0.,1.));
#2843 = ( GEOMETRIC_REPRESENTATION_CONTEXT(2) 
PARAMETRIC_REPRESENTATION_CONTEXT() REPRESENTATION_CONTEXT('2D SPACE',''
  ) );
#2844 = PCURVE('',#2845,#2850);
#2845 = PLANE('',#2846);
#2846 = AXIS2_PLACEMENT_3D('',#2847,#2848,#2849);
#2847 = CARTESIAN_POINT('',(197.,18.,0.));
#2848 = DIRECTION('',(1.,0.,-0.));
#2849 = DIRECTION('',(0.,0.,1.));
#2850 = DEFINITIONAL_REPRESENTATION('',(#2851),#2855);
#2851 = LINE('',#2852,#2853);
#2852 = CARTESIAN_POINT('',(0.,0.));
#2853 = VECTOR('',#2854,1.);
#2854 = DIRECTION('',(0.,-1.));
#2855 = ( GEOMETRIC_REPRESENTATION_CONTEXT(2) 
PARAMETRIC_REPRESENTATION_CONTEXT() REPRESENTATION_CONTEXT('2D SPACE',''
  ) );
#2856 = ORIENTED_EDGE('',*,*,#2857,.F.);
#2857 = EDGE_CURVE('',#2858,#2830,#2860,.T.);
#2858 = VERTEX_POINT('',#2859);
#2859 = CARTESIAN_POINT('',(208.3,113.04,0.));
#2860 = SURFACE_CURVE('',#2861,(#2865,#2872),.PCURVE_S1.);
#2861 = LINE('',#2862,#2863);
#2862 = CARTESIAN_POINT('',(156.5,113.04,0.));
#2863 = VECTOR('',#2864,1.);
#2864 = DIRECTION('',(-1.,-0.,0.));
#2865 = PCURVE('',#94,#2866);
#2866 = DEFINITIONAL_REPRESENTATION('',(#2867),#2871);
#2867 = LINE('',#2868,#2869);
#2868 = CARTESIAN_POINT('',(147.08,88.48));
#2869 = VECTOR('',#2870,1.);
#2870 = DIRECTION('',(-1.,0.));
#2871 = ( GEOMETRIC_REPRESENTATION_CONTEXT(2) 
PARAMETRIC_REPRESENTATION_CONTEXT() REPRESENTATION_CONTEXT('2D SPACE',''
  ) );
#2872 = PCURVE('',#1808,#2873);
#2873 = DEFINITIONAL_REPRESENTATION('',(#2874),#2877);
#2874 = B_SPLINE_CURVE_WITH_KNOTS('',1,(#2875,#2876),.UNSPECIFIED.,.F.,
  .F.,(2,2),(-51.8,-1.2),.PIECEWISE_BEZIER_KNOTS.);
#2875 = CARTESIAN_POINT('',(1.,50.6));
#2876 = CARTESIAN_POINT('',(1.,0.));
#2877 = ( GEOMETRIC_REPRESENTATION_CONTEXT(2) 
PARAMETRIC_REPRESENTATION_CONTEXT() REPRESENTATION_CONTEXT('2D SPACE',''
  ) );
#2878 = ORIENTED_EDGE('',*,*,#2879,.F.);
#2879 = EDGE_CURVE('',#2694,#2858,#2880,.T.);
#2880 = SURFACE_CURVE('',#2881,(#2885,#2892),.PCURVE_S1.);
#2881 = LINE('',#2882,#2883);
#2882 = CARTESIAN_POINT('',(208.3,61.24,0.));
#2883 = VECTOR('',#2884,1.);
#2884 = DIRECTION('',(-0.,1.,0.));
#2885 = PCURVE('',#94,#2886);
#2886 = DEFINITIONAL_REPRESENTATION('',(#2887),#2891);
#2887 = LINE('',#2888,#2889);
#2888 = CARTESIAN_POINT('',(198.88,36.68));
#2889 = VECTOR('',#2890,1.);
#2890 = DIRECTION('',(0.,1.));
#2891 = ( GEOMETRIC_REPRESENTATION_CONTEXT(2) 
PARAMETRIC_REPRESENTATION_CONTEXT() REPRESENTATION_CONTEXT('2D SPACE',''
  ) );
#2892 = PCURVE('',#2893,#2898);
#2893 = PLANE('',#2894);
#2894 = AXIS2_PLACEMENT_3D('',#2895,#2896,#2897);
#2895 = CARTESIAN_POINT('',(208.3,62.44,-1.));
#2896 = DIRECTION('',(1.,0.,-0.));
#2897 = DIRECTION('',(0.,0.,1.));
#2898 = DEFINITIONAL_REPRESENTATION('',(#2899),#2902);
#2899 = B_SPLINE_CURVE_WITH_KNOTS('',1,(#2900,#2901),.UNSPECIFIED.,.F.,
  .F.,(2,2),(1.2,51.8),.PIECEWISE_BEZIER_KNOTS.);
#2900 = CARTESIAN_POINT('',(1.,0.));
#2901 = CARTESIAN_POINT('',(1.,-50.6));
#2902 = ( GEOMETRIC_REPRESENTATION_CONTEXT(2) 
PARAMETRIC_REPRESENTATION_CONTEXT() REPRESENTATION_CONTEXT('2D SPACE',''
  ) );
#2903 = ADVANCED_FACE('',(#2904),#2893,.F.);
#2904 = FACE_BOUND('',#2905,.F.);
#2905 = EDGE_LOOP('',(#2906,#2929,#2930,#2953));
#2906 = ORIENTED_EDGE('',*,*,#2907,.F.);
#2907 = EDGE_CURVE('',#2694,#2908,#2910,.T.);
#2908 = VERTEX_POINT('',#2909);
#2909 = CARTESIAN_POINT('',(208.3,62.44,8.));
#2910 = SURFACE_CURVE('',#2911,(#2915,#2922),.PCURVE_S1.);
#2911 = LINE('',#2912,#2913);
#2912 = CARTESIAN_POINT('',(208.3,62.44,-1.));
#2913 = VECTOR('',#2914,1.);
#2914 = DIRECTION('',(0.,0.,1.));
#2915 = PCURVE('',#2893,#2916);
#2916 = DEFINITIONAL_REPRESENTATION('',(#2917),#2921);
#2917 = LINE('',#2918,#2919);
#2918 = CARTESIAN_POINT('',(0.,0.));
#2919 = VECTOR('',#2920,1.);
#2920 = DIRECTION('',(1.,0.));
#2921 = ( GEOMETRIC_REPRESENTATION_CONTEXT(2) 
PARAMETRIC_REPRESENTATION_CONTEXT() REPRESENTATION_CONTEXT('2D SPACE',''
  ) );
#2922 = PCURVE('',#2199,#2923);
#2923 = DEFINITIONAL_REPRESENTATION('',(#2924),#2928);
#2924 = LINE('',#2925,#2926);
#2925 = CARTESIAN_POINT('',(0.,50.6));
#2926 = VECTOR('',#2927,1.);
#2927 = DIRECTION('',(1.,0.));
#2928 = ( GEOMETRIC_REPRESENTATION_CONTEXT(2) 
PARAMETRIC_REPRESENTATION_CONTEXT() REPRESENTATION_CONTEXT('2D SPACE',''
  ) );
#2929 = ORIENTED_EDGE('',*,*,#2879,.T.);
#2930 = ORIENTED_EDGE('',*,*,#2931,.T.);
#2931 = EDGE_CURVE('',#2858,#2932,#2934,.T.);
#2932 = VERTEX_POINT('',#2933);
#2933 = CARTESIAN_POINT('',(208.3,113.04,8.));
#2934 = SURFACE_CURVE('',#2935,(#2939,#2946),.PCURVE_S1.);
#2935 = LINE('',#2936,#2937);
#2936 = CARTESIAN_POINT('',(208.3,113.04,-1.));
#2937 = VECTOR('',#2938,1.);
#2938 = DIRECTION('',(0.,0.,1.));
#2939 = PCURVE('',#2893,#2940);
#2940 = DEFINITIONAL_REPRESENTATION('',(#2941),#2945);
#2941 = LINE('',#2942,#2943);
#2942 = CARTESIAN_POINT('',(0.,-50.6));
#2943 = VECTOR('',#2944,1.);
#2944 = DIRECTION('',(1.,0.));
#2945 = ( GEOMETRIC_REPRESENTATION_CONTEXT(2) 
PARAMETRIC_REPRESENTATION_CONTEXT() REPRESENTATION_CONTEXT('2D SPACE',''
  ) );
#2946 = PCURVE('',#1808,#2947);
#2947 = DEFINITIONAL_REPRESENTATION('',(#2948),#2952);
#2948 = LINE('',#2949,#2950);
#2949 = CARTESIAN_POINT('',(0.,50.6));
#2950 = VECTOR('',#2951,1.);
#2951 = DIRECTION('',(1.,0.));
#2952 = ( GEOMETRIC_REPRESENTATION_CONTEXT(2) 
PARAMETRIC_REPRESENTATION_CONTEXT() REPRESENTATION_CONTEXT('2D SPACE',''
  ) );
#2953 = ORIENTED_EDGE('',*,*,#2954,.F.);
#2954 = EDGE_CURVE('',#2908,#2932,#2955,.T.);
#2955 = SURFACE_CURVE('',#2956,(#2960,#2966),.PCURVE_S1.);
#2956 = LINE('',#2957,#2958);
#2957 = CARTESIAN_POINT('',(208.3,61.24,8.));
#2958 = VECTOR('',#2959,1.);
#2959 = DIRECTION('',(-0.,1.,0.));
#2960 = PCURVE('',#2893,#2961);
#2961 = DEFINITIONAL_REPRESENTATION('',(#2962),#2965);
#2962 = B_SPLINE_CURVE_WITH_KNOTS('',1,(#2963,#2964),.UNSPECIFIED.,.F.,
  .F.,(2,2),(1.2,51.8),.PIECEWISE_BEZIER_KNOTS.);
#2963 = CARTESIAN_POINT('',(9.,0.));
#2964 = CARTESIAN_POINT('',(9.,-50.6));
#2965 = ( GEOMETRIC_REPRESENTATION_CONTEXT(2) 
PARAMETRIC_REPRESENTATION_CONTEXT() REPRESENTATION_CONTEXT('2D SPACE',''
  ) );
#2966 = PCURVE('',#2967,#2972);
#2967 = PLANE('',#2968);
#2968 = AXIS2_PLACEMENT_3D('',#2969,#2970,#2971);
#2969 = CARTESIAN_POINT('',(155.3,60.04,8.));
#2970 = DIRECTION('',(0.,0.,1.));
#2971 = DIRECTION('',(1.,0.,-0.));
#2972 = DEFINITIONAL_REPRESENTATION('',(#2973),#2976);
#2973 = B_SPLINE_CURVE_WITH_KNOTS('',1,(#2974,#2975),.UNSPECIFIED.,.F.,
  .F.,(2,2),(1.2,51.8),.PIECEWISE_BEZIER_KNOTS.);
#2974 = CARTESIAN_POINT('',(53.,2.4));
#2975 = CARTESIAN_POINT('',(53.,53.));
#2976 = ( GEOMETRIC_REPRESENTATION_CONTEXT(2) 
PARAMETRIC_REPRESENTATION_CONTEXT() REPRESENTATION_CONTEXT('2D SPACE',''
  ) );
#2977 = ADVANCED_FACE('',(#2978,#3072),#2967,.T.);
#2978 = FACE_BOUND('',#2979,.T.);
#2979 = EDGE_LOOP('',(#2980,#3005,#3028,#3051));
#2980 = ORIENTED_EDGE('',*,*,#2981,.F.);
#2981 = EDGE_CURVE('',#2982,#2984,#2986,.T.);
#2982 = VERTEX_POINT('',#2983);
#2983 = CARTESIAN_POINT('',(155.3,60.04,8.));
#2984 = VERTEX_POINT('',#2985);
#2985 = CARTESIAN_POINT('',(155.3,115.44,8.));
#2986 = SURFACE_CURVE('',#2987,(#2991,#2998),.PCURVE_S1.);
#2987 = LINE('',#2988,#2989);
#2988 = CARTESIAN_POINT('',(155.3,60.04,8.));
#2989 = VECTOR('',#2990,1.);
#2990 = DIRECTION('',(-0.,1.,0.));
#2991 = PCURVE('',#2967,#2992);
#2992 = DEFINITIONAL_REPRESENTATION('',(#2993),#2997);
#2993 = LINE('',#2994,#2995);
#2994 = CARTESIAN_POINT('',(0.,0.));
#2995 = VECTOR('',#2996,1.);
#2996 = DIRECTION('',(0.,1.));
#2997 = ( GEOMETRIC_REPRESENTATION_CONTEXT(2) 
PARAMETRIC_REPRESENTATION_CONTEXT() REPRESENTATION_CONTEXT('2D SPACE',''
  ) );
#2998 = PCURVE('',#983,#2999);
#2999 = DEFINITIONAL_REPRESENTATION('',(#3000),#3004);
#3000 = LINE('',#3001,#3002);
#3001 = CARTESIAN_POINT('',(8.,0.));
#3002 = VECTOR('',#3003,1.);
#3003 = DIRECTION('',(0.,-1.));
#3004 = ( GEOMETRIC_REPRESENTATION_CONTEXT(2) 
PARAMETRIC_REPRESENTATION_CONTEXT() REPRESENTATION_CONTEXT('2D SPACE',''
  ) );
#3005 = ORIENTED_EDGE('',*,*,#3006,.T.);
#3006 = EDGE_CURVE('',#2982,#3007,#3009,.T.);
#3007 = VERTEX_POINT('',#3008);
#3008 = CARTESIAN_POINT('',(210.7,60.04,8.));
#3009 = SURFACE_CURVE('',#3010,(#3014,#3021),.PCURVE_S1.);
#3010 = LINE('',#3011,#3012);
#3011 = CARTESIAN_POINT('',(155.3,60.04,8.));
#3012 = VECTOR('',#3013,1.);
#3013 = DIRECTION('',(1.,0.,-0.));
#3014 = PCURVE('',#2967,#3015);
#3015 = DEFINITIONAL_REPRESENTATION('',(#3016),#3020);
#3016 = LINE('',#3017,#3018);
#3017 = CARTESIAN_POINT('',(0.,0.));
#3018 = VECTOR('',#3019,1.);
#3019 = DIRECTION('',(1.,0.));
#3020 = ( GEOMETRIC_REPRESENTATION_CONTEXT(2) 
PARAMETRIC_REPRESENTATION_CONTEXT() REPRESENTATION_CONTEXT('2D SPACE',''
  ) );
#3021 = PCURVE('',#509,#3022);
#3022 = DEFINITIONAL_REPRESENTATION('',(#3023),#3027);
#3023 = LINE('',#3024,#3025);
#3024 = CARTESIAN_POINT('',(8.,0.));
#3025 = VECTOR('',#3026,1.);
#3026 = DIRECTION('',(0.,1.));
#3027 = ( GEOMETRIC_REPRESENTATION_CONTEXT(2) 
PARAMETRIC_REPRESENTATION_CONTEXT() REPRESENTATION_CONTEXT('2D SPACE',''
  ) );
#3028 = ORIENTED_EDGE('',*,*,#3029,.T.);
#3029 = EDGE_CURVE('',#3007,#3030,#3032,.T.);
#3030 = VERTEX_POINT('',#3031);
#3031 = CARTESIAN_POINT('',(210.7,115.44,8.));
#3032 = SURFACE_CURVE('',#3033,(#3037,#3044),.PCURVE_S1.);
#3033 = LINE('',#3034,#3035);
#3034 = CARTESIAN_POINT('',(210.7,60.04,8.));
#3035 = VECTOR('',#3036,1.);
#3036 = DIRECTION('',(-0.,1.,0.));
#3037 = PCURVE('',#2967,#3038);
#3038 = DEFINITIONAL_REPRESENTATION('',(#3039),#3043);
#3039 = LINE('',#3040,#3041);
#3040 = CARTESIAN_POINT('',(55.4,0.));
#3041 = VECTOR('',#3042,1.);
#3042 = DIRECTION('',(0.,1.));
#3043 = ( GEOMETRIC_REPRESENTATION_CONTEXT(2) 
PARAMETRIC_REPRESENTATION_CONTEXT() REPRESENTATION_CONTEXT('2D SPACE',''
  ) );
#3044 = PCURVE('',#537,#3045);
#3045 = DEFINITIONAL_REPRESENTATION('',(#3046),#3050);
#3046 = LINE('',#3047,#3048);
#3047 = CARTESIAN_POINT('',(8.,0.));
#3048 = VECTOR('',#3049,1.);
#3049 = DIRECTION('',(0.,-1.));
#3050 = ( GEOMETRIC_REPRESENTATION_CONTEXT(2) 
PARAMETRIC_REPRESENTATION_CONTEXT() REPRESENTATION_CONTEXT('2D SPACE',''
  ) );
#3051 = ORIENTED_EDGE('',*,*,#3052,.F.);
#3052 = EDGE_CURVE('',#2984,#3030,#3053,.T.);
#3053 = SURFACE_CURVE('',#3054,(#3058,#3065),.PCURVE_S1.);
#3054 = LINE('',#3055,#3056);
#3055 = CARTESIAN_POINT('',(155.3,115.44,8.));
#3056 = VECTOR('',#3057,1.);
#3057 = DIRECTION('',(1.,0.,-0.));
#3058 = PCURVE('',#2967,#3059);
#3059 = DEFINITIONAL_REPRESENTATION('',(#3060),#3064);
#3060 = LINE('',#3061,#3062);
#3061 = CARTESIAN_POINT('',(0.,55.4));
#3062 = VECTOR('',#3063,1.);
#3063 = DIRECTION('',(1.,0.));
#3064 = ( GEOMETRIC_REPRESENTATION_CONTEXT(2) 
PARAMETRIC_REPRESENTATION_CONTEXT() REPRESENTATION_CONTEXT('2D SPACE',''
  ) );
#3065 = PCURVE('',#565,#3066);
#3066 = DEFINITIONAL_REPRESENTATION('',(#3067),#3071);
#3067 = LINE('',#3068,#3069);
#3068 = CARTESIAN_POINT('',(8.,0.));
#3069 = VECTOR('',#3070,1.);
#3070 = DIRECTION('',(0.,1.));
#3071 = ( GEOMETRIC_REPRESENTATION_CONTEXT(2) 
PARAMETRIC_REPRESENTATION_CONTEXT() REPRESENTATION_CONTEXT('2D SPACE',''
  ) );
#3072 = FACE_BOUND('',#3073,.T.);
#3073 = EDGE_LOOP('',(#3074,#3095,#3116,#3135));
#3074 = ORIENTED_EDGE('',*,*,#3075,.T.);
#3075 = EDGE_CURVE('',#2908,#3076,#3078,.T.);
#3076 = VERTEX_POINT('',#3077);
#3077 = CARTESIAN_POINT('',(157.7,62.44,8.));
#3078 = SURFACE_CURVE('',#3079,(#3083,#3089),.PCURVE_S1.);
#3079 = LINE('',#3080,#3081);
#3080 = CARTESIAN_POINT('',(156.5,62.44,8.));
#3081 = VECTOR('',#3082,1.);
#3082 = DIRECTION('',(-1.,-0.,0.));
#3083 = PCURVE('',#2967,#3084);
#3084 = DEFINITIONAL_REPRESENTATION('',(#3085),#3088);
#3085 = B_SPLINE_CURVE_WITH_KNOTS('',1,(#3086,#3087),.UNSPECIFIED.,.F.,
  .F.,(2,2),(-51.8,-1.2),.PIECEWISE_BEZIER_KNOTS.);
#3086 = CARTESIAN_POINT('',(53.,2.4));
#3087 = CARTESIAN_POINT('',(2.4,2.4));
#3088 = ( GEOMETRIC_REPRESENTATION_CONTEXT(2) 
PARAMETRIC_REPRESENTATION_CONTEXT() REPRESENTATION_CONTEXT('2D SPACE',''
  ) );
#3089 = PCURVE('',#2199,#3090);
#3090 = DEFINITIONAL_REPRESENTATION('',(#3091),#3094);
#3091 = B_SPLINE_CURVE_WITH_KNOTS('',1,(#3092,#3093),.UNSPECIFIED.,.F.,
  .F.,(2,2),(-51.8,-1.2),.PIECEWISE_BEZIER_KNOTS.);
#3092 = CARTESIAN_POINT('',(9.,50.6));
#3093 = CARTESIAN_POINT('',(9.,0.));
#3094 = ( GEOMETRIC_REPRESENTATION_CONTEXT(2) 
PARAMETRIC_REPRESENTATION_CONTEXT() REPRESENTATION_CONTEXT('2D SPACE',''
  ) );
#3095 = ORIENTED_EDGE('',*,*,#3096,.T.);
#3096 = EDGE_CURVE('',#3076,#3097,#3099,.T.);
#3097 = VERTEX_POINT('',#3098);
#3098 = CARTESIAN_POINT('',(157.7,113.04,8.));
#3099 = SURFACE_CURVE('',#3100,(#3104,#3110),.PCURVE_S1.);
#3100 = LINE('',#3101,#3102);
#3101 = CARTESIAN_POINT('',(157.7,61.24,8.));
#3102 = VECTOR('',#3103,1.);
#3103 = DIRECTION('',(-0.,1.,0.));
#3104 = PCURVE('',#2967,#3105);
#3105 = DEFINITIONAL_REPRESENTATION('',(#3106),#3109);
#3106 = B_SPLINE_CURVE_WITH_KNOTS('',1,(#3107,#3108),.UNSPECIFIED.,.F.,
  .F.,(2,2),(1.2,51.8),.PIECEWISE_BEZIER_KNOTS.);
#3107 = CARTESIAN_POINT('',(2.4,2.4));
#3108 = CARTESIAN_POINT('',(2.4,53.));
#3109 = ( GEOMETRIC_REPRESENTATION_CONTEXT(2) 
PARAMETRIC_REPRESENTATION_CONTEXT() REPRESENTATION_CONTEXT('2D SPACE',''
  ) );
#3110 = PCURVE('',#2226,#3111);
#3111 = DEFINITIONAL_REPRESENTATION('',(#3112),#3115);
#3112 = B_SPLINE_CURVE_WITH_KNOTS('',1,(#3113,#3114),.UNSPECIFIED.,.F.,
  .F.,(2,2),(1.2,51.8),.PIECEWISE_BEZIER_KNOTS.);
#3113 = CARTESIAN_POINT('',(9.,0.));
#3114 = CARTESIAN_POINT('',(9.,-50.6));
#3115 = ( GEOMETRIC_REPRESENTATION_CONTEXT(2) 
PARAMETRIC_REPRESENTATION_CONTEXT() REPRESENTATION_CONTEXT('2D SPACE',''
  ) );
#3116 = ORIENTED_EDGE('',*,*,#3117,.F.);
#3117 = EDGE_CURVE('',#2932,#3097,#3118,.T.);
#3118 = SURFACE_CURVE('',#3119,(#3123,#3129),.PCURVE_S1.);
#3119 = LINE('',#3120,#3121);
#3120 = CARTESIAN_POINT('',(156.5,113.04,8.));
#3121 = VECTOR('',#3122,1.);
#3122 = DIRECTION('',(-1.,-0.,0.));
#3123 = PCURVE('',#2967,#3124);
#3124 = DEFINITIONAL_REPRESENTATION('',(#3125),#3128);
#3125 = B_SPLINE_CURVE_WITH_KNOTS('',1,(#3126,#3127),.UNSPECIFIED.,.F.,
  .F.,(2,2),(-51.8,-1.2),.PIECEWISE_BEZIER_KNOTS.);
#3126 = CARTESIAN_POINT('',(53.,53.));
#3127 = CARTESIAN_POINT('',(2.4,53.));
#3128 = ( GEOMETRIC_REPRESENTATION_CONTEXT(2) 
PARAMETRIC_REPRESENTATION_CONTEXT() REPRESENTATION_CONTEXT('2D SPACE',''
  ) );
#3129 = PCURVE('',#1808,#3130);
#3130 = DEFINITIONAL_REPRESENTATION('',(#3131),#3134);
#3131 = B_SPLINE_CURVE_WITH_KNOTS('',1,(#3132,#3133),.UNSPECIFIED.,.F.,
  .F.,(2,2),(-51.8,-1.2),.PIECEWISE_BEZIER_KNOTS.);
#3132 = CARTESIAN_POINT('',(9.,50.6));
#3133 = CARTESIAN_POINT('',(9.,0.));
#3134 = ( GEOMETRIC_REPRESENTATION_CONTEXT(2) 
PARAMETRIC_REPRESENTATION_CONTEXT() REPRESENTATION_CONTEXT('2D SPACE',''
  ) );
#3135 = ORIENTED_EDGE('',*,*,#2954,.F.);
#3136 = ADVANCED_FACE('',(#3137),#2845,.T.);
#3137 = FACE_BOUND('',#3138,.T.);
#3138 = EDGE_LOOP('',(#3139,#3169,#3188,#3189));
#3139 = ORIENTED_EDGE('',*,*,#3140,.F.);
#3140 = EDGE_CURVE('',#3141,#3143,#3145,.T.);
#3141 = VERTEX_POINT('',#3142);
#3142 = CARTESIAN_POINT('',(197.,90.74,3.2));
#3143 = VERTEX_POINT('',#3144);
#3144 = CARTESIAN_POINT('',(197.,113.04,3.2));
#3145 = SURFACE_CURVE('',#3146,(#3150,#3157),.PCURVE_S1.);
#3146 = LINE('',#3147,#3148);
#3147 = CARTESIAN_POINT('',(197.,18.,3.2));
#3148 = VECTOR('',#3149,1.);
#3149 = DIRECTION('',(-0.,1.,0.));
#3150 = PCURVE('',#2845,#3151);
#3151 = DEFINITIONAL_REPRESENTATION('',(#3152),#3156);
#3152 = LINE('',#3153,#3154);
#3153 = CARTESIAN_POINT('',(3.2,0.));
#3154 = VECTOR('',#3155,1.);
#3155 = DIRECTION('',(0.,-1.));
#3156 = ( GEOMETRIC_REPRESENTATION_CONTEXT(2) 
PARAMETRIC_REPRESENTATION_CONTEXT() REPRESENTATION_CONTEXT('2D SPACE',''
  ) );
#3157 = PCURVE('',#3158,#3163);
#3158 = PLANE('',#3159);
#3159 = AXIS2_PLACEMENT_3D('',#3160,#3161,#3162);
#3160 = CARTESIAN_POINT('',(191.,18.,3.2));
#3161 = DIRECTION('',(0.,0.,1.));
#3162 = DIRECTION('',(1.,0.,-0.));
#3163 = DEFINITIONAL_REPRESENTATION('',(#3164),#3168);
#3164 = LINE('',#3165,#3166);
#3165 = CARTESIAN_POINT('',(6.,0.));
#3166 = VECTOR('',#3167,1.);
#3167 = DIRECTION('',(0.,1.));
#3168 = ( GEOMETRIC_REPRESENTATION_CONTEXT(2) 
PARAMETRIC_REPRESENTATION_CONTEXT() REPRESENTATION_CONTEXT('2D SPACE',''
  ) );
#3169 = ORIENTED_EDGE('',*,*,#3170,.T.);
#3170 = EDGE_CURVE('',#3141,#2802,#3171,.T.);
#3171 = SURFACE_CURVE('',#3172,(#3176,#3182),.PCURVE_S1.);
#3172 = LINE('',#3173,#3174);
#3173 = CARTESIAN_POINT('',(197.,90.74,0.));
#3174 = VECTOR('',#3175,1.);
#3175 = DIRECTION('',(-0.,0.,-1.));
#3176 = PCURVE('',#2845,#3177);
#3177 = DEFINITIONAL_REPRESENTATION('',(#3178),#3181);
#3178 = B_SPLINE_CURVE_WITH_KNOTS('',1,(#3179,#3180),.UNSPECIFIED.,.F.,
  .F.,(2,2),(-3.2,0.),.PIECEWISE_BEZIER_KNOTS.);
#3179 = CARTESIAN_POINT('',(3.2,-72.74));
#3180 = CARTESIAN_POINT('',(0.,-72.74));
#3181 = ( GEOMETRIC_REPRESENTATION_CONTEXT(2) 
PARAMETRIC_REPRESENTATION_CONTEXT() REPRESENTATION_CONTEXT('2D SPACE',''
  ) );
#3182 = PCURVE('',#2817,#3183);
#3183 = DEFINITIONAL_REPRESENTATION('',(#3184),#3187);
#3184 = B_SPLINE_CURVE_WITH_KNOTS('',1,(#3185,#3186),.UNSPECIFIED.,.F.,
  .F.,(2,2),(-3.2,0.),.PIECEWISE_BEZIER_KNOTS.);
#3185 = CARTESIAN_POINT('',(3.2,39.));
#3186 = CARTESIAN_POINT('',(0.,39.));
#3187 = ( GEOMETRIC_REPRESENTATION_CONTEXT(2) 
PARAMETRIC_REPRESENTATION_CONTEXT() REPRESENTATION_CONTEXT('2D SPACE',''
  ) );
#3188 = ORIENTED_EDGE('',*,*,#2829,.T.);
#3189 = ORIENTED_EDGE('',*,*,#3190,.F.);
#3190 = EDGE_CURVE('',#3143,#2830,#3191,.T.);
#3191 = SURFACE_CURVE('',#3192,(#3196,#3202),.PCURVE_S1.);
#3192 = LINE('',#3193,#3194);
#3193 = CARTESIAN_POINT('',(197.,113.04,-0.5));
#3194 = VECTOR('',#3195,1.);
#3195 = DIRECTION('',(-0.,0.,-1.));
#3196 = PCURVE('',#2845,#3197);
#3197 = DEFINITIONAL_REPRESENTATION('',(#3198),#3201);
#3198 = B_SPLINE_CURVE_WITH_KNOTS('',1,(#3199,#3200),.UNSPECIFIED.,.F.,
  .F.,(2,2),(-3.7,-0.5),.PIECEWISE_BEZIER_KNOTS.);
#3199 = CARTESIAN_POINT('',(3.2,-95.04));
#3200 = CARTESIAN_POINT('',(0.,-95.04));
#3201 = ( GEOMETRIC_REPRESENTATION_CONTEXT(2) 
PARAMETRIC_REPRESENTATION_CONTEXT() REPRESENTATION_CONTEXT('2D SPACE',''
  ) );
#3202 = PCURVE('',#1808,#3203);
#3203 = DEFINITIONAL_REPRESENTATION('',(#3204),#3207);
#3204 = B_SPLINE_CURVE_WITH_KNOTS('',1,(#3205,#3206),.UNSPECIFIED.,.F.,
  .F.,(2,2),(-3.7,-0.5),.PIECEWISE_BEZIER_KNOTS.);
#3205 = CARTESIAN_POINT('',(4.2,39.3));
#3206 = CARTESIAN_POINT('',(1.,39.3));
#3207 = ( GEOMETRIC_REPRESENTATION_CONTEXT(2) 
PARAMETRIC_REPRESENTATION_CONTEXT() REPRESENTATION_CONTEXT('2D SPACE',''
  ) );
#3208 = ADVANCED_FACE('',(#3209),#3158,.T.);
#3209 = FACE_BOUND('',#3210,.T.);
#3210 = EDGE_LOOP('',(#3211,#3236,#3259,#3282,#3305,#3328,#3351,#3374,
    #3397,#3420,#3443,#3466,#3489,#3512,#3534,#3557,#3580,#3603,#3624,
    #3625));
#3211 = ORIENTED_EDGE('',*,*,#3212,.F.);
#3212 = EDGE_CURVE('',#3213,#3215,#3217,.T.);
#3213 = VERTEX_POINT('',#3214);
#3214 = CARTESIAN_POINT('',(191.,90.74,3.2));
#3215 = VERTEX_POINT('',#3216);
#3216 = CARTESIAN_POINT('',(191.,113.04,3.2));
#3217 = SURFACE_CURVE('',#3218,(#3222,#3229),.PCURVE_S1.);
#3218 = LINE('',#3219,#3220);
#3219 = CARTESIAN_POINT('',(191.,18.,3.2));
#3220 = VECTOR('',#3221,1.);
#3221 = DIRECTION('',(-0.,1.,0.));
#3222 = PCURVE('',#3158,#3223);
#3223 = DEFINITIONAL_REPRESENTATION('',(#3224),#3228);
#3224 = LINE('',#3225,#3226);
#3225 = CARTESIAN_POINT('',(0.,0.));
#3226 = VECTOR('',#3227,1.);
#3227 = DIRECTION('',(0.,1.));
#3228 = ( GEOMETRIC_REPRESENTATION_CONTEXT(2) 
PARAMETRIC_REPRESENTATION_CONTEXT() REPRESENTATION_CONTEXT('2D SPACE',''
  ) );
#3229 = PCURVE('',#1835,#3230);
#3230 = DEFINITIONAL_REPRESENTATION('',(#3231),#3235);
#3231 = LINE('',#3232,#3233);
#3232 = CARTESIAN_POINT('',(3.2,0.));
#3233 = VECTOR('',#3234,1.);
#3234 = DIRECTION('',(0.,-1.));
#3235 = ( GEOMETRIC_REPRESENTATION_CONTEXT(2) 
PARAMETRIC_REPRESENTATION_CONTEXT() REPRESENTATION_CONTEXT('2D SPACE',''
  ) );
#3236 = ORIENTED_EDGE('',*,*,#3237,.F.);
#3237 = EDGE_CURVE('',#3238,#3213,#3240,.T.);
#3238 = VERTEX_POINT('',#3239);
#3239 = CARTESIAN_POINT('',(186.,90.74,3.2));
#3240 = SURFACE_CURVE('',#3241,(#3245,#3252),.PCURVE_S1.);
#3241 = LINE('',#3242,#3243);
#3242 = CARTESIAN_POINT('',(158.,90.74,3.2));
#3243 = VECTOR('',#3244,1.);
#3244 = DIRECTION('',(1.,0.,-0.));
#3245 = PCURVE('',#3158,#3246);
#3246 = DEFINITIONAL_REPRESENTATION('',(#3247),#3251);
#3247 = LINE('',#3248,#3249);
#3248 = CARTESIAN_POINT('',(-33.,72.74));
#3249 = VECTOR('',#3250,1.);
#3250 = DIRECTION('',(1.,0.));
#3251 = ( GEOMETRIC_REPRESENTATION_CONTEXT(2) 
PARAMETRIC_REPRESENTATION_CONTEXT() REPRESENTATION_CONTEXT('2D SPACE',''
  ) );
#3252 = PCURVE('',#1863,#3253);
#3253 = DEFINITIONAL_REPRESENTATION('',(#3254),#3258);
#3254 = LINE('',#3255,#3256);
#3255 = CARTESIAN_POINT('',(3.2,0.));
#3256 = VECTOR('',#3257,1.);
#3257 = DIRECTION('',(0.,1.));
#3258 = ( GEOMETRIC_REPRESENTATION_CONTEXT(2) 
PARAMETRIC_REPRESENTATION_CONTEXT() REPRESENTATION_CONTEXT('2D SPACE',''
  ) );
#3259 = ORIENTED_EDGE('',*,*,#3260,.T.);
#3260 = EDGE_CURVE('',#3238,#3261,#3263,.T.);
#3261 = VERTEX_POINT('',#3262);
#3262 = CARTESIAN_POINT('',(186.,112.74,3.2));
#3263 = SURFACE_CURVE('',#3264,(#3268,#3275),.PCURVE_S1.);
#3264 = LINE('',#3265,#3266);
#3265 = CARTESIAN_POINT('',(186.,62.74,3.2));
#3266 = VECTOR('',#3267,1.);
#3267 = DIRECTION('',(-0.,1.,0.));
#3268 = PCURVE('',#3158,#3269);
#3269 = DEFINITIONAL_REPRESENTATION('',(#3270),#3274);
#3270 = LINE('',#3271,#3272);
#3271 = CARTESIAN_POINT('',(-5.,44.74));
#3272 = VECTOR('',#3273,1.);
#3273 = DIRECTION('',(0.,1.));
#3274 = ( GEOMETRIC_REPRESENTATION_CONTEXT(2) 
PARAMETRIC_REPRESENTATION_CONTEXT() REPRESENTATION_CONTEXT('2D SPACE',''
  ) );
#3275 = PCURVE('',#1891,#3276);
#3276 = DEFINITIONAL_REPRESENTATION('',(#3277),#3281);
#3277 = LINE('',#3278,#3279);
#3278 = CARTESIAN_POINT('',(3.2,0.));
#3279 = VECTOR('',#3280,1.);
#3280 = DIRECTION('',(0.,-1.));
#3281 = ( GEOMETRIC_REPRESENTATION_CONTEXT(2) 
PARAMETRIC_REPRESENTATION_CONTEXT() REPRESENTATION_CONTEXT('2D SPACE',''
  ) );
#3282 = ORIENTED_EDGE('',*,*,#3283,.F.);
#3283 = EDGE_CURVE('',#3284,#3261,#3286,.T.);
#3284 = VERTEX_POINT('',#3285);
#3285 = CARTESIAN_POINT('',(180.,112.74,3.2));
#3286 = SURFACE_CURVE('',#3287,(#3291,#3298),.PCURVE_S1.);
#3287 = LINE('',#3288,#3289);
#3288 = CARTESIAN_POINT('',(180.,112.74,3.2));
#3289 = VECTOR('',#3290,1.);
#3290 = DIRECTION('',(1.,0.,-0.));
#3291 = PCURVE('',#3158,#3292);
#3292 = DEFINITIONAL_REPRESENTATION('',(#3293),#3297);
#3293 = LINE('',#3294,#3295);
#3294 = CARTESIAN_POINT('',(-11.,94.74));
#3295 = VECTOR('',#3296,1.);
#3296 = DIRECTION('',(1.,0.));
#3297 = ( GEOMETRIC_REPRESENTATION_CONTEXT(2) 
PARAMETRIC_REPRESENTATION_CONTEXT() REPRESENTATION_CONTEXT('2D SPACE',''
  ) );
#3298 = PCURVE('',#1919,#3299);
#3299 = DEFINITIONAL_REPRESENTATION('',(#3300),#3304);
#3300 = LINE('',#3301,#3302);
#3301 = CARTESIAN_POINT('',(3.2,0.));
#3302 = VECTOR('',#3303,1.);
#3303 = DIRECTION('',(0.,1.));
#3304 = ( GEOMETRIC_REPRESENTATION_CONTEXT(2) 
PARAMETRIC_REPRESENTATION_CONTEXT() REPRESENTATION_CONTEXT('2D SPACE',''
  ) );
#3305 = ORIENTED_EDGE('',*,*,#3306,.F.);
#3306 = EDGE_CURVE('',#3307,#3284,#3309,.T.);
#3307 = VERTEX_POINT('',#3308);
#3308 = CARTESIAN_POINT('',(180.,90.74,3.2));
#3309 = SURFACE_CURVE('',#3310,(#3314,#3321),.PCURVE_S1.);
#3310 = LINE('',#3311,#3312);
#3311 = CARTESIAN_POINT('',(180.,62.74,3.2));
#3312 = VECTOR('',#3313,1.);
#3313 = DIRECTION('',(-0.,1.,0.));
#3314 = PCURVE('',#3158,#3315);
#3315 = DEFINITIONAL_REPRESENTATION('',(#3316),#3320);
#3316 = LINE('',#3317,#3318);
#3317 = CARTESIAN_POINT('',(-11.,44.74));
#3318 = VECTOR('',#3319,1.);
#3319 = DIRECTION('',(0.,1.));
#3320 = ( GEOMETRIC_REPRESENTATION_CONTEXT(2) 
PARAMETRIC_REPRESENTATION_CONTEXT() REPRESENTATION_CONTEXT('2D SPACE',''
  ) );
#3321 = PCURVE('',#1947,#3322);
#3322 = DEFINITIONAL_REPRESENTATION('',(#3323),#3327);
#3323 = LINE('',#3324,#3325);
#3324 = CARTESIAN_POINT('',(3.2,0.));
#3325 = VECTOR('',#3326,1.);
#3326 = DIRECTION('',(0.,-1.));
#3327 = ( GEOMETRIC_REPRESENTATION_CONTEXT(2) 
PARAMETRIC_REPRESENTATION_CONTEXT() REPRESENTATION_CONTEXT('2D SPACE',''
  ) );
#3328 = ORIENTED_EDGE('',*,*,#3329,.F.);
#3329 = EDGE_CURVE('',#3330,#3307,#3332,.T.);
#3330 = VERTEX_POINT('',#3331);
#3331 = CARTESIAN_POINT('',(158.,90.74,3.2));
#3332 = SURFACE_CURVE('',#3333,(#3337,#3344),.PCURVE_S1.);
#3333 = LINE('',#3334,#3335);
#3334 = CARTESIAN_POINT('',(158.,90.74,3.2));
#3335 = VECTOR('',#3336,1.);
#3336 = DIRECTION('',(1.,0.,-0.));
#3337 = PCURVE('',#3158,#3338);
#3338 = DEFINITIONAL_REPRESENTATION('',(#3339),#3343);
#3339 = LINE('',#3340,#3341);
#3340 = CARTESIAN_POINT('',(-33.,72.74));
#3341 = VECTOR('',#3342,1.);
#3342 = DIRECTION('',(1.,0.));
#3343 = ( GEOMETRIC_REPRESENTATION_CONTEXT(2) 
PARAMETRIC_REPRESENTATION_CONTEXT() REPRESENTATION_CONTEXT('2D SPACE',''
  ) );
#3344 = PCURVE('',#1975,#3345);
#3345 = DEFINITIONAL_REPRESENTATION('',(#3346),#3350);
#3346 = LINE('',#3347,#3348);
#3347 = CARTESIAN_POINT('',(3.2,0.));
#3348 = VECTOR('',#3349,1.);
#3349 = DIRECTION('',(0.,1.));
#3350 = ( GEOMETRIC_REPRESENTATION_CONTEXT(2) 
PARAMETRIC_REPRESENTATION_CONTEXT() REPRESENTATION_CONTEXT('2D SPACE',''
  ) );
#3351 = ORIENTED_EDGE('',*,*,#3352,.F.);
#3352 = EDGE_CURVE('',#3353,#3330,#3355,.T.);
#3353 = VERTEX_POINT('',#3354);
#3354 = CARTESIAN_POINT('',(158.,84.74,3.2));
#3355 = SURFACE_CURVE('',#3356,(#3360,#3367),.PCURVE_S1.);
#3356 = LINE('',#3357,#3358);
#3357 = CARTESIAN_POINT('',(158.,84.74,3.2));
#3358 = VECTOR('',#3359,1.);
#3359 = DIRECTION('',(-0.,1.,0.));
#3360 = PCURVE('',#3158,#3361);
#3361 = DEFINITIONAL_REPRESENTATION('',(#3362),#3366);
#3362 = LINE('',#3363,#3364);
#3363 = CARTESIAN_POINT('',(-33.,66.74));
#3364 = VECTOR('',#3365,1.);
#3365 = DIRECTION('',(0.,1.));
#3366 = ( GEOMETRIC_REPRESENTATION_CONTEXT(2) 
PARAMETRIC_REPRESENTATION_CONTEXT() REPRESENTATION_CONTEXT('2D SPACE',''
  ) );
#3367 = PCURVE('',#2003,#3368);
#3368 = DEFINITIONAL_REPRESENTATION('',(#3369),#3373);
#3369 = LINE('',#3370,#3371);
#3370 = CARTESIAN_POINT('',(3.2,0.));
#3371 = VECTOR('',#3372,1.);
#3372 = DIRECTION('',(0.,-1.));
#3373 = ( GEOMETRIC_REPRESENTATION_CONTEXT(2) 
PARAMETRIC_REPRESENTATION_CONTEXT() REPRESENTATION_CONTEXT('2D SPACE',''
  ) );
#3374 = ORIENTED_EDGE('',*,*,#3375,.T.);
#3375 = EDGE_CURVE('',#3353,#3376,#3378,.T.);
#3376 = VERTEX_POINT('',#3377);
#3377 = CARTESIAN_POINT('',(180.,84.74,3.2));
#3378 = SURFACE_CURVE('',#3379,(#3383,#3390),.PCURVE_S1.);
#3379 = LINE('',#3380,#3381);
#3380 = CARTESIAN_POINT('',(158.,84.74,3.2));
#3381 = VECTOR('',#3382,1.);
#3382 = DIRECTION('',(1.,0.,-0.));
#3383 = PCURVE('',#3158,#3384);
#3384 = DEFINITIONAL_REPRESENTATION('',(#3385),#3389);
#3385 = LINE('',#3386,#3387);
#3386 = CARTESIAN_POINT('',(-33.,66.74));
#3387 = VECTOR('',#3388,1.);
#3388 = DIRECTION('',(1.,0.));
#3389 = ( GEOMETRIC_REPRESENTATION_CONTEXT(2) 
PARAMETRIC_REPRESENTATION_CONTEXT() REPRESENTATION_CONTEXT('2D SPACE',''
  ) );
#3390 = PCURVE('',#2031,#3391);
#3391 = DEFINITIONAL_REPRESENTATION('',(#3392),#3396);
#3392 = LINE('',#3393,#3394);
#3393 = CARTESIAN_POINT('',(3.2,0.));
#3394 = VECTOR('',#3395,1.);
#3395 = DIRECTION('',(0.,1.));
#3396 = ( GEOMETRIC_REPRESENTATION_CONTEXT(2) 
PARAMETRIC_REPRESENTATION_CONTEXT() REPRESENTATION_CONTEXT('2D SPACE',''
  ) );
#3397 = ORIENTED_EDGE('',*,*,#3398,.F.);
#3398 = EDGE_CURVE('',#3399,#3376,#3401,.T.);
#3399 = VERTEX_POINT('',#3400);
#3400 = CARTESIAN_POINT('',(180.,62.74,3.2));
#3401 = SURFACE_CURVE('',#3402,(#3406,#3413),.PCURVE_S1.);
#3402 = LINE('',#3403,#3404);
#3403 = CARTESIAN_POINT('',(180.,62.74,3.2));
#3404 = VECTOR('',#3405,1.);
#3405 = DIRECTION('',(-0.,1.,0.));
#3406 = PCURVE('',#3158,#3407);
#3407 = DEFINITIONAL_REPRESENTATION('',(#3408),#3412);
#3408 = LINE('',#3409,#3410);
#3409 = CARTESIAN_POINT('',(-11.,44.74));
#3410 = VECTOR('',#3411,1.);
#3411 = DIRECTION('',(0.,1.));
#3412 = ( GEOMETRIC_REPRESENTATION_CONTEXT(2) 
PARAMETRIC_REPRESENTATION_CONTEXT() REPRESENTATION_CONTEXT('2D SPACE',''
  ) );
#3413 = PCURVE('',#2059,#3414);
#3414 = DEFINITIONAL_REPRESENTATION('',(#3415),#3419);
#3415 = LINE('',#3416,#3417);
#3416 = CARTESIAN_POINT('',(3.2,0.));
#3417 = VECTOR('',#3418,1.);
#3418 = DIRECTION('',(0.,-1.));
#3419 = ( GEOMETRIC_REPRESENTATION_CONTEXT(2) 
PARAMETRIC_REPRESENTATION_CONTEXT() REPRESENTATION_CONTEXT('2D SPACE',''
  ) );
#3420 = ORIENTED_EDGE('',*,*,#3421,.T.);
#3421 = EDGE_CURVE('',#3399,#3422,#3424,.T.);
#3422 = VERTEX_POINT('',#3423);
#3423 = CARTESIAN_POINT('',(186.,62.74,3.2));
#3424 = SURFACE_CURVE('',#3425,(#3429,#3436),.PCURVE_S1.);
#3425 = LINE('',#3426,#3427);
#3426 = CARTESIAN_POINT('',(180.,62.74,3.2));
#3427 = VECTOR('',#3428,1.);
#3428 = DIRECTION('',(1.,0.,-0.));
#3429 = PCURVE('',#3158,#3430);
#3430 = DEFINITIONAL_REPRESENTATION('',(#3431),#3435);
#3431 = LINE('',#3432,#3433);
#3432 = CARTESIAN_POINT('',(-11.,44.74));
#3433 = VECTOR('',#3434,1.);
#3434 = DIRECTION('',(1.,0.));
#3435 = ( GEOMETRIC_REPRESENTATION_CONTEXT(2) 
PARAMETRIC_REPRESENTATION_CONTEXT() REPRESENTATION_CONTEXT('2D SPACE',''
  ) );
#3436 = PCURVE('',#2087,#3437);
#3437 = DEFINITIONAL_REPRESENTATION('',(#3438),#3442);
#3438 = LINE('',#3439,#3440);
#3439 = CARTESIAN_POINT('',(3.2,0.));
#3440 = VECTOR('',#3441,1.);
#3441 = DIRECTION('',(0.,1.));
#3442 = ( GEOMETRIC_REPRESENTATION_CONTEXT(2) 
PARAMETRIC_REPRESENTATION_CONTEXT() REPRESENTATION_CONTEXT('2D SPACE',''
  ) );
#3443 = ORIENTED_EDGE('',*,*,#3444,.T.);
#3444 = EDGE_CURVE('',#3422,#3445,#3447,.T.);
#3445 = VERTEX_POINT('',#3446);
#3446 = CARTESIAN_POINT('',(186.,84.74,3.2));
#3447 = SURFACE_CURVE('',#3448,(#3452,#3459),.PCURVE_S1.);
#3448 = LINE('',#3449,#3450);
#3449 = CARTESIAN_POINT('',(186.,62.74,3.2));
#3450 = VECTOR('',#3451,1.);
#3451 = DIRECTION('',(-0.,1.,0.));
#3452 = PCURVE('',#3158,#3453);
#3453 = DEFINITIONAL_REPRESENTATION('',(#3454),#3458);
#3454 = LINE('',#3455,#3456);
#3455 = CARTESIAN_POINT('',(-5.,44.74));
#3456 = VECTOR('',#3457,1.);
#3457 = DIRECTION('',(0.,1.));
#3458 = ( GEOMETRIC_REPRESENTATION_CONTEXT(2) 
PARAMETRIC_REPRESENTATION_CONTEXT() REPRESENTATION_CONTEXT('2D SPACE',''
  ) );
#3459 = PCURVE('',#2115,#3460);
#3460 = DEFINITIONAL_REPRESENTATION('',(#3461),#3465);
#3461 = LINE('',#3462,#3463);
#3462 = CARTESIAN_POINT('',(3.2,0.));
#3463 = VECTOR('',#3464,1.);
#3464 = DIRECTION('',(0.,-1.));
#3465 = ( GEOMETRIC_REPRESENTATION_CONTEXT(2) 
PARAMETRIC_REPRESENTATION_CONTEXT() REPRESENTATION_CONTEXT('2D SPACE',''
  ) );
#3466 = ORIENTED_EDGE('',*,*,#3467,.T.);
#3467 = EDGE_CURVE('',#3445,#3468,#3470,.T.);
#3468 = VERTEX_POINT('',#3469);
#3469 = CARTESIAN_POINT('',(191.,84.74,3.2));
#3470 = SURFACE_CURVE('',#3471,(#3475,#3482),.PCURVE_S1.);
#3471 = LINE('',#3472,#3473);
#3472 = CARTESIAN_POINT('',(158.,84.74,3.2));
#3473 = VECTOR('',#3474,1.);
#3474 = DIRECTION('',(1.,0.,-0.));
#3475 = PCURVE('',#3158,#3476);
#3476 = DEFINITIONAL_REPRESENTATION('',(#3477),#3481);
#3477 = LINE('',#3478,#3479);
#3478 = CARTESIAN_POINT('',(-33.,66.74));
#3479 = VECTOR('',#3480,1.);
#3480 = DIRECTION('',(1.,0.));
#3481 = ( GEOMETRIC_REPRESENTATION_CONTEXT(2) 
PARAMETRIC_REPRESENTATION_CONTEXT() REPRESENTATION_CONTEXT('2D SPACE',''
  ) );
#3482 = PCURVE('',#2143,#3483);
#3483 = DEFINITIONAL_REPRESENTATION('',(#3484),#3488);
#3484 = LINE('',#3485,#3486);
#3485 = CARTESIAN_POINT('',(3.2,0.));
#3486 = VECTOR('',#3487,1.);
#3487 = DIRECTION('',(0.,1.));
#3488 = ( GEOMETRIC_REPRESENTATION_CONTEXT(2) 
PARAMETRIC_REPRESENTATION_CONTEXT() REPRESENTATION_CONTEXT('2D SPACE',''
  ) );
#3489 = ORIENTED_EDGE('',*,*,#3490,.F.);
#3490 = EDGE_CURVE('',#3491,#3468,#3493,.T.);
#3491 = VERTEX_POINT('',#3492);
#3492 = CARTESIAN_POINT('',(191.,62.44,3.2));
#3493 = SURFACE_CURVE('',#3494,(#3498,#3505),.PCURVE_S1.);
#3494 = LINE('',#3495,#3496);
#3495 = CARTESIAN_POINT('',(191.,18.,3.2));
#3496 = VECTOR('',#3497,1.);
#3497 = DIRECTION('',(-0.,1.,0.));
#3498 = PCURVE('',#3158,#3499);
#3499 = DEFINITIONAL_REPRESENTATION('',(#3500),#3504);
#3500 = LINE('',#3501,#3502);
#3501 = CARTESIAN_POINT('',(0.,0.));
#3502 = VECTOR('',#3503,1.);
#3503 = DIRECTION('',(0.,1.));
#3504 = ( GEOMETRIC_REPRESENTATION_CONTEXT(2) 
PARAMETRIC_REPRESENTATION_CONTEXT() REPRESENTATION_CONTEXT('2D SPACE',''
  ) );
#3505 = PCURVE('',#2171,#3506);
#3506 = DEFINITIONAL_REPRESENTATION('',(#3507),#3511);
#3507 = LINE('',#3508,#3509);
#3508 = CARTESIAN_POINT('',(3.2,0.));
#3509 = VECTOR('',#3510,1.);
#3510 = DIRECTION('',(0.,-1.));
#3511 = ( GEOMETRIC_REPRESENTATION_CONTEXT(2) 
PARAMETRIC_REPRESENTATION_CONTEXT() REPRESENTATION_CONTEXT('2D SPACE',''
  ) );
#3512 = ORIENTED_EDGE('',*,*,#3513,.T.);
#3513 = EDGE_CURVE('',#3491,#3514,#3516,.T.);
#3514 = VERTEX_POINT('',#3515);
#3515 = CARTESIAN_POINT('',(197.,62.44,3.2));
#3516 = SURFACE_CURVE('',#3517,(#3521,#3528),.PCURVE_S1.);
#3517 = LINE('',#3518,#3519);
#3518 = CARTESIAN_POINT('',(174.35,62.44,3.2));
#3519 = VECTOR('',#3520,1.);
#3520 = DIRECTION('',(1.,0.,-0.));
#3521 = PCURVE('',#3158,#3522);
#3522 = DEFINITIONAL_REPRESENTATION('',(#3523),#3527);
#3523 = LINE('',#3524,#3525);
#3524 = CARTESIAN_POINT('',(-16.65,44.44));
#3525 = VECTOR('',#3526,1.);
#3526 = DIRECTION('',(1.,0.));
#3527 = ( GEOMETRIC_REPRESENTATION_CONTEXT(2) 
PARAMETRIC_REPRESENTATION_CONTEXT() REPRESENTATION_CONTEXT('2D SPACE',''
  ) );
#3528 = PCURVE('',#2199,#3529);
#3529 = DEFINITIONAL_REPRESENTATION('',(#3530),#3533);
#3530 = B_SPLINE_CURVE_WITH_KNOTS('',1,(#3531,#3532),.UNSPECIFIED.,.F.,
  .F.,(2,2),(16.65,22.65),.PIECEWISE_BEZIER_KNOTS.);
#3531 = CARTESIAN_POINT('',(4.2,33.3));
#3532 = CARTESIAN_POINT('',(4.2,39.3));
#3533 = ( GEOMETRIC_REPRESENTATION_CONTEXT(2) 
PARAMETRIC_REPRESENTATION_CONTEXT() REPRESENTATION_CONTEXT('2D SPACE',''
  ) );
#3534 = ORIENTED_EDGE('',*,*,#3535,.T.);
#3535 = EDGE_CURVE('',#3514,#3536,#3538,.T.);
#3536 = VERTEX_POINT('',#3537);
#3537 = CARTESIAN_POINT('',(197.,84.74,3.2));
#3538 = SURFACE_CURVE('',#3539,(#3543,#3550),.PCURVE_S1.);
#3539 = LINE('',#3540,#3541);
#3540 = CARTESIAN_POINT('',(197.,18.,3.2));
#3541 = VECTOR('',#3542,1.);
#3542 = DIRECTION('',(-0.,1.,0.));
#3543 = PCURVE('',#3158,#3544);
#3544 = DEFINITIONAL_REPRESENTATION('',(#3545),#3549);
#3545 = LINE('',#3546,#3547);
#3546 = CARTESIAN_POINT('',(6.,0.));
#3547 = VECTOR('',#3548,1.);
#3548 = DIRECTION('',(0.,1.));
#3549 = ( GEOMETRIC_REPRESENTATION_CONTEXT(2) 
PARAMETRIC_REPRESENTATION_CONTEXT() REPRESENTATION_CONTEXT('2D SPACE',''
  ) );
#3550 = PCURVE('',#2733,#3551);
#3551 = DEFINITIONAL_REPRESENTATION('',(#3552),#3556);
#3552 = LINE('',#3553,#3554);
#3553 = CARTESIAN_POINT('',(3.2,0.));
#3554 = VECTOR('',#3555,1.);
#3555 = DIRECTION('',(0.,-1.));
#3556 = ( GEOMETRIC_REPRESENTATION_CONTEXT(2) 
PARAMETRIC_REPRESENTATION_CONTEXT() REPRESENTATION_CONTEXT('2D SPACE',''
  ) );
#3557 = ORIENTED_EDGE('',*,*,#3558,.T.);
#3558 = EDGE_CURVE('',#3536,#3559,#3561,.T.);
#3559 = VERTEX_POINT('',#3560);
#3560 = CARTESIAN_POINT('',(208.,84.74,3.2));
#3561 = SURFACE_CURVE('',#3562,(#3566,#3573),.PCURVE_S1.);
#3562 = LINE('',#3563,#3564);
#3563 = CARTESIAN_POINT('',(158.,84.74,3.2));
#3564 = VECTOR('',#3565,1.);
#3565 = DIRECTION('',(1.,0.,-0.));
#3566 = PCURVE('',#3158,#3567);
#3567 = DEFINITIONAL_REPRESENTATION('',(#3568),#3572);
#3568 = LINE('',#3569,#3570);
#3569 = CARTESIAN_POINT('',(-33.,66.74));
#3570 = VECTOR('',#3571,1.);
#3571 = DIRECTION('',(1.,0.));
#3572 = ( GEOMETRIC_REPRESENTATION_CONTEXT(2) 
PARAMETRIC_REPRESENTATION_CONTEXT() REPRESENTATION_CONTEXT('2D SPACE',''
  ) );
#3573 = PCURVE('',#2761,#3574);
#3574 = DEFINITIONAL_REPRESENTATION('',(#3575),#3579);
#3575 = LINE('',#3576,#3577);
#3576 = CARTESIAN_POINT('',(3.2,0.));
#3577 = VECTOR('',#3578,1.);
#3578 = DIRECTION('',(0.,1.));
#3579 = ( GEOMETRIC_REPRESENTATION_CONTEXT(2) 
PARAMETRIC_REPRESENTATION_CONTEXT() REPRESENTATION_CONTEXT('2D SPACE',''
  ) );
#3580 = ORIENTED_EDGE('',*,*,#3581,.T.);
#3581 = EDGE_CURVE('',#3559,#3582,#3584,.T.);
#3582 = VERTEX_POINT('',#3583);
#3583 = CARTESIAN_POINT('',(208.,90.74,3.2));
#3584 = SURFACE_CURVE('',#3585,(#3589,#3596),.PCURVE_S1.);
#3585 = LINE('',#3586,#3587);
#3586 = CARTESIAN_POINT('',(208.,84.74,3.2));
#3587 = VECTOR('',#3588,1.);
#3588 = DIRECTION('',(-0.,1.,0.));
#3589 = PCURVE('',#3158,#3590);
#3590 = DEFINITIONAL_REPRESENTATION('',(#3591),#3595);
#3591 = LINE('',#3592,#3593);
#3592 = CARTESIAN_POINT('',(17.,66.74));
#3593 = VECTOR('',#3594,1.);
#3594 = DIRECTION('',(0.,1.));
#3595 = ( GEOMETRIC_REPRESENTATION_CONTEXT(2) 
PARAMETRIC_REPRESENTATION_CONTEXT() REPRESENTATION_CONTEXT('2D SPACE',''
  ) );
#3596 = PCURVE('',#2789,#3597);
#3597 = DEFINITIONAL_REPRESENTATION('',(#3598),#3602);
#3598 = LINE('',#3599,#3600);
#3599 = CARTESIAN_POINT('',(3.2,0.));
#3600 = VECTOR('',#3601,1.);
#3601 = DIRECTION('',(0.,-1.));
#3602 = ( GEOMETRIC_REPRESENTATION_CONTEXT(2) 
PARAMETRIC_REPRESENTATION_CONTEXT() REPRESENTATION_CONTEXT('2D SPACE',''
  ) );
#3603 = ORIENTED_EDGE('',*,*,#3604,.F.);
#3604 = EDGE_CURVE('',#3141,#3582,#3605,.T.);
#3605 = SURFACE_CURVE('',#3606,(#3610,#3617),.PCURVE_S1.);
#3606 = LINE('',#3607,#3608);
#3607 = CARTESIAN_POINT('',(158.,90.74,3.2));
#3608 = VECTOR('',#3609,1.);
#3609 = DIRECTION('',(1.,0.,-0.));
#3610 = PCURVE('',#3158,#3611);
#3611 = DEFINITIONAL_REPRESENTATION('',(#3612),#3616);
#3612 = LINE('',#3613,#3614);
#3613 = CARTESIAN_POINT('',(-33.,72.74));
#3614 = VECTOR('',#3615,1.);
#3615 = DIRECTION('',(1.,0.));
#3616 = ( GEOMETRIC_REPRESENTATION_CONTEXT(2) 
PARAMETRIC_REPRESENTATION_CONTEXT() REPRESENTATION_CONTEXT('2D SPACE',''
  ) );
#3617 = PCURVE('',#2817,#3618);
#3618 = DEFINITIONAL_REPRESENTATION('',(#3619),#3623);
#3619 = LINE('',#3620,#3621);
#3620 = CARTESIAN_POINT('',(3.2,0.));
#3621 = VECTOR('',#3622,1.);
#3622 = DIRECTION('',(0.,1.));
#3623 = ( GEOMETRIC_REPRESENTATION_CONTEXT(2) 
PARAMETRIC_REPRESENTATION_CONTEXT() REPRESENTATION_CONTEXT('2D SPACE',''
  ) );
#3624 = ORIENTED_EDGE('',*,*,#3140,.T.);
#3625 = ORIENTED_EDGE('',*,*,#3626,.F.);
#3626 = EDGE_CURVE('',#3215,#3143,#3627,.T.);
#3627 = SURFACE_CURVE('',#3628,(#3632,#3639),.PCURVE_S1.);
#3628 = LINE('',#3629,#3630);
#3629 = CARTESIAN_POINT('',(174.35,113.04,3.2));
#3630 = VECTOR('',#3631,1.);
#3631 = DIRECTION('',(1.,0.,-0.));
#3632 = PCURVE('',#3158,#3633);
#3633 = DEFINITIONAL_REPRESENTATION('',(#3634),#3638);
#3634 = LINE('',#3635,#3636);
#3635 = CARTESIAN_POINT('',(-16.65,95.04));
#3636 = VECTOR('',#3637,1.);
#3637 = DIRECTION('',(1.,0.));
#3638 = ( GEOMETRIC_REPRESENTATION_CONTEXT(2) 
PARAMETRIC_REPRESENTATION_CONTEXT() REPRESENTATION_CONTEXT('2D SPACE',''
  ) );
#3639 = PCURVE('',#1808,#3640);
#3640 = DEFINITIONAL_REPRESENTATION('',(#3641),#3644);
#3641 = B_SPLINE_CURVE_WITH_KNOTS('',1,(#3642,#3643),.UNSPECIFIED.,.F.,
  .F.,(2,2),(16.65,22.65),.PIECEWISE_BEZIER_KNOTS.);
#3642 = CARTESIAN_POINT('',(4.2,33.3));
#3643 = CARTESIAN_POINT('',(4.2,39.3));
#3644 = ( GEOMETRIC_REPRESENTATION_CONTEXT(2) 
PARAMETRIC_REPRESENTATION_CONTEXT() REPRESENTATION_CONTEXT('2D SPACE',''
  ) );
#3645 = ADVANCED_FACE('',(#3646),#2817,.T.);
#3646 = FACE_BOUND('',#3647,.T.);
#3647 = EDGE_LOOP('',(#3648,#3649,#3650,#3651));
#3648 = ORIENTED_EDGE('',*,*,#2801,.F.);
#3649 = ORIENTED_EDGE('',*,*,#3170,.F.);
#3650 = ORIENTED_EDGE('',*,*,#3604,.T.);
#3651 = ORIENTED_EDGE('',*,*,#3652,.F.);
#3652 = EDGE_CURVE('',#2774,#3582,#3653,.T.);
#3653 = SURFACE_CURVE('',#3654,(#3658,#3665),.PCURVE_S1.);
#3654 = LINE('',#3655,#3656);
#3655 = CARTESIAN_POINT('',(208.,90.74,0.));
#3656 = VECTOR('',#3657,1.);
#3657 = DIRECTION('',(0.,0.,1.));
#3658 = PCURVE('',#2817,#3659);
#3659 = DEFINITIONAL_REPRESENTATION('',(#3660),#3664);
#3660 = LINE('',#3661,#3662);
#3661 = CARTESIAN_POINT('',(0.,50.));
#3662 = VECTOR('',#3663,1.);
#3663 = DIRECTION('',(1.,0.));
#3664 = ( GEOMETRIC_REPRESENTATION_CONTEXT(2) 
PARAMETRIC_REPRESENTATION_CONTEXT() REPRESENTATION_CONTEXT('2D SPACE',''
  ) );
#3665 = PCURVE('',#2789,#3666);
#3666 = DEFINITIONAL_REPRESENTATION('',(#3667),#3671);
#3667 = LINE('',#3668,#3669);
#3668 = CARTESIAN_POINT('',(0.,-6.));
#3669 = VECTOR('',#3670,1.);
#3670 = DIRECTION('',(1.,0.));
#3671 = ( GEOMETRIC_REPRESENTATION_CONTEXT(2) 
PARAMETRIC_REPRESENTATION_CONTEXT() REPRESENTATION_CONTEXT('2D SPACE',''
  ) );
#3672 = ADVANCED_FACE('',(#3673),#2789,.T.);
#3673 = FACE_BOUND('',#3674,.T.);
#3674 = EDGE_LOOP('',(#3675,#3696,#3697,#3698));
#3675 = ORIENTED_EDGE('',*,*,#3676,.F.);
#3676 = EDGE_CURVE('',#2746,#3559,#3677,.T.);
#3677 = SURFACE_CURVE('',#3678,(#3682,#3689),.PCURVE_S1.);
#3678 = LINE('',#3679,#3680);
#3679 = CARTESIAN_POINT('',(208.,84.74,0.));
#3680 = VECTOR('',#3681,1.);
#3681 = DIRECTION('',(0.,0.,1.));
#3682 = PCURVE('',#2789,#3683);
#3683 = DEFINITIONAL_REPRESENTATION('',(#3684),#3688);
#3684 = LINE('',#3685,#3686);
#3685 = CARTESIAN_POINT('',(0.,0.));
#3686 = VECTOR('',#3687,1.);
#3687 = DIRECTION('',(1.,0.));
#3688 = ( GEOMETRIC_REPRESENTATION_CONTEXT(2) 
PARAMETRIC_REPRESENTATION_CONTEXT() REPRESENTATION_CONTEXT('2D SPACE',''
  ) );
#3689 = PCURVE('',#2761,#3690);
#3690 = DEFINITIONAL_REPRESENTATION('',(#3691),#3695);
#3691 = LINE('',#3692,#3693);
#3692 = CARTESIAN_POINT('',(0.,50.));
#3693 = VECTOR('',#3694,1.);
#3694 = DIRECTION('',(1.,0.));
#3695 = ( GEOMETRIC_REPRESENTATION_CONTEXT(2) 
PARAMETRIC_REPRESENTATION_CONTEXT() REPRESENTATION_CONTEXT('2D SPACE',''
  ) );
#3696 = ORIENTED_EDGE('',*,*,#2773,.T.);
#3697 = ORIENTED_EDGE('',*,*,#3652,.T.);
#3698 = ORIENTED_EDGE('',*,*,#3581,.F.);
#3699 = ADVANCED_FACE('',(#3700),#2761,.F.);
#3700 = FACE_BOUND('',#3701,.F.);
#3701 = EDGE_LOOP('',(#3702,#3703,#3722,#3723));
#3702 = ORIENTED_EDGE('',*,*,#2745,.F.);
#3703 = ORIENTED_EDGE('',*,*,#3704,.F.);
#3704 = EDGE_CURVE('',#3536,#2718,#3705,.T.);
#3705 = SURFACE_CURVE('',#3706,(#3710,#3716),.PCURVE_S1.);
#3706 = LINE('',#3707,#3708);
#3707 = CARTESIAN_POINT('',(197.,84.74,0.));
#3708 = VECTOR('',#3709,1.);
#3709 = DIRECTION('',(-0.,0.,-1.));
#3710 = PCURVE('',#2761,#3711);
#3711 = DEFINITIONAL_REPRESENTATION('',(#3712),#3715);
#3712 = B_SPLINE_CURVE_WITH_KNOTS('',1,(#3713,#3714),.UNSPECIFIED.,.F.,
  .F.,(2,2),(-3.2,0.),.PIECEWISE_BEZIER_KNOTS.);
#3713 = CARTESIAN_POINT('',(3.2,39.));
#3714 = CARTESIAN_POINT('',(0.,39.));
#3715 = ( GEOMETRIC_REPRESENTATION_CONTEXT(2) 
PARAMETRIC_REPRESENTATION_CONTEXT() REPRESENTATION_CONTEXT('2D SPACE',''
  ) );
#3716 = PCURVE('',#2733,#3717);
#3717 = DEFINITIONAL_REPRESENTATION('',(#3718),#3721);
#3718 = B_SPLINE_CURVE_WITH_KNOTS('',1,(#3719,#3720),.UNSPECIFIED.,.F.,
  .F.,(2,2),(-3.2,0.),.PIECEWISE_BEZIER_KNOTS.);
#3719 = CARTESIAN_POINT('',(3.2,-66.74));
#3720 = CARTESIAN_POINT('',(0.,-66.74));
#3721 = ( GEOMETRIC_REPRESENTATION_CONTEXT(2) 
PARAMETRIC_REPRESENTATION_CONTEXT() REPRESENTATION_CONTEXT('2D SPACE',''
  ) );
#3722 = ORIENTED_EDGE('',*,*,#3558,.T.);
#3723 = ORIENTED_EDGE('',*,*,#3676,.F.);
#3724 = ADVANCED_FACE('',(#3725),#2733,.T.);
#3725 = FACE_BOUND('',#3726,.T.);
#3726 = EDGE_LOOP('',(#3727,#3728,#3747,#3748));
#3727 = ORIENTED_EDGE('',*,*,#3535,.F.);
#3728 = ORIENTED_EDGE('',*,*,#3729,.T.);
#3729 = EDGE_CURVE('',#3514,#2696,#3730,.T.);
#3730 = SURFACE_CURVE('',#3731,(#3735,#3741),.PCURVE_S1.);
#3731 = LINE('',#3732,#3733);
#3732 = CARTESIAN_POINT('',(197.,62.44,-0.5));
#3733 = VECTOR('',#3734,1.);
#3734 = DIRECTION('',(-0.,0.,-1.));
#3735 = PCURVE('',#2733,#3736);
#3736 = DEFINITIONAL_REPRESENTATION('',(#3737),#3740);
#3737 = B_SPLINE_CURVE_WITH_KNOTS('',1,(#3738,#3739),.UNSPECIFIED.,.F.,
  .F.,(2,2),(-3.7,-0.5),.PIECEWISE_BEZIER_KNOTS.);
#3738 = CARTESIAN_POINT('',(3.2,-44.44));
#3739 = CARTESIAN_POINT('',(0.,-44.44));
#3740 = ( GEOMETRIC_REPRESENTATION_CONTEXT(2) 
PARAMETRIC_REPRESENTATION_CONTEXT() REPRESENTATION_CONTEXT('2D SPACE',''
  ) );
#3741 = PCURVE('',#2199,#3742);
#3742 = DEFINITIONAL_REPRESENTATION('',(#3743),#3746);
#3743 = B_SPLINE_CURVE_WITH_KNOTS('',1,(#3744,#3745),.UNSPECIFIED.,.F.,
  .F.,(2,2),(-3.7,-0.5),.PIECEWISE_BEZIER_KNOTS.);
#3744 = CARTESIAN_POINT('',(4.2,39.3));
#3745 = CARTESIAN_POINT('',(1.,39.3));
#3746 = ( GEOMETRIC_REPRESENTATION_CONTEXT(2) 
PARAMETRIC_REPRESENTATION_CONTEXT() REPRESENTATION_CONTEXT('2D SPACE',''
  ) );
#3747 = ORIENTED_EDGE('',*,*,#2717,.T.);
#3748 = ORIENTED_EDGE('',*,*,#3704,.F.);
#3749 = ADVANCED_FACE('',(#3750),#2680,.F.);
#3750 = FACE_BOUND('',#3751,.F.);
#3751 = EDGE_LOOP('',(#3752,#3753,#3776,#3803));
#3752 = ORIENTED_EDGE('',*,*,#2666,.T.);
#3753 = ORIENTED_EDGE('',*,*,#3754,.T.);
#3754 = EDGE_CURVE('',#2634,#3755,#3757,.T.);
#3755 = VERTEX_POINT('',#3756);
#3756 = CARTESIAN_POINT('',(198.75,125.75,3.2));
#3757 = SURFACE_CURVE('',#3758,(#3762,#3769),.PCURVE_S1.);
#3758 = LINE('',#3759,#3760);
#3759 = CARTESIAN_POINT('',(198.75,125.75,-1.));
#3760 = VECTOR('',#3761,1.);
#3761 = DIRECTION('',(0.,0.,1.));
#3762 = PCURVE('',#2680,#3763);
#3763 = DEFINITIONAL_REPRESENTATION('',(#3764),#3768);
#3764 = LINE('',#3765,#3766);
#3765 = CARTESIAN_POINT('',(0.,-0.));
#3766 = VECTOR('',#3767,1.);
#3767 = DIRECTION('',(0.,-1.));
#3768 = ( GEOMETRIC_REPRESENTATION_CONTEXT(2) 
PARAMETRIC_REPRESENTATION_CONTEXT() REPRESENTATION_CONTEXT('2D SPACE',''
  ) );
#3769 = PCURVE('',#2654,#3770);
#3770 = DEFINITIONAL_REPRESENTATION('',(#3771),#3775);
#3771 = LINE('',#3772,#3773);
#3772 = CARTESIAN_POINT('',(3.14159265359,0.));
#3773 = VECTOR('',#3774,1.);
#3774 = DIRECTION('',(0.,-1.));
#3775 = ( GEOMETRIC_REPRESENTATION_CONTEXT(2) 
PARAMETRIC_REPRESENTATION_CONTEXT() REPRESENTATION_CONTEXT('2D SPACE',''
  ) );
#3776 = ORIENTED_EDGE('',*,*,#3777,.F.);
#3777 = EDGE_CURVE('',#3778,#3755,#3780,.T.);
#3778 = VERTEX_POINT('',#3779);
#3779 = CARTESIAN_POINT('',(189.25,125.75,3.2));
#3780 = SURFACE_CURVE('',#3781,(#3785,#3791),.PCURVE_S1.);
#3781 = LINE('',#3782,#3783);
#3782 = CARTESIAN_POINT('',(190.375,125.75,3.2));
#3783 = VECTOR('',#3784,1.);
#3784 = DIRECTION('',(1.,0.,-0.));
#3785 = PCURVE('',#2680,#3786);
#3786 = DEFINITIONAL_REPRESENTATION('',(#3787),#3790);
#3787 = B_SPLINE_CURVE_WITH_KNOTS('',1,(#3788,#3789),.UNSPECIFIED.,.F.,
  .F.,(2,2),(-1.125,8.375),.PIECEWISE_BEZIER_KNOTS.);
#3788 = CARTESIAN_POINT('',(9.5,-4.2));
#3789 = CARTESIAN_POINT('',(0.,-4.2));
#3790 = ( GEOMETRIC_REPRESENTATION_CONTEXT(2) 
PARAMETRIC_REPRESENTATION_CONTEXT() REPRESENTATION_CONTEXT('2D SPACE',''
  ) );
#3791 = PCURVE('',#3792,#3797);
#3792 = PLANE('',#3793);
#3793 = AXIS2_PLACEMENT_3D('',#3794,#3795,#3796);
#3794 = CARTESIAN_POINT('',(13.,18.,3.2));
#3795 = DIRECTION('',(0.,0.,1.));
#3796 = DIRECTION('',(1.,0.,-0.));
#3797 = DEFINITIONAL_REPRESENTATION('',(#3798),#3802);
#3798 = LINE('',#3799,#3800);
#3799 = CARTESIAN_POINT('',(177.375,107.75));
#3800 = VECTOR('',#3801,1.);
#3801 = DIRECTION('',(1.,0.));
#3802 = ( GEOMETRIC_REPRESENTATION_CONTEXT(2) 
PARAMETRIC_REPRESENTATION_CONTEXT() REPRESENTATION_CONTEXT('2D SPACE',''
  ) );
#3803 = ORIENTED_EDGE('',*,*,#3804,.F.);
#3804 = EDGE_CURVE('',#2572,#3778,#3805,.T.);
#3805 = SURFACE_CURVE('',#3806,(#3810,#3817),.PCURVE_S1.);
#3806 = LINE('',#3807,#3808);
#3807 = CARTESIAN_POINT('',(189.25,125.75,-1.));
#3808 = VECTOR('',#3809,1.);
#3809 = DIRECTION('',(0.,0.,1.));
#3810 = PCURVE('',#2680,#3811);
#3811 = DEFINITIONAL_REPRESENTATION('',(#3812),#3816);
#3812 = LINE('',#3813,#3814);
#3813 = CARTESIAN_POINT('',(9.5,0.));
#3814 = VECTOR('',#3815,1.);
#3815 = DIRECTION('',(0.,-1.));
#3816 = ( GEOMETRIC_REPRESENTATION_CONTEXT(2) 
PARAMETRIC_REPRESENTATION_CONTEXT() REPRESENTATION_CONTEXT('2D SPACE',''
  ) );
#3817 = PCURVE('',#2594,#3818);
#3818 = DEFINITIONAL_REPRESENTATION('',(#3819),#3823);
#3819 = LINE('',#3820,#3821);
#3820 = CARTESIAN_POINT('',(0.,0.));
#3821 = VECTOR('',#3822,1.);
#3822 = DIRECTION('',(0.,-1.));
#3823 = ( GEOMETRIC_REPRESENTATION_CONTEXT(2) 
PARAMETRIC_REPRESENTATION_CONTEXT() REPRESENTATION_CONTEXT('2D SPACE',''
  ) );
#3824 = ADVANCED_FACE('',(#3825,#4193,#4295),#3792,.T.);
#3825 = FACE_BOUND('',#3826,.T.);
#3826 = EDGE_LOOP('',(#3827,#3852,#3874,#3897,#3920,#3943,#3965,#3988,
    #4011,#4034,#4057,#4080,#4103,#4126,#4149,#4172));
#3827 = ORIENTED_EDGE('',*,*,#3828,.F.);
#3828 = EDGE_CURVE('',#3829,#3831,#3833,.T.);
#3829 = VERTEX_POINT('',#3830);
#3830 = CARTESIAN_POINT('',(13.,115.44,3.2));
#3831 = VERTEX_POINT('',#3832);
#3832 = CARTESIAN_POINT('',(13.,120.,3.2));
#3833 = SURFACE_CURVE('',#3834,(#3838,#3845),.PCURVE_S1.);
#3834 = LINE('',#3835,#3836);
#3835 = CARTESIAN_POINT('',(13.,18.,3.2));
#3836 = VECTOR('',#3837,1.);
#3837 = DIRECTION('',(-0.,1.,0.));
#3838 = PCURVE('',#3792,#3839);
#3839 = DEFINITIONAL_REPRESENTATION('',(#3840),#3844);
#3840 = LINE('',#3841,#3842);
#3841 = CARTESIAN_POINT('',(0.,0.));
#3842 = VECTOR('',#3843,1.);
#3843 = DIRECTION('',(0.,1.));
#3844 = ( GEOMETRIC_REPRESENTATION_CONTEXT(2) 
PARAMETRIC_REPRESENTATION_CONTEXT() REPRESENTATION_CONTEXT('2D SPACE',''
  ) );
#3845 = PCURVE('',#873,#3846);
#3846 = DEFINITIONAL_REPRESENTATION('',(#3847),#3851);
#3847 = LINE('',#3848,#3849);
#3848 = CARTESIAN_POINT('',(3.2,0.));
#3849 = VECTOR('',#3850,1.);
#3850 = DIRECTION('',(0.,-1.));
#3851 = ( GEOMETRIC_REPRESENTATION_CONTEXT(2) 
PARAMETRIC_REPRESENTATION_CONTEXT() REPRESENTATION_CONTEXT('2D SPACE',''
  ) );
#3852 = ORIENTED_EDGE('',*,*,#3853,.T.);
#3853 = EDGE_CURVE('',#3829,#3854,#3856,.T.);
#3854 = VERTEX_POINT('',#3855);
#3855 = CARTESIAN_POINT('',(19.,115.44,3.2));
#3856 = SURFACE_CURVE('',#3857,(#3861,#3868),.PCURVE_S1.);
#3857 = LINE('',#3858,#3859);
#3858 = CARTESIAN_POINT('',(11.21,115.44,3.2));
#3859 = VECTOR('',#3860,1.);
#3860 = DIRECTION('',(1.,0.,-0.));
#3861 = PCURVE('',#3792,#3862);
#3862 = DEFINITIONAL_REPRESENTATION('',(#3863),#3867);
#3863 = LINE('',#3864,#3865);
#3864 = CARTESIAN_POINT('',(-1.79,97.44));
#3865 = VECTOR('',#3866,1.);
#3866 = DIRECTION('',(1.,0.));
#3867 = ( GEOMETRIC_REPRESENTATION_CONTEXT(2) 
PARAMETRIC_REPRESENTATION_CONTEXT() REPRESENTATION_CONTEXT('2D SPACE',''
  ) );
#3868 = PCURVE('',#122,#3869);
#3869 = DEFINITIONAL_REPRESENTATION('',(#3870),#3873);
#3870 = B_SPLINE_CURVE_WITH_KNOTS('',1,(#3871,#3872),.UNSPECIFIED.,.F.,
  .F.,(2,2),(1.79,7.79),.PIECEWISE_BEZIER_KNOTS.);
#3871 = CARTESIAN_POINT('',(3.2,3.58));
#3872 = CARTESIAN_POINT('',(3.2,9.58));
#3873 = ( GEOMETRIC_REPRESENTATION_CONTEXT(2) 
PARAMETRIC_REPRESENTATION_CONTEXT() REPRESENTATION_CONTEXT('2D SPACE',''
  ) );
#3874 = ORIENTED_EDGE('',*,*,#3875,.T.);
#3875 = EDGE_CURVE('',#3854,#3876,#3878,.T.);
#3876 = VERTEX_POINT('',#3877);
#3877 = CARTESIAN_POINT('',(19.,119.,3.2));
#3878 = SURFACE_CURVE('',#3879,(#3883,#3890),.PCURVE_S1.);
#3879 = LINE('',#3880,#3881);
#3880 = CARTESIAN_POINT('',(19.,18.,3.2));
#3881 = VECTOR('',#3882,1.);
#3882 = DIRECTION('',(-0.,1.,0.));
#3883 = PCURVE('',#3792,#3884);
#3884 = DEFINITIONAL_REPRESENTATION('',(#3885),#3889);
#3885 = LINE('',#3886,#3887);
#3886 = CARTESIAN_POINT('',(6.,0.));
#3887 = VECTOR('',#3888,1.);
#3888 = DIRECTION('',(0.,1.));
#3889 = ( GEOMETRIC_REPRESENTATION_CONTEXT(2) 
PARAMETRIC_REPRESENTATION_CONTEXT() REPRESENTATION_CONTEXT('2D SPACE',''
  ) );
#3890 = PCURVE('',#1270,#3891);
#3891 = DEFINITIONAL_REPRESENTATION('',(#3892),#3896);
#3892 = LINE('',#3893,#3894);
#3893 = CARTESIAN_POINT('',(3.2,0.));
#3894 = VECTOR('',#3895,1.);
#3895 = DIRECTION('',(0.,-1.));
#3896 = ( GEOMETRIC_REPRESENTATION_CONTEXT(2) 
PARAMETRIC_REPRESENTATION_CONTEXT() REPRESENTATION_CONTEXT('2D SPACE',''
  ) );
#3897 = ORIENTED_EDGE('',*,*,#3898,.T.);
#3898 = EDGE_CURVE('',#3876,#3899,#3901,.T.);
#3899 = VERTEX_POINT('',#3900);
#3900 = CARTESIAN_POINT('',(191.,119.,3.2));
#3901 = SURFACE_CURVE('',#3902,(#3906,#3913),.PCURVE_S1.);
#3902 = LINE('',#3903,#3904);
#3903 = CARTESIAN_POINT('',(16.,119.,3.2));
#3904 = VECTOR('',#3905,1.);
#3905 = DIRECTION('',(1.,0.,-0.));
#3906 = PCURVE('',#3792,#3907);
#3907 = DEFINITIONAL_REPRESENTATION('',(#3908),#3912);
#3908 = LINE('',#3909,#3910);
#3909 = CARTESIAN_POINT('',(3.,101.));
#3910 = VECTOR('',#3911,1.);
#3911 = DIRECTION('',(1.,0.));
#3912 = ( GEOMETRIC_REPRESENTATION_CONTEXT(2) 
PARAMETRIC_REPRESENTATION_CONTEXT() REPRESENTATION_CONTEXT('2D SPACE',''
  ) );
#3913 = PCURVE('',#1298,#3914);
#3914 = DEFINITIONAL_REPRESENTATION('',(#3915),#3919);
#3915 = LINE('',#3916,#3917);
#3916 = CARTESIAN_POINT('',(3.2,0.));
#3917 = VECTOR('',#3918,1.);
#3918 = DIRECTION('',(0.,1.));
#3919 = ( GEOMETRIC_REPRESENTATION_CONTEXT(2) 
PARAMETRIC_REPRESENTATION_CONTEXT() REPRESENTATION_CONTEXT('2D SPACE',''
  ) );
#3920 = ORIENTED_EDGE('',*,*,#3921,.F.);
#3921 = EDGE_CURVE('',#3922,#3899,#3924,.T.);
#3922 = VERTEX_POINT('',#3923);
#3923 = CARTESIAN_POINT('',(191.,115.44,3.2));
#3924 = SURFACE_CURVE('',#3925,(#3929,#3936),.PCURVE_S1.);
#3925 = LINE('',#3926,#3927);
#3926 = CARTESIAN_POINT('',(191.,18.,3.2));
#3927 = VECTOR('',#3928,1.);
#3928 = DIRECTION('',(-0.,1.,0.));
#3929 = PCURVE('',#3792,#3930);
#3930 = DEFINITIONAL_REPRESENTATION('',(#3931),#3935);
#3931 = LINE('',#3932,#3933);
#3932 = CARTESIAN_POINT('',(178.,0.));
#3933 = VECTOR('',#3934,1.);
#3934 = DIRECTION('',(0.,1.));
#3935 = ( GEOMETRIC_REPRESENTATION_CONTEXT(2) 
PARAMETRIC_REPRESENTATION_CONTEXT() REPRESENTATION_CONTEXT('2D SPACE',''
  ) );
#3936 = PCURVE('',#1326,#3937);
#3937 = DEFINITIONAL_REPRESENTATION('',(#3938),#3942);
#3938 = LINE('',#3939,#3940);
#3939 = CARTESIAN_POINT('',(3.2,0.));
#3940 = VECTOR('',#3941,1.);
#3941 = DIRECTION('',(0.,-1.));
#3942 = ( GEOMETRIC_REPRESENTATION_CONTEXT(2) 
PARAMETRIC_REPRESENTATION_CONTEXT() REPRESENTATION_CONTEXT('2D SPACE',''
  ) );
#3943 = ORIENTED_EDGE('',*,*,#3944,.T.);
#3944 = EDGE_CURVE('',#3922,#3945,#3947,.T.);
#3945 = VERTEX_POINT('',#3946);
#3946 = CARTESIAN_POINT('',(197.,115.44,3.2));
#3947 = SURFACE_CURVE('',#3948,(#3952,#3959),.PCURVE_S1.);
#3948 = LINE('',#3949,#3950);
#3949 = CARTESIAN_POINT('',(173.15,115.44,3.2));
#3950 = VECTOR('',#3951,1.);
#3951 = DIRECTION('',(1.,0.,-0.));
#3952 = PCURVE('',#3792,#3953);
#3953 = DEFINITIONAL_REPRESENTATION('',(#3954),#3958);
#3954 = LINE('',#3955,#3956);
#3955 = CARTESIAN_POINT('',(160.15,97.44));
#3956 = VECTOR('',#3957,1.);
#3957 = DIRECTION('',(1.,0.));
#3958 = ( GEOMETRIC_REPRESENTATION_CONTEXT(2) 
PARAMETRIC_REPRESENTATION_CONTEXT() REPRESENTATION_CONTEXT('2D SPACE',''
  ) );
#3959 = PCURVE('',#565,#3960);
#3960 = DEFINITIONAL_REPRESENTATION('',(#3961),#3964);
#3961 = B_SPLINE_CURVE_WITH_KNOTS('',1,(#3962,#3963),.UNSPECIFIED.,.F.,
  .F.,(2,2),(17.85,23.85),.PIECEWISE_BEZIER_KNOTS.);
#3962 = CARTESIAN_POINT('',(3.2,35.7));
#3963 = CARTESIAN_POINT('',(3.2,41.7));
#3964 = ( GEOMETRIC_REPRESENTATION_CONTEXT(2) 
PARAMETRIC_REPRESENTATION_CONTEXT() REPRESENTATION_CONTEXT('2D SPACE',''
  ) );
#3965 = ORIENTED_EDGE('',*,*,#3966,.T.);
#3966 = EDGE_CURVE('',#3945,#3967,#3969,.T.);
#3967 = VERTEX_POINT('',#3968);
#3968 = CARTESIAN_POINT('',(197.,120.,3.2));
#3969 = SURFACE_CURVE('',#3970,(#3974,#3981),.PCURVE_S1.);
#3970 = LINE('',#3971,#3972);
#3971 = CARTESIAN_POINT('',(197.,18.,3.2));
#3972 = VECTOR('',#3973,1.);
#3973 = DIRECTION('',(-0.,1.,0.));
#3974 = PCURVE('',#3792,#3975);
#3975 = DEFINITIONAL_REPRESENTATION('',(#3976),#3980);
#3976 = LINE('',#3977,#3978);
#3977 = CARTESIAN_POINT('',(184.,0.));
#3978 = VECTOR('',#3979,1.);
#3979 = DIRECTION('',(0.,1.));
#3980 = ( GEOMETRIC_REPRESENTATION_CONTEXT(2) 
PARAMETRIC_REPRESENTATION_CONTEXT() REPRESENTATION_CONTEXT('2D SPACE',''
  ) );
#3981 = PCURVE('',#593,#3982);
#3982 = DEFINITIONAL_REPRESENTATION('',(#3983),#3987);
#3983 = LINE('',#3984,#3985);
#3984 = CARTESIAN_POINT('',(3.2,0.));
#3985 = VECTOR('',#3986,1.);
#3986 = DIRECTION('',(0.,-1.));
#3987 = ( GEOMETRIC_REPRESENTATION_CONTEXT(2) 
PARAMETRIC_REPRESENTATION_CONTEXT() REPRESENTATION_CONTEXT('2D SPACE',''
  ) );
#3988 = ORIENTED_EDGE('',*,*,#3989,.T.);
#3989 = EDGE_CURVE('',#3967,#3990,#3992,.T.);
#3990 = VERTEX_POINT('',#3991);
#3991 = CARTESIAN_POINT('',(206.,120.,3.2));
#3992 = SURFACE_CURVE('',#3993,(#3997,#4004),.PCURVE_S1.);
#3993 = LINE('',#3994,#3995);
#3994 = CARTESIAN_POINT('',(182.,120.,3.2));
#3995 = VECTOR('',#3996,1.);
#3996 = DIRECTION('',(1.,0.,-0.));
#3997 = PCURVE('',#3792,#3998);
#3998 = DEFINITIONAL_REPRESENTATION('',(#3999),#4003);
#3999 = LINE('',#4000,#4001);
#4000 = CARTESIAN_POINT('',(169.,102.));
#4001 = VECTOR('',#4002,1.);
#4002 = DIRECTION('',(1.,0.));
#4003 = ( GEOMETRIC_REPRESENTATION_CONTEXT(2) 
PARAMETRIC_REPRESENTATION_CONTEXT() REPRESENTATION_CONTEXT('2D SPACE',''
  ) );
#4004 = PCURVE('',#621,#4005);
#4005 = DEFINITIONAL_REPRESENTATION('',(#4006),#4010);
#4006 = LINE('',#4007,#4008);
#4007 = CARTESIAN_POINT('',(3.2,0.));
#4008 = VECTOR('',#4009,1.);
#4009 = DIRECTION('',(0.,1.));
#4010 = ( GEOMETRIC_REPRESENTATION_CONTEXT(2) 
PARAMETRIC_REPRESENTATION_CONTEXT() REPRESENTATION_CONTEXT('2D SPACE',''
  ) );
#4011 = ORIENTED_EDGE('',*,*,#4012,.T.);
#4012 = EDGE_CURVE('',#3990,#4013,#4015,.T.);
#4013 = VERTEX_POINT('',#4014);
#4014 = CARTESIAN_POINT('',(206.,136.,3.2));
#4015 = SURFACE_CURVE('',#4016,(#4020,#4027),.PCURVE_S1.);
#4016 = LINE('',#4017,#4018);
#4017 = CARTESIAN_POINT('',(206.,120.,3.2));
#4018 = VECTOR('',#4019,1.);
#4019 = DIRECTION('',(-0.,1.,0.));
#4020 = PCURVE('',#3792,#4021);
#4021 = DEFINITIONAL_REPRESENTATION('',(#4022),#4026);
#4022 = LINE('',#4023,#4024);
#4023 = CARTESIAN_POINT('',(193.,102.));
#4024 = VECTOR('',#4025,1.);
#4025 = DIRECTION('',(0.,1.));
#4026 = ( GEOMETRIC_REPRESENTATION_CONTEXT(2) 
PARAMETRIC_REPRESENTATION_CONTEXT() REPRESENTATION_CONTEXT('2D SPACE',''
  ) );
#4027 = PCURVE('',#649,#4028);
#4028 = DEFINITIONAL_REPRESENTATION('',(#4029),#4033);
#4029 = LINE('',#4030,#4031);
#4030 = CARTESIAN_POINT('',(3.2,0.));
#4031 = VECTOR('',#4032,1.);
#4032 = DIRECTION('',(0.,-1.));
#4033 = ( GEOMETRIC_REPRESENTATION_CONTEXT(2) 
PARAMETRIC_REPRESENTATION_CONTEXT() REPRESENTATION_CONTEXT('2D SPACE',''
  ) );
#4034 = ORIENTED_EDGE('',*,*,#4035,.F.);
#4035 = EDGE_CURVE('',#4036,#4013,#4038,.T.);
#4036 = VERTEX_POINT('',#4037);
#4037 = CARTESIAN_POINT('',(182.,136.,3.2));
#4038 = SURFACE_CURVE('',#4039,(#4043,#4050),.PCURVE_S1.);
#4039 = LINE('',#4040,#4041);
#4040 = CARTESIAN_POINT('',(182.,136.,3.2));
#4041 = VECTOR('',#4042,1.);
#4042 = DIRECTION('',(1.,0.,-0.));
#4043 = PCURVE('',#3792,#4044);
#4044 = DEFINITIONAL_REPRESENTATION('',(#4045),#4049);
#4045 = LINE('',#4046,#4047);
#4046 = CARTESIAN_POINT('',(169.,118.));
#4047 = VECTOR('',#4048,1.);
#4048 = DIRECTION('',(1.,0.));
#4049 = ( GEOMETRIC_REPRESENTATION_CONTEXT(2) 
PARAMETRIC_REPRESENTATION_CONTEXT() REPRESENTATION_CONTEXT('2D SPACE',''
  ) );
#4050 = PCURVE('',#677,#4051);
#4051 = DEFINITIONAL_REPRESENTATION('',(#4052),#4056);
#4052 = LINE('',#4053,#4054);
#4053 = CARTESIAN_POINT('',(3.2,0.));
#4054 = VECTOR('',#4055,1.);
#4055 = DIRECTION('',(0.,1.));
#4056 = ( GEOMETRIC_REPRESENTATION_CONTEXT(2) 
PARAMETRIC_REPRESENTATION_CONTEXT() REPRESENTATION_CONTEXT('2D SPACE',''
  ) );
#4057 = ORIENTED_EDGE('',*,*,#4058,.F.);
#4058 = EDGE_CURVE('',#4059,#4036,#4061,.T.);
#4059 = VERTEX_POINT('',#4060);
#4060 = CARTESIAN_POINT('',(182.,125.,3.2));
#4061 = SURFACE_CURVE('',#4062,(#4066,#4073),.PCURVE_S1.);
#4062 = LINE('',#4063,#4064);
#4063 = CARTESIAN_POINT('',(182.,120.,3.2));
#4064 = VECTOR('',#4065,1.);
#4065 = DIRECTION('',(-0.,1.,0.));
#4066 = PCURVE('',#3792,#4067);
#4067 = DEFINITIONAL_REPRESENTATION('',(#4068),#4072);
#4068 = LINE('',#4069,#4070);
#4069 = CARTESIAN_POINT('',(169.,102.));
#4070 = VECTOR('',#4071,1.);
#4071 = DIRECTION('',(0.,1.));
#4072 = ( GEOMETRIC_REPRESENTATION_CONTEXT(2) 
PARAMETRIC_REPRESENTATION_CONTEXT() REPRESENTATION_CONTEXT('2D SPACE',''
  ) );
#4073 = PCURVE('',#705,#4074);
#4074 = DEFINITIONAL_REPRESENTATION('',(#4075),#4079);
#4075 = LINE('',#4076,#4077);
#4076 = CARTESIAN_POINT('',(3.2,0.));
#4077 = VECTOR('',#4078,1.);
#4078 = DIRECTION('',(0.,-1.));
#4079 = ( GEOMETRIC_REPRESENTATION_CONTEXT(2) 
PARAMETRIC_REPRESENTATION_CONTEXT() REPRESENTATION_CONTEXT('2D SPACE',''
  ) );
#4080 = ORIENTED_EDGE('',*,*,#4081,.F.);
#4081 = EDGE_CURVE('',#4082,#4059,#4084,.T.);
#4082 = VERTEX_POINT('',#4083);
#4083 = CARTESIAN_POINT('',(28.,125.,3.2));
#4084 = SURFACE_CURVE('',#4085,(#4089,#4096),.PCURVE_S1.);
#4085 = LINE('',#4086,#4087);
#4086 = CARTESIAN_POINT('',(16.,125.,3.2));
#4087 = VECTOR('',#4088,1.);
#4088 = DIRECTION('',(1.,0.,-0.));
#4089 = PCURVE('',#3792,#4090);
#4090 = DEFINITIONAL_REPRESENTATION('',(#4091),#4095);
#4091 = LINE('',#4092,#4093);
#4092 = CARTESIAN_POINT('',(3.,107.));
#4093 = VECTOR('',#4094,1.);
#4094 = DIRECTION('',(1.,0.));
#4095 = ( GEOMETRIC_REPRESENTATION_CONTEXT(2) 
PARAMETRIC_REPRESENTATION_CONTEXT() REPRESENTATION_CONTEXT('2D SPACE',''
  ) );
#4096 = PCURVE('',#733,#4097);
#4097 = DEFINITIONAL_REPRESENTATION('',(#4098),#4102);
#4098 = LINE('',#4099,#4100);
#4099 = CARTESIAN_POINT('',(3.2,0.));
#4100 = VECTOR('',#4101,1.);
#4101 = DIRECTION('',(0.,1.));
#4102 = ( GEOMETRIC_REPRESENTATION_CONTEXT(2) 
PARAMETRIC_REPRESENTATION_CONTEXT() REPRESENTATION_CONTEXT('2D SPACE',''
  ) );
#4103 = ORIENTED_EDGE('',*,*,#4104,.T.);
#4104 = EDGE_CURVE('',#4082,#4105,#4107,.T.);
#4105 = VERTEX_POINT('',#4106);
#4106 = CARTESIAN_POINT('',(28.,136.,3.2));
#4107 = SURFACE_CURVE('',#4108,(#4112,#4119),.PCURVE_S1.);
#4108 = LINE('',#4109,#4110);
#4109 = CARTESIAN_POINT('',(28.,120.,3.2));
#4110 = VECTOR('',#4111,1.);
#4111 = DIRECTION('',(-0.,1.,0.));
#4112 = PCURVE('',#3792,#4113);
#4113 = DEFINITIONAL_REPRESENTATION('',(#4114),#4118);
#4114 = LINE('',#4115,#4116);
#4115 = CARTESIAN_POINT('',(15.,102.));
#4116 = VECTOR('',#4117,1.);
#4117 = DIRECTION('',(0.,1.));
#4118 = ( GEOMETRIC_REPRESENTATION_CONTEXT(2) 
PARAMETRIC_REPRESENTATION_CONTEXT() REPRESENTATION_CONTEXT('2D SPACE',''
  ) );
#4119 = PCURVE('',#761,#4120);
#4120 = DEFINITIONAL_REPRESENTATION('',(#4121),#4125);
#4121 = LINE('',#4122,#4123);
#4122 = CARTESIAN_POINT('',(3.2,0.));
#4123 = VECTOR('',#4124,1.);
#4124 = DIRECTION('',(0.,-1.));
#4125 = ( GEOMETRIC_REPRESENTATION_CONTEXT(2) 
PARAMETRIC_REPRESENTATION_CONTEXT() REPRESENTATION_CONTEXT('2D SPACE',''
  ) );
#4126 = ORIENTED_EDGE('',*,*,#4127,.F.);
#4127 = EDGE_CURVE('',#4128,#4105,#4130,.T.);
#4128 = VERTEX_POINT('',#4129);
#4129 = CARTESIAN_POINT('',(4.,136.,3.2));
#4130 = SURFACE_CURVE('',#4131,(#4135,#4142),.PCURVE_S1.);
#4131 = LINE('',#4132,#4133);
#4132 = CARTESIAN_POINT('',(4.,136.,3.2));
#4133 = VECTOR('',#4134,1.);
#4134 = DIRECTION('',(1.,0.,-0.));
#4135 = PCURVE('',#3792,#4136);
#4136 = DEFINITIONAL_REPRESENTATION('',(#4137),#4141);
#4137 = LINE('',#4138,#4139);
#4138 = CARTESIAN_POINT('',(-9.,118.));
#4139 = VECTOR('',#4140,1.);
#4140 = DIRECTION('',(1.,0.));
#4141 = ( GEOMETRIC_REPRESENTATION_CONTEXT(2) 
PARAMETRIC_REPRESENTATION_CONTEXT() REPRESENTATION_CONTEXT('2D SPACE',''
  ) );
#4142 = PCURVE('',#789,#4143);
#4143 = DEFINITIONAL_REPRESENTATION('',(#4144),#4148);
#4144 = LINE('',#4145,#4146);
#4145 = CARTESIAN_POINT('',(3.2,0.));
#4146 = VECTOR('',#4147,1.);
#4147 = DIRECTION('',(0.,1.));
#4148 = ( GEOMETRIC_REPRESENTATION_CONTEXT(2) 
PARAMETRIC_REPRESENTATION_CONTEXT() REPRESENTATION_CONTEXT('2D SPACE',''
  ) );
#4149 = ORIENTED_EDGE('',*,*,#4150,.F.);
#4150 = EDGE_CURVE('',#4151,#4128,#4153,.T.);
#4151 = VERTEX_POINT('',#4152);
#4152 = CARTESIAN_POINT('',(4.,120.,3.2));
#4153 = SURFACE_CURVE('',#4154,(#4158,#4165),.PCURVE_S1.);
#4154 = LINE('',#4155,#4156);
#4155 = CARTESIAN_POINT('',(4.,120.,3.2));
#4156 = VECTOR('',#4157,1.);
#4157 = DIRECTION('',(-0.,1.,0.));
#4158 = PCURVE('',#3792,#4159);
#4159 = DEFINITIONAL_REPRESENTATION('',(#4160),#4164);
#4160 = LINE('',#4161,#4162);
#4161 = CARTESIAN_POINT('',(-9.,102.));
#4162 = VECTOR('',#4163,1.);
#4163 = DIRECTION('',(0.,1.));
#4164 = ( GEOMETRIC_REPRESENTATION_CONTEXT(2) 
PARAMETRIC_REPRESENTATION_CONTEXT() REPRESENTATION_CONTEXT('2D SPACE',''
  ) );
#4165 = PCURVE('',#817,#4166);
#4166 = DEFINITIONAL_REPRESENTATION('',(#4167),#4171);
#4167 = LINE('',#4168,#4169);
#4168 = CARTESIAN_POINT('',(3.2,0.));
#4169 = VECTOR('',#4170,1.);
#4170 = DIRECTION('',(0.,-1.));
#4171 = ( GEOMETRIC_REPRESENTATION_CONTEXT(2) 
PARAMETRIC_REPRESENTATION_CONTEXT() REPRESENTATION_CONTEXT('2D SPACE',''
  ) );
#4172 = ORIENTED_EDGE('',*,*,#4173,.T.);
#4173 = EDGE_CURVE('',#4151,#3831,#4174,.T.);
#4174 = SURFACE_CURVE('',#4175,(#4179,#4186),.PCURVE_S1.);
#4175 = LINE('',#4176,#4177);
#4176 = CARTESIAN_POINT('',(4.,120.,3.2));
#4177 = VECTOR('',#4178,1.);
#4178 = DIRECTION('',(1.,0.,-0.));
#4179 = PCURVE('',#3792,#4180);
#4180 = DEFINITIONAL_REPRESENTATION('',(#4181),#4185);
#4181 = LINE('',#4182,#4183);
#4182 = CARTESIAN_POINT('',(-9.,102.));
#4183 = VECTOR('',#4184,1.);
#4184 = DIRECTION('',(1.,0.));
#4185 = ( GEOMETRIC_REPRESENTATION_CONTEXT(2) 
PARAMETRIC_REPRESENTATION_CONTEXT() REPRESENTATION_CONTEXT('2D SPACE',''
  ) );
#4186 = PCURVE('',#845,#4187);
#4187 = DEFINITIONAL_REPRESENTATION('',(#4188),#4192);
#4188 = LINE('',#4189,#4190);
#4189 = CARTESIAN_POINT('',(3.2,0.));
#4190 = VECTOR('',#4191,1.);
#4191 = DIRECTION('',(0.,1.));
#4192 = ( GEOMETRIC_REPRESENTATION_CONTEXT(2) 
PARAMETRIC_REPRESENTATION_CONTEXT() REPRESENTATION_CONTEXT('2D SPACE',''
  ) );
#4193 = FACE_BOUND('',#4194,.T.);
#4194 = EDGE_LOOP('',(#4195,#4225,#4247,#4275));
#4195 = ORIENTED_EDGE('',*,*,#4196,.T.);
#4196 = EDGE_CURVE('',#4197,#4199,#4201,.T.);
#4197 = VERTEX_POINT('',#4198);
#4198 = CARTESIAN_POINT('',(11.25,125.75,3.2));
#4199 = VERTEX_POINT('',#4200);
#4200 = CARTESIAN_POINT('',(11.25,130.25,3.2));
#4201 = SURFACE_CURVE('',#4202,(#4207,#4218),.PCURVE_S1.);
#4202 = CIRCLE('',#4203,2.25);
#4203 = AXIS2_PLACEMENT_3D('',#4204,#4205,#4206);
#4204 = CARTESIAN_POINT('',(11.25,128.,3.2));
#4205 = DIRECTION('',(0.,-0.,-1.));
#4206 = DIRECTION('',(0.,-1.,0.));
#4207 = PCURVE('',#3792,#4208);
#4208 = DEFINITIONAL_REPRESENTATION('',(#4209),#4217);
#4209 = ( BOUNDED_CURVE() B_SPLINE_CURVE(2,(#4210,#4211,#4212,#4213,
#4214,#4215,#4216),.UNSPECIFIED.,.T.,.F.) B_SPLINE_CURVE_WITH_KNOTS((1,2
    ,2,2,2,1),(-2.094395102393,0.,2.094395102393,4.188790204786,
6.28318530718,8.377580409573),.UNSPECIFIED.) CURVE() 
GEOMETRIC_REPRESENTATION_ITEM() RATIONAL_B_SPLINE_CURVE((1.,0.5,1.,0.5,
1.,0.5,1.)) REPRESENTATION_ITEM('') );
#4210 = CARTESIAN_POINT('',(-1.75,107.75));
#4211 = CARTESIAN_POINT('',(-5.64711431703,107.75));
#4212 = CARTESIAN_POINT('',(-3.698557158515,111.125));
#4213 = CARTESIAN_POINT('',(-1.75,114.5));
#4214 = CARTESIAN_POINT('',(0.198557158515,111.125));
#4215 = CARTESIAN_POINT('',(2.14711431703,107.75));
#4216 = CARTESIAN_POINT('',(-1.75,107.75));
#4217 = ( GEOMETRIC_REPRESENTATION_CONTEXT(2) 
PARAMETRIC_REPRESENTATION_CONTEXT() REPRESENTATION_CONTEXT('2D SPACE',''
  ) );
#4218 = PCURVE('',#1691,#4219);
#4219 = DEFINITIONAL_REPRESENTATION('',(#4220),#4224);
#4220 = LINE('',#4221,#4222);
#4221 = CARTESIAN_POINT('',(0.,-4.2));
#4222 = VECTOR('',#4223,1.);
#4223 = DIRECTION('',(1.,0.));
#4224 = ( GEOMETRIC_REPRESENTATION_CONTEXT(2) 
PARAMETRIC_REPRESENTATION_CONTEXT() REPRESENTATION_CONTEXT('2D SPACE',''
  ) );
#4225 = ORIENTED_EDGE('',*,*,#4226,.F.);
#4226 = EDGE_CURVE('',#4227,#4199,#4229,.T.);
#4227 = VERTEX_POINT('',#4228);
#4228 = CARTESIAN_POINT('',(20.75,130.25,3.2));
#4229 = SURFACE_CURVE('',#4230,(#4234,#4241),.PCURVE_S1.);
#4230 = LINE('',#4231,#4232);
#4231 = CARTESIAN_POINT('',(7.625,130.25,3.2));
#4232 = VECTOR('',#4233,1.);
#4233 = DIRECTION('',(-1.,0.,0.));
#4234 = PCURVE('',#3792,#4235);
#4235 = DEFINITIONAL_REPRESENTATION('',(#4236),#4240);
#4236 = LINE('',#4237,#4238);
#4237 = CARTESIAN_POINT('',(-5.375,112.25));
#4238 = VECTOR('',#4239,1.);
#4239 = DIRECTION('',(-1.,0.));
#4240 = ( GEOMETRIC_REPRESENTATION_CONTEXT(2) 
PARAMETRIC_REPRESENTATION_CONTEXT() REPRESENTATION_CONTEXT('2D SPACE',''
  ) );
#4241 = PCURVE('',#1719,#4242);
#4242 = DEFINITIONAL_REPRESENTATION('',(#4243),#4246);
#4243 = B_SPLINE_CURVE_WITH_KNOTS('',1,(#4244,#4245),.UNSPECIFIED.,.F.,
  .F.,(2,2),(-13.125,-3.625),.PIECEWISE_BEZIER_KNOTS.);
#4244 = CARTESIAN_POINT('',(9.5,-4.2));
#4245 = CARTESIAN_POINT('',(0.,-4.2));
#4246 = ( GEOMETRIC_REPRESENTATION_CONTEXT(2) 
PARAMETRIC_REPRESENTATION_CONTEXT() REPRESENTATION_CONTEXT('2D SPACE',''
  ) );
#4247 = ORIENTED_EDGE('',*,*,#4248,.T.);
#4248 = EDGE_CURVE('',#4227,#4249,#4251,.T.);
#4249 = VERTEX_POINT('',#4250);
#4250 = CARTESIAN_POINT('',(20.75,125.75,3.2));
#4251 = SURFACE_CURVE('',#4252,(#4257,#4268),.PCURVE_S1.);
#4252 = CIRCLE('',#4253,2.25);
#4253 = AXIS2_PLACEMENT_3D('',#4254,#4255,#4256);
#4254 = CARTESIAN_POINT('',(20.75,128.,3.2));
#4255 = DIRECTION('',(0.,0.,-1.));
#4256 = DIRECTION('',(0.,1.,0.));
#4257 = PCURVE('',#3792,#4258);
#4258 = DEFINITIONAL_REPRESENTATION('',(#4259),#4267);
#4259 = ( BOUNDED_CURVE() B_SPLINE_CURVE(2,(#4260,#4261,#4262,#4263,
#4264,#4265,#4266),.UNSPECIFIED.,.T.,.F.) B_SPLINE_CURVE_WITH_KNOTS((1,2
    ,2,2,2,1),(-2.094395102393,0.,2.094395102393,4.188790204786,
6.28318530718,8.377580409573),.UNSPECIFIED.) CURVE() 
GEOMETRIC_REPRESENTATION_ITEM() RATIONAL_B_SPLINE_CURVE((1.,0.5,1.,0.5,
1.,0.5,1.)) REPRESENTATION_ITEM('') );
#4260 = CARTESIAN_POINT('',(7.75,112.25));
#4261 = CARTESIAN_POINT('',(11.64711431703,112.25));
#4262 = CARTESIAN_POINT('',(9.698557158515,108.875));
#4263 = CARTESIAN_POINT('',(7.75,105.5));
#4264 = CARTESIAN_POINT('',(5.801442841485,108.875));
#4265 = CARTESIAN_POINT('',(3.85288568297,112.25));
#4266 = CARTESIAN_POINT('',(7.75,112.25));
#4267 = ( GEOMETRIC_REPRESENTATION_CONTEXT(2) 
PARAMETRIC_REPRESENTATION_CONTEXT() REPRESENTATION_CONTEXT('2D SPACE',''
  ) );
#4268 = PCURVE('',#1751,#4269);
#4269 = DEFINITIONAL_REPRESENTATION('',(#4270),#4274);
#4270 = LINE('',#4271,#4272);
#4271 = CARTESIAN_POINT('',(0.,-4.2));
#4272 = VECTOR('',#4273,1.);
#4273 = DIRECTION('',(1.,0.));
#4274 = ( GEOMETRIC_REPRESENTATION_CONTEXT(2) 
PARAMETRIC_REPRESENTATION_CONTEXT() REPRESENTATION_CONTEXT('2D SPACE',''
  ) );
#4275 = ORIENTED_EDGE('',*,*,#4276,.F.);
#4276 = EDGE_CURVE('',#4197,#4249,#4277,.T.);
#4277 = SURFACE_CURVE('',#4278,(#4282,#4289),.PCURVE_S1.);
#4278 = LINE('',#4279,#4280);
#4279 = CARTESIAN_POINT('',(12.375,125.75,3.2));
#4280 = VECTOR('',#4281,1.);
#4281 = DIRECTION('',(1.,0.,-0.));
#4282 = PCURVE('',#3792,#4283);
#4283 = DEFINITIONAL_REPRESENTATION('',(#4284),#4288);
#4284 = LINE('',#4285,#4286);
#4285 = CARTESIAN_POINT('',(-0.625,107.75));
#4286 = VECTOR('',#4287,1.);
#4287 = DIRECTION('',(1.,0.));
#4288 = ( GEOMETRIC_REPRESENTATION_CONTEXT(2) 
PARAMETRIC_REPRESENTATION_CONTEXT() REPRESENTATION_CONTEXT('2D SPACE',''
  ) );
#4289 = PCURVE('',#1777,#4290);
#4290 = DEFINITIONAL_REPRESENTATION('',(#4291),#4294);
#4291 = B_SPLINE_CURVE_WITH_KNOTS('',1,(#4292,#4293),.UNSPECIFIED.,.F.,
  .F.,(2,2),(-1.125,8.375),.PIECEWISE_BEZIER_KNOTS.);
#4292 = CARTESIAN_POINT('',(9.5,-4.2));
#4293 = CARTESIAN_POINT('',(0.,-4.2));
#4294 = ( GEOMETRIC_REPRESENTATION_CONTEXT(2) 
PARAMETRIC_REPRESENTATION_CONTEXT() REPRESENTATION_CONTEXT('2D SPACE',''
  ) );
#4295 = FACE_BOUND('',#4296,.T.);
#4296 = EDGE_LOOP('',(#4297,#4325,#4347,#4373));
#4297 = ORIENTED_EDGE('',*,*,#4298,.T.);
#4298 = EDGE_CURVE('',#3778,#4299,#4301,.T.);
#4299 = VERTEX_POINT('',#4300);
#4300 = CARTESIAN_POINT('',(189.25,130.25,3.2));
#4301 = SURFACE_CURVE('',#4302,(#4307,#4318),.PCURVE_S1.);
#4302 = CIRCLE('',#4303,2.25);
#4303 = AXIS2_PLACEMENT_3D('',#4304,#4305,#4306);
#4304 = CARTESIAN_POINT('',(189.25,128.,3.2));
#4305 = DIRECTION('',(0.,-0.,-1.));
#4306 = DIRECTION('',(0.,-1.,0.));
#4307 = PCURVE('',#3792,#4308);
#4308 = DEFINITIONAL_REPRESENTATION('',(#4309),#4317);
#4309 = ( BOUNDED_CURVE() B_SPLINE_CURVE(2,(#4310,#4311,#4312,#4313,
#4314,#4315,#4316),.UNSPECIFIED.,.T.,.F.) B_SPLINE_CURVE_WITH_KNOTS((1,2
    ,2,2,2,1),(-2.094395102393,0.,2.094395102393,4.188790204786,
6.28318530718,8.377580409573),.UNSPECIFIED.) CURVE() 
GEOMETRIC_REPRESENTATION_ITEM() RATIONAL_B_SPLINE_CURVE((1.,0.5,1.,0.5,
1.,0.5,1.)) REPRESENTATION_ITEM('') );
#4310 = CARTESIAN_POINT('',(176.25,107.75));
#4311 = CARTESIAN_POINT('',(172.35288568297,107.75));
#4312 = CARTESIAN_POINT('',(174.30144284148,111.125));
#4313 = CARTESIAN_POINT('',(176.25,114.5));
#4314 = CARTESIAN_POINT('',(178.19855715851,111.125));
#4315 = CARTESIAN_POINT('',(180.14711431703,107.75));
#4316 = CARTESIAN_POINT('',(176.25,107.75));
#4317 = ( GEOMETRIC_REPRESENTATION_CONTEXT(2) 
PARAMETRIC_REPRESENTATION_CONTEXT() REPRESENTATION_CONTEXT('2D SPACE',''
  ) );
#4318 = PCURVE('',#2594,#4319);
#4319 = DEFINITIONAL_REPRESENTATION('',(#4320),#4324);
#4320 = LINE('',#4321,#4322);
#4321 = CARTESIAN_POINT('',(0.,-4.2));
#4322 = VECTOR('',#4323,1.);
#4323 = DIRECTION('',(1.,0.));
#4324 = ( GEOMETRIC_REPRESENTATION_CONTEXT(2) 
PARAMETRIC_REPRESENTATION_CONTEXT() REPRESENTATION_CONTEXT('2D SPACE',''
  ) );
#4325 = ORIENTED_EDGE('',*,*,#4326,.F.);
#4326 = EDGE_CURVE('',#4327,#4299,#4329,.T.);
#4327 = VERTEX_POINT('',#4328);
#4328 = CARTESIAN_POINT('',(198.75,130.25,3.2));
#4329 = SURFACE_CURVE('',#4330,(#4334,#4341),.PCURVE_S1.);
#4330 = LINE('',#4331,#4332);
#4331 = CARTESIAN_POINT('',(185.625,130.25,3.2));
#4332 = VECTOR('',#4333,1.);
#4333 = DIRECTION('',(-1.,0.,0.));
#4334 = PCURVE('',#3792,#4335);
#4335 = DEFINITIONAL_REPRESENTATION('',(#4336),#4340);
#4336 = LINE('',#4337,#4338);
#4337 = CARTESIAN_POINT('',(172.625,112.25));
#4338 = VECTOR('',#4339,1.);
#4339 = DIRECTION('',(-1.,0.));
#4340 = ( GEOMETRIC_REPRESENTATION_CONTEXT(2) 
PARAMETRIC_REPRESENTATION_CONTEXT() REPRESENTATION_CONTEXT('2D SPACE',''
  ) );
#4341 = PCURVE('',#2622,#4342);
#4342 = DEFINITIONAL_REPRESENTATION('',(#4343),#4346);
#4343 = B_SPLINE_CURVE_WITH_KNOTS('',1,(#4344,#4345),.UNSPECIFIED.,.F.,
  .F.,(2,2),(-13.125,-3.625),.PIECEWISE_BEZIER_KNOTS.);
#4344 = CARTESIAN_POINT('',(9.5,-4.2));
#4345 = CARTESIAN_POINT('',(0.,-4.2));
#4346 = ( GEOMETRIC_REPRESENTATION_CONTEXT(2) 
PARAMETRIC_REPRESENTATION_CONTEXT() REPRESENTATION_CONTEXT('2D SPACE',''
  ) );
#4347 = ORIENTED_EDGE('',*,*,#4348,.T.);
#4348 = EDGE_CURVE('',#4327,#3755,#4349,.T.);
#4349 = SURFACE_CURVE('',#4350,(#4355,#4366),.PCURVE_S1.);
#4350 = CIRCLE('',#4351,2.25);
#4351 = AXIS2_PLACEMENT_3D('',#4352,#4353,#4354);
#4352 = CARTESIAN_POINT('',(198.75,128.,3.2));
#4353 = DIRECTION('',(0.,0.,-1.));
#4354 = DIRECTION('',(0.,1.,0.));
#4355 = PCURVE('',#3792,#4356);
#4356 = DEFINITIONAL_REPRESENTATION('',(#4357),#4365);
#4357 = ( BOUNDED_CURVE() B_SPLINE_CURVE(2,(#4358,#4359,#4360,#4361,
#4362,#4363,#4364),.UNSPECIFIED.,.T.,.F.) B_SPLINE_CURVE_WITH_KNOTS((1,2
    ,2,2,2,1),(-2.094395102393,0.,2.094395102393,4.188790204786,
6.28318530718,8.377580409573),.UNSPECIFIED.) CURVE() 
GEOMETRIC_REPRESENTATION_ITEM() RATIONAL_B_SPLINE_CURVE((1.,0.5,1.,0.5,
1.,0.5,1.)) REPRESENTATION_ITEM('') );
#4358 = CARTESIAN_POINT('',(185.75,112.25));
#4359 = CARTESIAN_POINT('',(189.64711431703,112.25));
#4360 = CARTESIAN_POINT('',(187.69855715851,108.875));
#4361 = CARTESIAN_POINT('',(185.75,105.5));
#4362 = CARTESIAN_POINT('',(183.80144284148,108.875));
#4363 = CARTESIAN_POINT('',(181.85288568297,112.25));
#4364 = CARTESIAN_POINT('',(185.75,112.25));
#4365 = ( GEOMETRIC_REPRESENTATION_CONTEXT(2) 
PARAMETRIC_REPRESENTATION_CONTEXT() REPRESENTATION_CONTEXT('2D SPACE',''
  ) );
#4366 = PCURVE('',#2654,#4367);
#4367 = DEFINITIONAL_REPRESENTATION('',(#4368),#4372);
#4368 = LINE('',#4369,#4370);
#4369 = CARTESIAN_POINT('',(0.,-4.2));
#4370 = VECTOR('',#4371,1.);
#4371 = DIRECTION('',(1.,0.));
#4372 = ( GEOMETRIC_REPRESENTATION_CONTEXT(2) 
PARAMETRIC_REPRESENTATION_CONTEXT() REPRESENTATION_CONTEXT('2D SPACE',''
  ) );
#4373 = ORIENTED_EDGE('',*,*,#3777,.F.);
#4374 = ADVANCED_FACE('',(#4375),#2654,.F.);
#4375 = FACE_BOUND('',#4376,.F.);
#4376 = EDGE_LOOP('',(#4377,#4378,#4399,#4400));
#4377 = ORIENTED_EDGE('',*,*,#2633,.F.);
#4378 = ORIENTED_EDGE('',*,*,#4379,.T.);
#4379 = EDGE_CURVE('',#2607,#4327,#4380,.T.);
#4380 = SURFACE_CURVE('',#4381,(#4385,#4392),.PCURVE_S1.);
#4381 = LINE('',#4382,#4383);
#4382 = CARTESIAN_POINT('',(198.75,130.25,-1.));
#4383 = VECTOR('',#4384,1.);
#4384 = DIRECTION('',(0.,0.,1.));
#4385 = PCURVE('',#2654,#4386);
#4386 = DEFINITIONAL_REPRESENTATION('',(#4387),#4391);
#4387 = LINE('',#4388,#4389);
#4388 = CARTESIAN_POINT('',(0.,0.));
#4389 = VECTOR('',#4390,1.);
#4390 = DIRECTION('',(0.,-1.));
#4391 = ( GEOMETRIC_REPRESENTATION_CONTEXT(2) 
PARAMETRIC_REPRESENTATION_CONTEXT() REPRESENTATION_CONTEXT('2D SPACE',''
  ) );
#4392 = PCURVE('',#2622,#4393);
#4393 = DEFINITIONAL_REPRESENTATION('',(#4394),#4398);
#4394 = LINE('',#4395,#4396);
#4395 = CARTESIAN_POINT('',(9.5,0.));
#4396 = VECTOR('',#4397,1.);
#4397 = DIRECTION('',(0.,-1.));
#4398 = ( GEOMETRIC_REPRESENTATION_CONTEXT(2) 
PARAMETRIC_REPRESENTATION_CONTEXT() REPRESENTATION_CONTEXT('2D SPACE',''
  ) );
#4399 = ORIENTED_EDGE('',*,*,#4348,.T.);
#4400 = ORIENTED_EDGE('',*,*,#3754,.F.);
#4401 = ADVANCED_FACE('',(#4402),#2622,.F.);
#4402 = FACE_BOUND('',#4403,.F.);
#4403 = EDGE_LOOP('',(#4404,#4405,#4426,#4427));
#4404 = ORIENTED_EDGE('',*,*,#2606,.T.);
#4405 = ORIENTED_EDGE('',*,*,#4406,.T.);
#4406 = EDGE_CURVE('',#2574,#4299,#4407,.T.);
#4407 = SURFACE_CURVE('',#4408,(#4412,#4419),.PCURVE_S1.);
#4408 = LINE('',#4409,#4410);
#4409 = CARTESIAN_POINT('',(189.25,130.25,-1.));
#4410 = VECTOR('',#4411,1.);
#4411 = DIRECTION('',(0.,0.,1.));
#4412 = PCURVE('',#2622,#4413);
#4413 = DEFINITIONAL_REPRESENTATION('',(#4414),#4418);
#4414 = LINE('',#4415,#4416);
#4415 = CARTESIAN_POINT('',(0.,0.));
#4416 = VECTOR('',#4417,1.);
#4417 = DIRECTION('',(0.,-1.));
#4418 = ( GEOMETRIC_REPRESENTATION_CONTEXT(2) 
PARAMETRIC_REPRESENTATION_CONTEXT() REPRESENTATION_CONTEXT('2D SPACE',''
  ) );
#4419 = PCURVE('',#2594,#4420);
#4420 = DEFINITIONAL_REPRESENTATION('',(#4421),#4425);
#4421 = LINE('',#4422,#4423);
#4422 = CARTESIAN_POINT('',(3.14159265359,0.));
#4423 = VECTOR('',#4424,1.);
#4424 = DIRECTION('',(0.,-1.));
#4425 = ( GEOMETRIC_REPRESENTATION_CONTEXT(2) 
PARAMETRIC_REPRESENTATION_CONTEXT() REPRESENTATION_CONTEXT('2D SPACE',''
  ) );
#4426 = ORIENTED_EDGE('',*,*,#4326,.F.);
#4427 = ORIENTED_EDGE('',*,*,#4379,.F.);
#4428 = ADVANCED_FACE('',(#4429),#2594,.F.);
#4429 = FACE_BOUND('',#4430,.F.);
#4430 = EDGE_LOOP('',(#4431,#4432,#4433,#4434));
#4431 = ORIENTED_EDGE('',*,*,#2571,.F.);
#4432 = ORIENTED_EDGE('',*,*,#3804,.T.);
#4433 = ORIENTED_EDGE('',*,*,#4298,.T.);
#4434 = ORIENTED_EDGE('',*,*,#4406,.F.);
#4435 = ADVANCED_FACE('',(#4436),#2557,.F.);
#4436 = FACE_BOUND('',#4437,.F.);
#4437 = EDGE_LOOP('',(#4438,#4439,#4462,#4495));
#4438 = ORIENTED_EDGE('',*,*,#2538,.F.);
#4439 = ORIENTED_EDGE('',*,*,#4440,.T.);
#4440 = EDGE_CURVE('',#2512,#4441,#4443,.T.);
#4441 = VERTEX_POINT('',#4442);
#4442 = CARTESIAN_POINT('',(198.75,14.25,3.2));
#4443 = SURFACE_CURVE('',#4444,(#4448,#4455),.PCURVE_S1.);
#4444 = LINE('',#4445,#4446);
#4445 = CARTESIAN_POINT('',(198.75,14.25,-1.));
#4446 = VECTOR('',#4447,1.);
#4447 = DIRECTION('',(0.,0.,1.));
#4448 = PCURVE('',#2557,#4449);
#4449 = DEFINITIONAL_REPRESENTATION('',(#4450),#4454);
#4450 = LINE('',#4451,#4452);
#4451 = CARTESIAN_POINT('',(0.,0.));
#4452 = VECTOR('',#4453,1.);
#4453 = DIRECTION('',(0.,-1.));
#4454 = ( GEOMETRIC_REPRESENTATION_CONTEXT(2) 
PARAMETRIC_REPRESENTATION_CONTEXT() REPRESENTATION_CONTEXT('2D SPACE',''
  ) );
#4455 = PCURVE('',#2527,#4456);
#4456 = DEFINITIONAL_REPRESENTATION('',(#4457),#4461);
#4457 = LINE('',#4458,#4459);
#4458 = CARTESIAN_POINT('',(9.5,0.));
#4459 = VECTOR('',#4460,1.);
#4460 = DIRECTION('',(0.,-1.));
#4461 = ( GEOMETRIC_REPRESENTATION_CONTEXT(2) 
PARAMETRIC_REPRESENTATION_CONTEXT() REPRESENTATION_CONTEXT('2D SPACE',''
  ) );
#4462 = ORIENTED_EDGE('',*,*,#4463,.T.);
#4463 = EDGE_CURVE('',#4441,#4464,#4466,.T.);
#4464 = VERTEX_POINT('',#4465);
#4465 = CARTESIAN_POINT('',(198.75,9.75,3.2));
#4466 = SURFACE_CURVE('',#4467,(#4472,#4479),.PCURVE_S1.);
#4467 = CIRCLE('',#4468,2.25);
#4468 = AXIS2_PLACEMENT_3D('',#4469,#4470,#4471);
#4469 = CARTESIAN_POINT('',(198.75,12.,3.2));
#4470 = DIRECTION('',(0.,0.,-1.));
#4471 = DIRECTION('',(0.,1.,0.));
#4472 = PCURVE('',#2557,#4473);
#4473 = DEFINITIONAL_REPRESENTATION('',(#4474),#4478);
#4474 = LINE('',#4475,#4476);
#4475 = CARTESIAN_POINT('',(0.,-4.2));
#4476 = VECTOR('',#4477,1.);
#4477 = DIRECTION('',(1.,0.));
#4478 = ( GEOMETRIC_REPRESENTATION_CONTEXT(2) 
PARAMETRIC_REPRESENTATION_CONTEXT() REPRESENTATION_CONTEXT('2D SPACE',''
  ) );
#4479 = PCURVE('',#4480,#4485);
#4480 = PLANE('',#4481);
#4481 = AXIS2_PLACEMENT_3D('',#4482,#4483,#4484);
#4482 = CARTESIAN_POINT('',(13.,18.,3.2));
#4483 = DIRECTION('',(0.,0.,1.));
#4484 = DIRECTION('',(1.,0.,-0.));
#4485 = DEFINITIONAL_REPRESENTATION('',(#4486),#4494);
#4486 = ( BOUNDED_CURVE() B_SPLINE_CURVE(2,(#4487,#4488,#4489,#4490,
#4491,#4492,#4493),.UNSPECIFIED.,.T.,.F.) B_SPLINE_CURVE_WITH_KNOTS((1,2
    ,2,2,2,1),(-2.094395102393,0.,2.094395102393,4.188790204786,
6.28318530718,8.377580409573),.UNSPECIFIED.) CURVE() 
GEOMETRIC_REPRESENTATION_ITEM() RATIONAL_B_SPLINE_CURVE((1.,0.5,1.,0.5,
1.,0.5,1.)) REPRESENTATION_ITEM('') );
#4487 = CARTESIAN_POINT('',(185.75,-3.75));
#4488 = CARTESIAN_POINT('',(189.64711431703,-3.75));
#4489 = CARTESIAN_POINT('',(187.69855715851,-7.125));
#4490 = CARTESIAN_POINT('',(185.75,-10.5));
#4491 = CARTESIAN_POINT('',(183.80144284148,-7.125));
#4492 = CARTESIAN_POINT('',(181.85288568297,-3.75));
#4493 = CARTESIAN_POINT('',(185.75,-3.75));
#4494 = ( GEOMETRIC_REPRESENTATION_CONTEXT(2) 
PARAMETRIC_REPRESENTATION_CONTEXT() REPRESENTATION_CONTEXT('2D SPACE',''
  ) );
#4495 = ORIENTED_EDGE('',*,*,#4496,.F.);
#4496 = EDGE_CURVE('',#2452,#4464,#4497,.T.);
#4497 = SURFACE_CURVE('',#4498,(#4502,#4509),.PCURVE_S1.);
#4498 = LINE('',#4499,#4500);
#4499 = CARTESIAN_POINT('',(198.75,9.75,-1.));
#4500 = VECTOR('',#4501,1.);
#4501 = DIRECTION('',(0.,0.,1.));
#4502 = PCURVE('',#2557,#4503);
#4503 = DEFINITIONAL_REPRESENTATION('',(#4504),#4508);
#4504 = LINE('',#4505,#4506);
#4505 = CARTESIAN_POINT('',(3.14159265359,0.));
#4506 = VECTOR('',#4507,1.);
#4507 = DIRECTION('',(0.,-1.));
#4508 = ( GEOMETRIC_REPRESENTATION_CONTEXT(2) 
PARAMETRIC_REPRESENTATION_CONTEXT() REPRESENTATION_CONTEXT('2D SPACE',''
  ) );
#4509 = PCURVE('',#2467,#4510);
#4510 = DEFINITIONAL_REPRESENTATION('',(#4511),#4515);
#4511 = LINE('',#4512,#4513);
#4512 = CARTESIAN_POINT('',(0.,-0.));
#4513 = VECTOR('',#4514,1.);
#4514 = DIRECTION('',(0.,-1.));
#4515 = ( GEOMETRIC_REPRESENTATION_CONTEXT(2) 
PARAMETRIC_REPRESENTATION_CONTEXT() REPRESENTATION_CONTEXT('2D SPACE',''
  ) );
#4516 = ADVANCED_FACE('',(#4517,#4885,#4987),#4480,.T.);
#4517 = FACE_BOUND('',#4518,.T.);
#4518 = EDGE_LOOP('',(#4519,#4544,#4567,#4590,#4613,#4636,#4659,#4682,
    #4705,#4728,#4751,#4774,#4796,#4819,#4842,#4865));
#4519 = ORIENTED_EDGE('',*,*,#4520,.F.);
#4520 = EDGE_CURVE('',#4521,#4523,#4525,.T.);
#4521 = VERTEX_POINT('',#4522);
#4522 = CARTESIAN_POINT('',(13.,20.,3.2));
#4523 = VERTEX_POINT('',#4524);
#4524 = CARTESIAN_POINT('',(13.,24.56,3.2));
#4525 = SURFACE_CURVE('',#4526,(#4530,#4537),.PCURVE_S1.);
#4526 = LINE('',#4527,#4528);
#4527 = CARTESIAN_POINT('',(13.,18.,3.2));
#4528 = VECTOR('',#4529,1.);
#4529 = DIRECTION('',(-0.,1.,0.));
#4530 = PCURVE('',#4480,#4531);
#4531 = DEFINITIONAL_REPRESENTATION('',(#4532),#4536);
#4532 = LINE('',#4533,#4534);
#4533 = CARTESIAN_POINT('',(0.,0.));
#4534 = VECTOR('',#4535,1.);
#4535 = DIRECTION('',(0.,1.));
#4536 = ( GEOMETRIC_REPRESENTATION_CONTEXT(2) 
PARAMETRIC_REPRESENTATION_CONTEXT() REPRESENTATION_CONTEXT('2D SPACE',''
  ) );
#4537 = PCURVE('',#201,#4538);
#4538 = DEFINITIONAL_REPRESENTATION('',(#4539),#4543);
#4539 = LINE('',#4540,#4541);
#4540 = CARTESIAN_POINT('',(3.2,0.));
#4541 = VECTOR('',#4542,1.);
#4542 = DIRECTION('',(0.,-1.));
#4543 = ( GEOMETRIC_REPRESENTATION_CONTEXT(2) 
PARAMETRIC_REPRESENTATION_CONTEXT() REPRESENTATION_CONTEXT('2D SPACE',''
  ) );
#4544 = ORIENTED_EDGE('',*,*,#4545,.F.);
#4545 = EDGE_CURVE('',#4546,#4521,#4548,.T.);
#4546 = VERTEX_POINT('',#4547);
#4547 = CARTESIAN_POINT('',(4.,20.,3.2));
#4548 = SURFACE_CURVE('',#4549,(#4553,#4560),.PCURVE_S1.);
#4549 = LINE('',#4550,#4551);
#4550 = CARTESIAN_POINT('',(4.,20.,3.2));
#4551 = VECTOR('',#4552,1.);
#4552 = DIRECTION('',(1.,0.,-0.));
#4553 = PCURVE('',#4480,#4554);
#4554 = DEFINITIONAL_REPRESENTATION('',(#4555),#4559);
#4555 = LINE('',#4556,#4557);
#4556 = CARTESIAN_POINT('',(-9.,2.));
#4557 = VECTOR('',#4558,1.);
#4558 = DIRECTION('',(1.,0.));
#4559 = ( GEOMETRIC_REPRESENTATION_CONTEXT(2) 
PARAMETRIC_REPRESENTATION_CONTEXT() REPRESENTATION_CONTEXT('2D SPACE',''
  ) );
#4560 = PCURVE('',#229,#4561);
#4561 = DEFINITIONAL_REPRESENTATION('',(#4562),#4566);
#4562 = LINE('',#4563,#4564);
#4563 = CARTESIAN_POINT('',(3.2,0.));
#4564 = VECTOR('',#4565,1.);
#4565 = DIRECTION('',(0.,1.));
#4566 = ( GEOMETRIC_REPRESENTATION_CONTEXT(2) 
PARAMETRIC_REPRESENTATION_CONTEXT() REPRESENTATION_CONTEXT('2D SPACE',''
  ) );
#4567 = ORIENTED_EDGE('',*,*,#4568,.F.);
#4568 = EDGE_CURVE('',#4569,#4546,#4571,.T.);
#4569 = VERTEX_POINT('',#4570);
#4570 = CARTESIAN_POINT('',(4.,4.,3.2));
#4571 = SURFACE_CURVE('',#4572,(#4576,#4583),.PCURVE_S1.);
#4572 = LINE('',#4573,#4574);
#4573 = CARTESIAN_POINT('',(4.,4.,3.2));
#4574 = VECTOR('',#4575,1.);
#4575 = DIRECTION('',(-0.,1.,0.));
#4576 = PCURVE('',#4480,#4577);
#4577 = DEFINITIONAL_REPRESENTATION('',(#4578),#4582);
#4578 = LINE('',#4579,#4580);
#4579 = CARTESIAN_POINT('',(-9.,-14.));
#4580 = VECTOR('',#4581,1.);
#4581 = DIRECTION('',(0.,1.));
#4582 = ( GEOMETRIC_REPRESENTATION_CONTEXT(2) 
PARAMETRIC_REPRESENTATION_CONTEXT() REPRESENTATION_CONTEXT('2D SPACE',''
  ) );
#4583 = PCURVE('',#257,#4584);
#4584 = DEFINITIONAL_REPRESENTATION('',(#4585),#4589);
#4585 = LINE('',#4586,#4587);
#4586 = CARTESIAN_POINT('',(3.2,0.));
#4587 = VECTOR('',#4588,1.);
#4588 = DIRECTION('',(0.,-1.));
#4589 = ( GEOMETRIC_REPRESENTATION_CONTEXT(2) 
PARAMETRIC_REPRESENTATION_CONTEXT() REPRESENTATION_CONTEXT('2D SPACE',''
  ) );
#4590 = ORIENTED_EDGE('',*,*,#4591,.T.);
#4591 = EDGE_CURVE('',#4569,#4592,#4594,.T.);
#4592 = VERTEX_POINT('',#4593);
#4593 = CARTESIAN_POINT('',(28.,4.,3.2));
#4594 = SURFACE_CURVE('',#4595,(#4599,#4606),.PCURVE_S1.);
#4595 = LINE('',#4596,#4597);
#4596 = CARTESIAN_POINT('',(4.,4.,3.2));
#4597 = VECTOR('',#4598,1.);
#4598 = DIRECTION('',(1.,0.,-0.));
#4599 = PCURVE('',#4480,#4600);
#4600 = DEFINITIONAL_REPRESENTATION('',(#4601),#4605);
#4601 = LINE('',#4602,#4603);
#4602 = CARTESIAN_POINT('',(-9.,-14.));
#4603 = VECTOR('',#4604,1.);
#4604 = DIRECTION('',(1.,0.));
#4605 = ( GEOMETRIC_REPRESENTATION_CONTEXT(2) 
PARAMETRIC_REPRESENTATION_CONTEXT() REPRESENTATION_CONTEXT('2D SPACE',''
  ) );
#4606 = PCURVE('',#285,#4607);
#4607 = DEFINITIONAL_REPRESENTATION('',(#4608),#4612);
#4608 = LINE('',#4609,#4610);
#4609 = CARTESIAN_POINT('',(3.2,0.));
#4610 = VECTOR('',#4611,1.);
#4611 = DIRECTION('',(0.,1.));
#4612 = ( GEOMETRIC_REPRESENTATION_CONTEXT(2) 
PARAMETRIC_REPRESENTATION_CONTEXT() REPRESENTATION_CONTEXT('2D SPACE',''
  ) );
#4613 = ORIENTED_EDGE('',*,*,#4614,.T.);
#4614 = EDGE_CURVE('',#4592,#4615,#4617,.T.);
#4615 = VERTEX_POINT('',#4616);
#4616 = CARTESIAN_POINT('',(28.,15.,3.2));
#4617 = SURFACE_CURVE('',#4618,(#4622,#4629),.PCURVE_S1.);
#4618 = LINE('',#4619,#4620);
#4619 = CARTESIAN_POINT('',(28.,4.,3.2));
#4620 = VECTOR('',#4621,1.);
#4621 = DIRECTION('',(-0.,1.,0.));
#4622 = PCURVE('',#4480,#4623);
#4623 = DEFINITIONAL_REPRESENTATION('',(#4624),#4628);
#4624 = LINE('',#4625,#4626);
#4625 = CARTESIAN_POINT('',(15.,-14.));
#4626 = VECTOR('',#4627,1.);
#4627 = DIRECTION('',(0.,1.));
#4628 = ( GEOMETRIC_REPRESENTATION_CONTEXT(2) 
PARAMETRIC_REPRESENTATION_CONTEXT() REPRESENTATION_CONTEXT('2D SPACE',''
  ) );
#4629 = PCURVE('',#313,#4630);
#4630 = DEFINITIONAL_REPRESENTATION('',(#4631),#4635);
#4631 = LINE('',#4632,#4633);
#4632 = CARTESIAN_POINT('',(3.2,0.));
#4633 = VECTOR('',#4634,1.);
#4634 = DIRECTION('',(0.,-1.));
#4635 = ( GEOMETRIC_REPRESENTATION_CONTEXT(2) 
PARAMETRIC_REPRESENTATION_CONTEXT() REPRESENTATION_CONTEXT('2D SPACE',''
  ) );
#4636 = ORIENTED_EDGE('',*,*,#4637,.T.);
#4637 = EDGE_CURVE('',#4615,#4638,#4640,.T.);
#4638 = VERTEX_POINT('',#4639);
#4639 = CARTESIAN_POINT('',(182.,15.,3.2));
#4640 = SURFACE_CURVE('',#4641,(#4645,#4652),.PCURVE_S1.);
#4641 = LINE('',#4642,#4643);
#4642 = CARTESIAN_POINT('',(16.,15.,3.2));
#4643 = VECTOR('',#4644,1.);
#4644 = DIRECTION('',(1.,0.,-0.));
#4645 = PCURVE('',#4480,#4646);
#4646 = DEFINITIONAL_REPRESENTATION('',(#4647),#4651);
#4647 = LINE('',#4648,#4649);
#4648 = CARTESIAN_POINT('',(3.,-3.));
#4649 = VECTOR('',#4650,1.);
#4650 = DIRECTION('',(1.,0.));
#4651 = ( GEOMETRIC_REPRESENTATION_CONTEXT(2) 
PARAMETRIC_REPRESENTATION_CONTEXT() REPRESENTATION_CONTEXT('2D SPACE',''
  ) );
#4652 = PCURVE('',#341,#4653);
#4653 = DEFINITIONAL_REPRESENTATION('',(#4654),#4658);
#4654 = LINE('',#4655,#4656);
#4655 = CARTESIAN_POINT('',(3.2,0.));
#4656 = VECTOR('',#4657,1.);
#4657 = DIRECTION('',(0.,1.));
#4658 = ( GEOMETRIC_REPRESENTATION_CONTEXT(2) 
PARAMETRIC_REPRESENTATION_CONTEXT() REPRESENTATION_CONTEXT('2D SPACE',''
  ) );
#4659 = ORIENTED_EDGE('',*,*,#4660,.F.);
#4660 = EDGE_CURVE('',#4661,#4638,#4663,.T.);
#4661 = VERTEX_POINT('',#4662);
#4662 = CARTESIAN_POINT('',(182.,4.,3.2));
#4663 = SURFACE_CURVE('',#4664,(#4668,#4675),.PCURVE_S1.);
#4664 = LINE('',#4665,#4666);
#4665 = CARTESIAN_POINT('',(182.,4.,3.2));
#4666 = VECTOR('',#4667,1.);
#4667 = DIRECTION('',(-0.,1.,0.));
#4668 = PCURVE('',#4480,#4669);
#4669 = DEFINITIONAL_REPRESENTATION('',(#4670),#4674);
#4670 = LINE('',#4671,#4672);
#4671 = CARTESIAN_POINT('',(169.,-14.));
#4672 = VECTOR('',#4673,1.);
#4673 = DIRECTION('',(0.,1.));
#4674 = ( GEOMETRIC_REPRESENTATION_CONTEXT(2) 
PARAMETRIC_REPRESENTATION_CONTEXT() REPRESENTATION_CONTEXT('2D SPACE',''
  ) );
#4675 = PCURVE('',#369,#4676);
#4676 = DEFINITIONAL_REPRESENTATION('',(#4677),#4681);
#4677 = LINE('',#4678,#4679);
#4678 = CARTESIAN_POINT('',(3.2,0.));
#4679 = VECTOR('',#4680,1.);
#4680 = DIRECTION('',(0.,-1.));
#4681 = ( GEOMETRIC_REPRESENTATION_CONTEXT(2) 
PARAMETRIC_REPRESENTATION_CONTEXT() REPRESENTATION_CONTEXT('2D SPACE',''
  ) );
#4682 = ORIENTED_EDGE('',*,*,#4683,.T.);
#4683 = EDGE_CURVE('',#4661,#4684,#4686,.T.);
#4684 = VERTEX_POINT('',#4685);
#4685 = CARTESIAN_POINT('',(206.,4.,3.2));
#4686 = SURFACE_CURVE('',#4687,(#4691,#4698),.PCURVE_S1.);
#4687 = LINE('',#4688,#4689);
#4688 = CARTESIAN_POINT('',(182.,4.,3.2));
#4689 = VECTOR('',#4690,1.);
#4690 = DIRECTION('',(1.,0.,-0.));
#4691 = PCURVE('',#4480,#4692);
#4692 = DEFINITIONAL_REPRESENTATION('',(#4693),#4697);
#4693 = LINE('',#4694,#4695);
#4694 = CARTESIAN_POINT('',(169.,-14.));
#4695 = VECTOR('',#4696,1.);
#4696 = DIRECTION('',(1.,0.));
#4697 = ( GEOMETRIC_REPRESENTATION_CONTEXT(2) 
PARAMETRIC_REPRESENTATION_CONTEXT() REPRESENTATION_CONTEXT('2D SPACE',''
  ) );
#4698 = PCURVE('',#397,#4699);
#4699 = DEFINITIONAL_REPRESENTATION('',(#4700),#4704);
#4700 = LINE('',#4701,#4702);
#4701 = CARTESIAN_POINT('',(3.2,0.));
#4702 = VECTOR('',#4703,1.);
#4703 = DIRECTION('',(0.,1.));
#4704 = ( GEOMETRIC_REPRESENTATION_CONTEXT(2) 
PARAMETRIC_REPRESENTATION_CONTEXT() REPRESENTATION_CONTEXT('2D SPACE',''
  ) );
#4705 = ORIENTED_EDGE('',*,*,#4706,.T.);
#4706 = EDGE_CURVE('',#4684,#4707,#4709,.T.);
#4707 = VERTEX_POINT('',#4708);
#4708 = CARTESIAN_POINT('',(206.,20.,3.2));
#4709 = SURFACE_CURVE('',#4710,(#4714,#4721),.PCURVE_S1.);
#4710 = LINE('',#4711,#4712);
#4711 = CARTESIAN_POINT('',(206.,4.,3.2));
#4712 = VECTOR('',#4713,1.);
#4713 = DIRECTION('',(-0.,1.,0.));
#4714 = PCURVE('',#4480,#4715);
#4715 = DEFINITIONAL_REPRESENTATION('',(#4716),#4720);
#4716 = LINE('',#4717,#4718);
#4717 = CARTESIAN_POINT('',(193.,-14.));
#4718 = VECTOR('',#4719,1.);
#4719 = DIRECTION('',(0.,1.));
#4720 = ( GEOMETRIC_REPRESENTATION_CONTEXT(2) 
PARAMETRIC_REPRESENTATION_CONTEXT() REPRESENTATION_CONTEXT('2D SPACE',''
  ) );
#4721 = PCURVE('',#425,#4722);
#4722 = DEFINITIONAL_REPRESENTATION('',(#4723),#4727);
#4723 = LINE('',#4724,#4725);
#4724 = CARTESIAN_POINT('',(3.2,0.));
#4725 = VECTOR('',#4726,1.);
#4726 = DIRECTION('',(0.,-1.));
#4727 = ( GEOMETRIC_REPRESENTATION_CONTEXT(2) 
PARAMETRIC_REPRESENTATION_CONTEXT() REPRESENTATION_CONTEXT('2D SPACE',''
  ) );
#4728 = ORIENTED_EDGE('',*,*,#4729,.F.);
#4729 = EDGE_CURVE('',#4730,#4707,#4732,.T.);
#4730 = VERTEX_POINT('',#4731);
#4731 = CARTESIAN_POINT('',(197.,20.,3.2));
#4732 = SURFACE_CURVE('',#4733,(#4737,#4744),.PCURVE_S1.);
#4733 = LINE('',#4734,#4735);
#4734 = CARTESIAN_POINT('',(182.,20.,3.2));
#4735 = VECTOR('',#4736,1.);
#4736 = DIRECTION('',(1.,0.,-0.));
#4737 = PCURVE('',#4480,#4738);
#4738 = DEFINITIONAL_REPRESENTATION('',(#4739),#4743);
#4739 = LINE('',#4740,#4741);
#4740 = CARTESIAN_POINT('',(169.,2.));
#4741 = VECTOR('',#4742,1.);
#4742 = DIRECTION('',(1.,0.));
#4743 = ( GEOMETRIC_REPRESENTATION_CONTEXT(2) 
PARAMETRIC_REPRESENTATION_CONTEXT() REPRESENTATION_CONTEXT('2D SPACE',''
  ) );
#4744 = PCURVE('',#453,#4745);
#4745 = DEFINITIONAL_REPRESENTATION('',(#4746),#4750);
#4746 = LINE('',#4747,#4748);
#4747 = CARTESIAN_POINT('',(3.2,0.));
#4748 = VECTOR('',#4749,1.);
#4749 = DIRECTION('',(0.,1.));
#4750 = ( GEOMETRIC_REPRESENTATION_CONTEXT(2) 
PARAMETRIC_REPRESENTATION_CONTEXT() REPRESENTATION_CONTEXT('2D SPACE',''
  ) );
#4751 = ORIENTED_EDGE('',*,*,#4752,.T.);
#4752 = EDGE_CURVE('',#4730,#4753,#4755,.T.);
#4753 = VERTEX_POINT('',#4754);
#4754 = CARTESIAN_POINT('',(197.,60.04,3.2));
#4755 = SURFACE_CURVE('',#4756,(#4760,#4767),.PCURVE_S1.);
#4756 = LINE('',#4757,#4758);
#4757 = CARTESIAN_POINT('',(197.,18.,3.2));
#4758 = VECTOR('',#4759,1.);
#4759 = DIRECTION('',(-0.,1.,0.));
#4760 = PCURVE('',#4480,#4761);
#4761 = DEFINITIONAL_REPRESENTATION('',(#4762),#4766);
#4762 = LINE('',#4763,#4764);
#4763 = CARTESIAN_POINT('',(184.,0.));
#4764 = VECTOR('',#4765,1.);
#4765 = DIRECTION('',(0.,1.));
#4766 = ( GEOMETRIC_REPRESENTATION_CONTEXT(2) 
PARAMETRIC_REPRESENTATION_CONTEXT() REPRESENTATION_CONTEXT('2D SPACE',''
  ) );
#4767 = PCURVE('',#481,#4768);
#4768 = DEFINITIONAL_REPRESENTATION('',(#4769),#4773);
#4769 = LINE('',#4770,#4771);
#4770 = CARTESIAN_POINT('',(3.2,0.));
#4771 = VECTOR('',#4772,1.);
#4772 = DIRECTION('',(0.,-1.));
#4773 = ( GEOMETRIC_REPRESENTATION_CONTEXT(2) 
PARAMETRIC_REPRESENTATION_CONTEXT() REPRESENTATION_CONTEXT('2D SPACE',''
  ) );
#4774 = ORIENTED_EDGE('',*,*,#4775,.F.);
#4775 = EDGE_CURVE('',#4776,#4753,#4778,.T.);
#4776 = VERTEX_POINT('',#4777);
#4777 = CARTESIAN_POINT('',(191.,60.04,3.2));
#4778 = SURFACE_CURVE('',#4779,(#4783,#4790),.PCURVE_S1.);
#4779 = LINE('',#4780,#4781);
#4780 = CARTESIAN_POINT('',(173.15,60.04,3.2));
#4781 = VECTOR('',#4782,1.);
#4782 = DIRECTION('',(1.,0.,-0.));
#4783 = PCURVE('',#4480,#4784);
#4784 = DEFINITIONAL_REPRESENTATION('',(#4785),#4789);
#4785 = LINE('',#4786,#4787);
#4786 = CARTESIAN_POINT('',(160.15,42.04));
#4787 = VECTOR('',#4788,1.);
#4788 = DIRECTION('',(1.,0.));
#4789 = ( GEOMETRIC_REPRESENTATION_CONTEXT(2) 
PARAMETRIC_REPRESENTATION_CONTEXT() REPRESENTATION_CONTEXT('2D SPACE',''
  ) );
#4790 = PCURVE('',#509,#4791);
#4791 = DEFINITIONAL_REPRESENTATION('',(#4792),#4795);
#4792 = B_SPLINE_CURVE_WITH_KNOTS('',1,(#4793,#4794),.UNSPECIFIED.,.F.,
  .F.,(2,2),(17.85,23.85),.PIECEWISE_BEZIER_KNOTS.);
#4793 = CARTESIAN_POINT('',(3.2,35.7));
#4794 = CARTESIAN_POINT('',(3.2,41.7));
#4795 = ( GEOMETRIC_REPRESENTATION_CONTEXT(2) 
PARAMETRIC_REPRESENTATION_CONTEXT() REPRESENTATION_CONTEXT('2D SPACE',''
  ) );
#4796 = ORIENTED_EDGE('',*,*,#4797,.F.);
#4797 = EDGE_CURVE('',#4798,#4776,#4800,.T.);
#4798 = VERTEX_POINT('',#4799);
#4799 = CARTESIAN_POINT('',(191.,21.,3.2));
#4800 = SURFACE_CURVE('',#4801,(#4805,#4812),.PCURVE_S1.);
#4801 = LINE('',#4802,#4803);
#4802 = CARTESIAN_POINT('',(191.,18.,3.2));
#4803 = VECTOR('',#4804,1.);
#4804 = DIRECTION('',(-0.,1.,0.));
#4805 = PCURVE('',#4480,#4806);
#4806 = DEFINITIONAL_REPRESENTATION('',(#4807),#4811);
#4807 = LINE('',#4808,#4809);
#4808 = CARTESIAN_POINT('',(178.,0.));
#4809 = VECTOR('',#4810,1.);
#4810 = DIRECTION('',(0.,1.));
#4811 = ( GEOMETRIC_REPRESENTATION_CONTEXT(2) 
PARAMETRIC_REPRESENTATION_CONTEXT() REPRESENTATION_CONTEXT('2D SPACE',''
  ) );
#4812 = PCURVE('',#1138,#4813);
#4813 = DEFINITIONAL_REPRESENTATION('',(#4814),#4818);
#4814 = LINE('',#4815,#4816);
#4815 = CARTESIAN_POINT('',(3.2,0.));
#4816 = VECTOR('',#4817,1.);
#4817 = DIRECTION('',(0.,-1.));
#4818 = ( GEOMETRIC_REPRESENTATION_CONTEXT(2) 
PARAMETRIC_REPRESENTATION_CONTEXT() REPRESENTATION_CONTEXT('2D SPACE',''
  ) );
#4819 = ORIENTED_EDGE('',*,*,#4820,.F.);
#4820 = EDGE_CURVE('',#4821,#4798,#4823,.T.);
#4821 = VERTEX_POINT('',#4822);
#4822 = CARTESIAN_POINT('',(19.,21.,3.2));
#4823 = SURFACE_CURVE('',#4824,(#4828,#4835),.PCURVE_S1.);
#4824 = LINE('',#4825,#4826);
#4825 = CARTESIAN_POINT('',(16.,21.,3.2));
#4826 = VECTOR('',#4827,1.);
#4827 = DIRECTION('',(1.,0.,-0.));
#4828 = PCURVE('',#4480,#4829);
#4829 = DEFINITIONAL_REPRESENTATION('',(#4830),#4834);
#4830 = LINE('',#4831,#4832);
#4831 = CARTESIAN_POINT('',(3.,3.));
#4832 = VECTOR('',#4833,1.);
#4833 = DIRECTION('',(1.,0.));
#4834 = ( GEOMETRIC_REPRESENTATION_CONTEXT(2) 
PARAMETRIC_REPRESENTATION_CONTEXT() REPRESENTATION_CONTEXT('2D SPACE',''
  ) );
#4835 = PCURVE('',#1166,#4836);
#4836 = DEFINITIONAL_REPRESENTATION('',(#4837),#4841);
#4837 = LINE('',#4838,#4839);
#4838 = CARTESIAN_POINT('',(3.2,0.));
#4839 = VECTOR('',#4840,1.);
#4840 = DIRECTION('',(0.,1.));
#4841 = ( GEOMETRIC_REPRESENTATION_CONTEXT(2) 
PARAMETRIC_REPRESENTATION_CONTEXT() REPRESENTATION_CONTEXT('2D SPACE',''
  ) );
#4842 = ORIENTED_EDGE('',*,*,#4843,.T.);
#4843 = EDGE_CURVE('',#4821,#4844,#4846,.T.);
#4844 = VERTEX_POINT('',#4845);
#4845 = CARTESIAN_POINT('',(19.,24.56,3.2));
#4846 = SURFACE_CURVE('',#4847,(#4851,#4858),.PCURVE_S1.);
#4847 = LINE('',#4848,#4849);
#4848 = CARTESIAN_POINT('',(19.,18.,3.2));
#4849 = VECTOR('',#4850,1.);
#4850 = DIRECTION('',(-0.,1.,0.));
#4851 = PCURVE('',#4480,#4852);
#4852 = DEFINITIONAL_REPRESENTATION('',(#4853),#4857);
#4853 = LINE('',#4854,#4855);
#4854 = CARTESIAN_POINT('',(6.,0.));
#4855 = VECTOR('',#4856,1.);
#4856 = DIRECTION('',(0.,1.));
#4857 = ( GEOMETRIC_REPRESENTATION_CONTEXT(2) 
PARAMETRIC_REPRESENTATION_CONTEXT() REPRESENTATION_CONTEXT('2D SPACE',''
  ) );
#4858 = PCURVE('',#1194,#4859);
#4859 = DEFINITIONAL_REPRESENTATION('',(#4860),#4864);
#4860 = LINE('',#4861,#4862);
#4861 = CARTESIAN_POINT('',(3.2,0.));
#4862 = VECTOR('',#4863,1.);
#4863 = DIRECTION('',(0.,-1.));
#4864 = ( GEOMETRIC_REPRESENTATION_CONTEXT(2) 
PARAMETRIC_REPRESENTATION_CONTEXT() REPRESENTATION_CONTEXT('2D SPACE',''
  ) );
#4865 = ORIENTED_EDGE('',*,*,#4866,.F.);
#4866 = EDGE_CURVE('',#4523,#4844,#4867,.T.);
#4867 = SURFACE_CURVE('',#4868,(#4872,#4879),.PCURVE_S1.);
#4868 = LINE('',#4869,#4870);
#4869 = CARTESIAN_POINT('',(11.21,24.56,3.2));
#4870 = VECTOR('',#4871,1.);
#4871 = DIRECTION('',(1.,0.,-0.));
#4872 = PCURVE('',#4480,#4873);
#4873 = DEFINITIONAL_REPRESENTATION('',(#4874),#4878);
#4874 = LINE('',#4875,#4876);
#4875 = CARTESIAN_POINT('',(-1.79,6.56));
#4876 = VECTOR('',#4877,1.);
#4877 = DIRECTION('',(1.,0.));
#4878 = ( GEOMETRIC_REPRESENTATION_CONTEXT(2) 
PARAMETRIC_REPRESENTATION_CONTEXT() REPRESENTATION_CONTEXT('2D SPACE',''
  ) );
#4879 = PCURVE('',#66,#4880);
#4880 = DEFINITIONAL_REPRESENTATION('',(#4881),#4884);
#4881 = B_SPLINE_CURVE_WITH_KNOTS('',1,(#4882,#4883),.UNSPECIFIED.,.F.,
  .F.,(2,2),(1.79,7.79),.PIECEWISE_BEZIER_KNOTS.);
#4882 = CARTESIAN_POINT('',(3.2,3.58));
#4883 = CARTESIAN_POINT('',(3.2,9.58));
#4884 = ( GEOMETRIC_REPRESENTATION_CONTEXT(2) 
PARAMETRIC_REPRESENTATION_CONTEXT() REPRESENTATION_CONTEXT('2D SPACE',''
  ) );
#4885 = FACE_BOUND('',#4886,.T.);
#4886 = EDGE_LOOP('',(#4887,#4911,#4939,#4961));
#4887 = ORIENTED_EDGE('',*,*,#4888,.F.);
#4888 = EDGE_CURVE('',#4889,#4891,#4893,.T.);
#4889 = VERTEX_POINT('',#4890);
#4890 = CARTESIAN_POINT('',(11.25,9.75,3.2));
#4891 = VERTEX_POINT('',#4892);
#4892 = CARTESIAN_POINT('',(20.75,9.75,3.2));
#4893 = SURFACE_CURVE('',#4894,(#4898,#4905),.PCURVE_S1.);
#4894 = LINE('',#4895,#4896);
#4895 = CARTESIAN_POINT('',(12.375,9.75,3.2));
#4896 = VECTOR('',#4897,1.);
#4897 = DIRECTION('',(1.,0.,-0.));
#4898 = PCURVE('',#4480,#4899);
#4899 = DEFINITIONAL_REPRESENTATION('',(#4900),#4904);
#4900 = LINE('',#4901,#4902);
#4901 = CARTESIAN_POINT('',(-0.625,-8.25));
#4902 = VECTOR('',#4903,1.);
#4903 = DIRECTION('',(1.,0.));
#4904 = ( GEOMETRIC_REPRESENTATION_CONTEXT(2) 
PARAMETRIC_REPRESENTATION_CONTEXT() REPRESENTATION_CONTEXT('2D SPACE',''
  ) );
#4905 = PCURVE('',#1564,#4906);
#4906 = DEFINITIONAL_REPRESENTATION('',(#4907),#4910);
#4907 = B_SPLINE_CURVE_WITH_KNOTS('',1,(#4908,#4909),.UNSPECIFIED.,.F.,
  .F.,(2,2),(-1.125,8.375),.PIECEWISE_BEZIER_KNOTS.);
#4908 = CARTESIAN_POINT('',(9.5,-4.2));
#4909 = CARTESIAN_POINT('',(0.,-4.2));
#4910 = ( GEOMETRIC_REPRESENTATION_CONTEXT(2) 
PARAMETRIC_REPRESENTATION_CONTEXT() REPRESENTATION_CONTEXT('2D SPACE',''
  ) );
#4911 = ORIENTED_EDGE('',*,*,#4912,.T.);
#4912 = EDGE_CURVE('',#4889,#4913,#4915,.T.);
#4913 = VERTEX_POINT('',#4914);
#4914 = CARTESIAN_POINT('',(11.25,14.25,3.2));
#4915 = SURFACE_CURVE('',#4916,(#4921,#4932),.PCURVE_S1.);
#4916 = CIRCLE('',#4917,2.25);
#4917 = AXIS2_PLACEMENT_3D('',#4918,#4919,#4920);
#4918 = CARTESIAN_POINT('',(11.25,12.,3.2));
#4919 = DIRECTION('',(0.,-0.,-1.));
#4920 = DIRECTION('',(0.,-1.,0.));
#4921 = PCURVE('',#4480,#4922);
#4922 = DEFINITIONAL_REPRESENTATION('',(#4923),#4931);
#4923 = ( BOUNDED_CURVE() B_SPLINE_CURVE(2,(#4924,#4925,#4926,#4927,
#4928,#4929,#4930),.UNSPECIFIED.,.T.,.F.) B_SPLINE_CURVE_WITH_KNOTS((1,2
    ,2,2,2,1),(-2.094395102393,0.,2.094395102393,4.188790204786,
6.28318530718,8.377580409573),.UNSPECIFIED.) CURVE() 
GEOMETRIC_REPRESENTATION_ITEM() RATIONAL_B_SPLINE_CURVE((1.,0.5,1.,0.5,
1.,0.5,1.)) REPRESENTATION_ITEM('') );
#4924 = CARTESIAN_POINT('',(-1.75,-8.25));
#4925 = CARTESIAN_POINT('',(-5.64711431703,-8.25));
#4926 = CARTESIAN_POINT('',(-3.698557158515,-4.875));
#4927 = CARTESIAN_POINT('',(-1.75,-1.5));
#4928 = CARTESIAN_POINT('',(0.198557158515,-4.875));
#4929 = CARTESIAN_POINT('',(2.14711431703,-8.25));
#4930 = CARTESIAN_POINT('',(-1.75,-8.25));
#4931 = ( GEOMETRIC_REPRESENTATION_CONTEXT(2) 
PARAMETRIC_REPRESENTATION_CONTEXT() REPRESENTATION_CONTEXT('2D SPACE',''
  ) );
#4932 = PCURVE('',#1596,#4933);
#4933 = DEFINITIONAL_REPRESENTATION('',(#4934),#4938);
#4934 = LINE('',#4935,#4936);
#4935 = CARTESIAN_POINT('',(0.,-4.2));
#4936 = VECTOR('',#4937,1.);
#4937 = DIRECTION('',(1.,0.));
#4938 = ( GEOMETRIC_REPRESENTATION_CONTEXT(2) 
PARAMETRIC_REPRESENTATION_CONTEXT() REPRESENTATION_CONTEXT('2D SPACE',''
  ) );
#4939 = ORIENTED_EDGE('',*,*,#4940,.F.);
#4940 = EDGE_CURVE('',#4941,#4913,#4943,.T.);
#4941 = VERTEX_POINT('',#4942);
#4942 = CARTESIAN_POINT('',(20.75,14.25,3.2));
#4943 = SURFACE_CURVE('',#4944,(#4948,#4955),.PCURVE_S1.);
#4944 = LINE('',#4945,#4946);
#4945 = CARTESIAN_POINT('',(7.625,14.25,3.2));
#4946 = VECTOR('',#4947,1.);
#4947 = DIRECTION('',(-1.,0.,0.));
#4948 = PCURVE('',#4480,#4949);
#4949 = DEFINITIONAL_REPRESENTATION('',(#4950),#4954);
#4950 = LINE('',#4951,#4952);
#4951 = CARTESIAN_POINT('',(-5.375,-3.75));
#4952 = VECTOR('',#4953,1.);
#4953 = DIRECTION('',(-1.,0.));
#4954 = ( GEOMETRIC_REPRESENTATION_CONTEXT(2) 
PARAMETRIC_REPRESENTATION_CONTEXT() REPRESENTATION_CONTEXT('2D SPACE',''
  ) );
#4955 = PCURVE('',#1624,#4956);
#4956 = DEFINITIONAL_REPRESENTATION('',(#4957),#4960);
#4957 = B_SPLINE_CURVE_WITH_KNOTS('',1,(#4958,#4959),.UNSPECIFIED.,.F.,
  .F.,(2,2),(-13.125,-3.625),.PIECEWISE_BEZIER_KNOTS.);
#4958 = CARTESIAN_POINT('',(9.5,-4.2));
#4959 = CARTESIAN_POINT('',(0.,-4.2));
#4960 = ( GEOMETRIC_REPRESENTATION_CONTEXT(2) 
PARAMETRIC_REPRESENTATION_CONTEXT() REPRESENTATION_CONTEXT('2D SPACE',''
  ) );
#4961 = ORIENTED_EDGE('',*,*,#4962,.T.);
#4962 = EDGE_CURVE('',#4941,#4891,#4963,.T.);
#4963 = SURFACE_CURVE('',#4964,(#4969,#4980),.PCURVE_S1.);
#4964 = CIRCLE('',#4965,2.25);
#4965 = AXIS2_PLACEMENT_3D('',#4966,#4967,#4968);
#4966 = CARTESIAN_POINT('',(20.75,12.,3.2));
#4967 = DIRECTION('',(0.,0.,-1.));
#4968 = DIRECTION('',(0.,1.,0.));
#4969 = PCURVE('',#4480,#4970);
#4970 = DEFINITIONAL_REPRESENTATION('',(#4971),#4979);
#4971 = ( BOUNDED_CURVE() B_SPLINE_CURVE(2,(#4972,#4973,#4974,#4975,
#4976,#4977,#4978),.UNSPECIFIED.,.T.,.F.) B_SPLINE_CURVE_WITH_KNOTS((1,2
    ,2,2,2,1),(-2.094395102393,0.,2.094395102393,4.188790204786,
6.28318530718,8.377580409573),.UNSPECIFIED.) CURVE() 
GEOMETRIC_REPRESENTATION_ITEM() RATIONAL_B_SPLINE_CURVE((1.,0.5,1.,0.5,
1.,0.5,1.)) REPRESENTATION_ITEM('') );
#4972 = CARTESIAN_POINT('',(7.75,-3.75));
#4973 = CARTESIAN_POINT('',(11.64711431703,-3.75));
#4974 = CARTESIAN_POINT('',(9.698557158515,-7.125));
#4975 = CARTESIAN_POINT('',(7.75,-10.5));
#4976 = CARTESIAN_POINT('',(5.801442841485,-7.125));
#4977 = CARTESIAN_POINT('',(3.85288568297,-3.75));
#4978 = CARTESIAN_POINT('',(7.75,-3.75));
#4979 = ( GEOMETRIC_REPRESENTATION_CONTEXT(2) 
PARAMETRIC_REPRESENTATION_CONTEXT() REPRESENTATION_CONTEXT('2D SPACE',''
  ) );
#4980 = PCURVE('',#1654,#4981);
#4981 = DEFINITIONAL_REPRESENTATION('',(#4982),#4986);
#4982 = LINE('',#4983,#4984);
#4983 = CARTESIAN_POINT('',(0.,-4.2));
#4984 = VECTOR('',#4985,1.);
#4985 = DIRECTION('',(1.,0.));
#4986 = ( GEOMETRIC_REPRESENTATION_CONTEXT(2) 
PARAMETRIC_REPRESENTATION_CONTEXT() REPRESENTATION_CONTEXT('2D SPACE',''
  ) );
#4987 = FACE_BOUND('',#4988,.T.);
#4988 = EDGE_LOOP('',(#4989,#5011,#5039,#5059));
#4989 = ORIENTED_EDGE('',*,*,#4990,.F.);
#4990 = EDGE_CURVE('',#4991,#4464,#4993,.T.);
#4991 = VERTEX_POINT('',#4992);
#4992 = CARTESIAN_POINT('',(189.25,9.75,3.2));
#4993 = SURFACE_CURVE('',#4994,(#4998,#5005),.PCURVE_S1.);
#4994 = LINE('',#4995,#4996);
#4995 = CARTESIAN_POINT('',(190.375,9.75,3.2));
#4996 = VECTOR('',#4997,1.);
#4997 = DIRECTION('',(1.,0.,-0.));
#4998 = PCURVE('',#4480,#4999);
#4999 = DEFINITIONAL_REPRESENTATION('',(#5000),#5004);
#5000 = LINE('',#5001,#5002);
#5001 = CARTESIAN_POINT('',(177.375,-8.25));
#5002 = VECTOR('',#5003,1.);
#5003 = DIRECTION('',(1.,0.));
#5004 = ( GEOMETRIC_REPRESENTATION_CONTEXT(2) 
PARAMETRIC_REPRESENTATION_CONTEXT() REPRESENTATION_CONTEXT('2D SPACE',''
  ) );
#5005 = PCURVE('',#2467,#5006);
#5006 = DEFINITIONAL_REPRESENTATION('',(#5007),#5010);
#5007 = B_SPLINE_CURVE_WITH_KNOTS('',1,(#5008,#5009),.UNSPECIFIED.,.F.,
  .F.,(2,2),(-1.125,8.375),.PIECEWISE_BEZIER_KNOTS.);
#5008 = CARTESIAN_POINT('',(9.5,-4.2));
#5009 = CARTESIAN_POINT('',(0.,-4.2));
#5010 = ( GEOMETRIC_REPRESENTATION_CONTEXT(2) 
PARAMETRIC_REPRESENTATION_CONTEXT() REPRESENTATION_CONTEXT('2D SPACE',''
  ) );
#5011 = ORIENTED_EDGE('',*,*,#5012,.T.);
#5012 = EDGE_CURVE('',#4991,#5013,#5015,.T.);
#5013 = VERTEX_POINT('',#5014);
#5014 = CARTESIAN_POINT('',(189.25,14.25,3.2));
#5015 = SURFACE_CURVE('',#5016,(#5021,#5032),.PCURVE_S1.);
#5016 = CIRCLE('',#5017,2.25);
#5017 = AXIS2_PLACEMENT_3D('',#5018,#5019,#5020);
#5018 = CARTESIAN_POINT('',(189.25,12.,3.2));
#5019 = DIRECTION('',(0.,-0.,-1.));
#5020 = DIRECTION('',(0.,-1.,0.));
#5021 = PCURVE('',#4480,#5022);
#5022 = DEFINITIONAL_REPRESENTATION('',(#5023),#5031);
#5023 = ( BOUNDED_CURVE() B_SPLINE_CURVE(2,(#5024,#5025,#5026,#5027,
#5028,#5029,#5030),.UNSPECIFIED.,.T.,.F.) B_SPLINE_CURVE_WITH_KNOTS((1,2
    ,2,2,2,1),(-2.094395102393,0.,2.094395102393,4.188790204786,
6.28318530718,8.377580409573),.UNSPECIFIED.) CURVE() 
GEOMETRIC_REPRESENTATION_ITEM() RATIONAL_B_SPLINE_CURVE((1.,0.5,1.,0.5,
1.,0.5,1.)) REPRESENTATION_ITEM('') );
#5024 = CARTESIAN_POINT('',(176.25,-8.25));
#5025 = CARTESIAN_POINT('',(172.35288568297,-8.25));
#5026 = CARTESIAN_POINT('',(174.30144284148,-4.875));
#5027 = CARTESIAN_POINT('',(176.25,-1.5));
#5028 = CARTESIAN_POINT('',(178.19855715851,-4.875));
#5029 = CARTESIAN_POINT('',(180.14711431703,-8.25));
#5030 = CARTESIAN_POINT('',(176.25,-8.25));
#5031 = ( GEOMETRIC_REPRESENTATION_CONTEXT(2) 
PARAMETRIC_REPRESENTATION_CONTEXT() REPRESENTATION_CONTEXT('2D SPACE',''
  ) );
#5032 = PCURVE('',#2499,#5033);
#5033 = DEFINITIONAL_REPRESENTATION('',(#5034),#5038);
#5034 = LINE('',#5035,#5036);
#5035 = CARTESIAN_POINT('',(0.,-4.2));
#5036 = VECTOR('',#5037,1.);
#5037 = DIRECTION('',(1.,0.));
#5038 = ( GEOMETRIC_REPRESENTATION_CONTEXT(2) 
PARAMETRIC_REPRESENTATION_CONTEXT() REPRESENTATION_CONTEXT('2D SPACE',''
  ) );
#5039 = ORIENTED_EDGE('',*,*,#5040,.F.);
#5040 = EDGE_CURVE('',#4441,#5013,#5041,.T.);
#5041 = SURFACE_CURVE('',#5042,(#5046,#5053),.PCURVE_S1.);
#5042 = LINE('',#5043,#5044);
#5043 = CARTESIAN_POINT('',(185.625,14.25,3.2));
#5044 = VECTOR('',#5045,1.);
#5045 = DIRECTION('',(-1.,0.,0.));
#5046 = PCURVE('',#4480,#5047);
#5047 = DEFINITIONAL_REPRESENTATION('',(#5048),#5052);
#5048 = LINE('',#5049,#5050);
#5049 = CARTESIAN_POINT('',(172.625,-3.75));
#5050 = VECTOR('',#5051,1.);
#5051 = DIRECTION('',(-1.,0.));
#5052 = ( GEOMETRIC_REPRESENTATION_CONTEXT(2) 
PARAMETRIC_REPRESENTATION_CONTEXT() REPRESENTATION_CONTEXT('2D SPACE',''
  ) );
#5053 = PCURVE('',#2527,#5054);
#5054 = DEFINITIONAL_REPRESENTATION('',(#5055),#5058);
#5055 = B_SPLINE_CURVE_WITH_KNOTS('',1,(#5056,#5057),.UNSPECIFIED.,.F.,
  .F.,(2,2),(-13.125,-3.625),.PIECEWISE_BEZIER_KNOTS.);
#5056 = CARTESIAN_POINT('',(9.5,-4.2));
#5057 = CARTESIAN_POINT('',(0.,-4.2));
#5058 = ( GEOMETRIC_REPRESENTATION_CONTEXT(2) 
PARAMETRIC_REPRESENTATION_CONTEXT() REPRESENTATION_CONTEXT('2D SPACE',''
  ) );
#5059 = ORIENTED_EDGE('',*,*,#4463,.T.);
#5060 = ADVANCED_FACE('',(#5061),#2527,.F.);
#5061 = FACE_BOUND('',#5062,.F.);
#5062 = EDGE_LOOP('',(#5063,#5064,#5085,#5086));
#5063 = ORIENTED_EDGE('',*,*,#2511,.T.);
#5064 = ORIENTED_EDGE('',*,*,#5065,.T.);
#5065 = EDGE_CURVE('',#2479,#5013,#5066,.T.);
#5066 = SURFACE_CURVE('',#5067,(#5071,#5078),.PCURVE_S1.);
#5067 = LINE('',#5068,#5069);
#5068 = CARTESIAN_POINT('',(189.25,14.25,-1.));
#5069 = VECTOR('',#5070,1.);
#5070 = DIRECTION('',(0.,0.,1.));
#5071 = PCURVE('',#2527,#5072);
#5072 = DEFINITIONAL_REPRESENTATION('',(#5073),#5077);
#5073 = LINE('',#5074,#5075);
#5074 = CARTESIAN_POINT('',(0.,0.));
#5075 = VECTOR('',#5076,1.);
#5076 = DIRECTION('',(0.,-1.));
#5077 = ( GEOMETRIC_REPRESENTATION_CONTEXT(2) 
PARAMETRIC_REPRESENTATION_CONTEXT() REPRESENTATION_CONTEXT('2D SPACE',''
  ) );
#5078 = PCURVE('',#2499,#5079);
#5079 = DEFINITIONAL_REPRESENTATION('',(#5080),#5084);
#5080 = LINE('',#5081,#5082);
#5081 = CARTESIAN_POINT('',(3.14159265359,0.));
#5082 = VECTOR('',#5083,1.);
#5083 = DIRECTION('',(0.,-1.));
#5084 = ( GEOMETRIC_REPRESENTATION_CONTEXT(2) 
PARAMETRIC_REPRESENTATION_CONTEXT() REPRESENTATION_CONTEXT('2D SPACE',''
  ) );
#5085 = ORIENTED_EDGE('',*,*,#5040,.F.);
#5086 = ORIENTED_EDGE('',*,*,#4440,.F.);
#5087 = ADVANCED_FACE('',(#5088),#2499,.F.);
#5088 = FACE_BOUND('',#5089,.F.);
#5089 = EDGE_LOOP('',(#5090,#5091,#5112,#5113));
#5090 = ORIENTED_EDGE('',*,*,#2478,.F.);
#5091 = ORIENTED_EDGE('',*,*,#5092,.T.);
#5092 = EDGE_CURVE('',#2450,#4991,#5093,.T.);
#5093 = SURFACE_CURVE('',#5094,(#5098,#5105),.PCURVE_S1.);
#5094 = LINE('',#5095,#5096);
#5095 = CARTESIAN_POINT('',(189.25,9.75,-1.));
#5096 = VECTOR('',#5097,1.);
#5097 = DIRECTION('',(0.,0.,1.));
#5098 = PCURVE('',#2499,#5099);
#5099 = DEFINITIONAL_REPRESENTATION('',(#5100),#5104);
#5100 = LINE('',#5101,#5102);
#5101 = CARTESIAN_POINT('',(0.,0.));
#5102 = VECTOR('',#5103,1.);
#5103 = DIRECTION('',(0.,-1.));
#5104 = ( GEOMETRIC_REPRESENTATION_CONTEXT(2) 
PARAMETRIC_REPRESENTATION_CONTEXT() REPRESENTATION_CONTEXT('2D SPACE',''
  ) );
#5105 = PCURVE('',#2467,#5106);
#5106 = DEFINITIONAL_REPRESENTATION('',(#5107),#5111);
#5107 = LINE('',#5108,#5109);
#5108 = CARTESIAN_POINT('',(9.5,0.));
#5109 = VECTOR('',#5110,1.);
#5110 = DIRECTION('',(0.,-1.));
#5111 = ( GEOMETRIC_REPRESENTATION_CONTEXT(2) 
PARAMETRIC_REPRESENTATION_CONTEXT() REPRESENTATION_CONTEXT('2D SPACE',''
  ) );
#5112 = ORIENTED_EDGE('',*,*,#5012,.T.);
#5113 = ORIENTED_EDGE('',*,*,#5065,.F.);
#5114 = ADVANCED_FACE('',(#5115),#2467,.F.);
#5115 = FACE_BOUND('',#5116,.F.);
#5116 = EDGE_LOOP('',(#5117,#5118,#5119,#5120));
#5117 = ORIENTED_EDGE('',*,*,#2449,.T.);
#5118 = ORIENTED_EDGE('',*,*,#4496,.T.);
#5119 = ORIENTED_EDGE('',*,*,#4990,.F.);
#5120 = ORIENTED_EDGE('',*,*,#5092,.F.);
#5121 = ADVANCED_FACE('',(#5122),#2415,.T.);
#5122 = FACE_BOUND('',#5123,.T.);
#5123 = EDGE_LOOP('',(#5124,#5125,#5146,#5174));
#5124 = ORIENTED_EDGE('',*,*,#2399,.F.);
#5125 = ORIENTED_EDGE('',*,*,#5126,.T.);
#5126 = EDGE_CURVE('',#2400,#5127,#5129,.T.);
#5127 = VERTEX_POINT('',#5128);
#5128 = CARTESIAN_POINT('',(157.7,104.,3.2));
#5129 = SURFACE_CURVE('',#5130,(#5134,#5140),.PCURVE_S1.);
#5130 = LINE('',#5131,#5132);
#5131 = CARTESIAN_POINT('',(157.7,104.,-0.5));
#5132 = VECTOR('',#5133,1.);
#5133 = DIRECTION('',(0.,0.,1.));
#5134 = PCURVE('',#2415,#5135);
#5135 = DEFINITIONAL_REPRESENTATION('',(#5136),#5139);
#5136 = B_SPLINE_CURVE_WITH_KNOTS('',1,(#5137,#5138),.UNSPECIFIED.,.F.,
  .F.,(2,2),(0.5,3.7),.PIECEWISE_BEZIER_KNOTS.);
#5137 = CARTESIAN_POINT('',(0.,17.7));
#5138 = CARTESIAN_POINT('',(3.2,17.7));
#5139 = ( GEOMETRIC_REPRESENTATION_CONTEXT(2) 
PARAMETRIC_REPRESENTATION_CONTEXT() REPRESENTATION_CONTEXT('2D SPACE',''
  ) );
#5140 = PCURVE('',#2226,#5141);
#5141 = DEFINITIONAL_REPRESENTATION('',(#5142),#5145);
#5142 = B_SPLINE_CURVE_WITH_KNOTS('',1,(#5143,#5144),.UNSPECIFIED.,.F.,
  .F.,(2,2),(0.5,3.7),.PIECEWISE_BEZIER_KNOTS.);
#5143 = CARTESIAN_POINT('',(1.,-41.56));
#5144 = CARTESIAN_POINT('',(4.2,-41.56));
#5145 = ( GEOMETRIC_REPRESENTATION_CONTEXT(2) 
PARAMETRIC_REPRESENTATION_CONTEXT() REPRESENTATION_CONTEXT('2D SPACE',''
  ) );
#5146 = ORIENTED_EDGE('',*,*,#5147,.T.);
#5147 = EDGE_CURVE('',#5127,#5148,#5150,.T.);
#5148 = VERTEX_POINT('',#5149);
#5149 = CARTESIAN_POINT('',(158.,104.,3.2));
#5150 = SURFACE_CURVE('',#5151,(#5155,#5162),.PCURVE_S1.);
#5151 = LINE('',#5152,#5153);
#5152 = CARTESIAN_POINT('',(140.,104.,3.2));
#5153 = VECTOR('',#5154,1.);
#5154 = DIRECTION('',(1.,0.,-0.));
#5155 = PCURVE('',#2415,#5156);
#5156 = DEFINITIONAL_REPRESENTATION('',(#5157),#5161);
#5157 = LINE('',#5158,#5159);
#5158 = CARTESIAN_POINT('',(3.2,0.));
#5159 = VECTOR('',#5160,1.);
#5160 = DIRECTION('',(0.,1.));
#5161 = ( GEOMETRIC_REPRESENTATION_CONTEXT(2) 
PARAMETRIC_REPRESENTATION_CONTEXT() REPRESENTATION_CONTEXT('2D SPACE',''
  ) );
#5162 = PCURVE('',#5163,#5168);
#5163 = PLANE('',#5164);
#5164 = AXIS2_PLACEMENT_3D('',#5165,#5166,#5167);
#5165 = CARTESIAN_POINT('',(140.,96.,3.2));
#5166 = DIRECTION('',(0.,0.,1.));
#5167 = DIRECTION('',(1.,0.,-0.));
#5168 = DEFINITIONAL_REPRESENTATION('',(#5169),#5173);
#5169 = LINE('',#5170,#5171);
#5170 = CARTESIAN_POINT('',(0.,8.));
#5171 = VECTOR('',#5172,1.);
#5172 = DIRECTION('',(1.,0.));
#5173 = ( GEOMETRIC_REPRESENTATION_CONTEXT(2) 
PARAMETRIC_REPRESENTATION_CONTEXT() REPRESENTATION_CONTEXT('2D SPACE',''
  ) );
#5174 = ORIENTED_EDGE('',*,*,#5175,.F.);
#5175 = EDGE_CURVE('',#2372,#5148,#5176,.T.);
#5176 = SURFACE_CURVE('',#5177,(#5181,#5188),.PCURVE_S1.);
#5177 = LINE('',#5178,#5179);
#5178 = CARTESIAN_POINT('',(158.,104.,0.));
#5179 = VECTOR('',#5180,1.);
#5180 = DIRECTION('',(0.,0.,1.));
#5181 = PCURVE('',#2415,#5182);
#5182 = DEFINITIONAL_REPRESENTATION('',(#5183),#5187);
#5183 = LINE('',#5184,#5185);
#5184 = CARTESIAN_POINT('',(0.,18.));
#5185 = VECTOR('',#5186,1.);
#5186 = DIRECTION('',(1.,0.));
#5187 = ( GEOMETRIC_REPRESENTATION_CONTEXT(2) 
PARAMETRIC_REPRESENTATION_CONTEXT() REPRESENTATION_CONTEXT('2D SPACE',''
  ) );
#5188 = PCURVE('',#2387,#5189);
#5189 = DEFINITIONAL_REPRESENTATION('',(#5190),#5194);
#5190 = LINE('',#5191,#5192);
#5191 = CARTESIAN_POINT('',(0.,-8.));
#5192 = VECTOR('',#5193,1.);
#5193 = DIRECTION('',(1.,0.));
#5194 = ( GEOMETRIC_REPRESENTATION_CONTEXT(2) 
PARAMETRIC_REPRESENTATION_CONTEXT() REPRESENTATION_CONTEXT('2D SPACE',''
  ) );
#5195 = ADVANCED_FACE('',(#5196),#5163,.T.);
#5196 = FACE_BOUND('',#5197,.T.);
#5197 = EDGE_LOOP('',(#5198,#5199,#5220,#5243));
#5198 = ORIENTED_EDGE('',*,*,#5147,.F.);
#5199 = ORIENTED_EDGE('',*,*,#5200,.T.);
#5200 = EDGE_CURVE('',#5127,#5201,#5203,.T.);
#5201 = VERTEX_POINT('',#5202);
#5202 = CARTESIAN_POINT('',(157.7,96.,3.2));
#5203 = SURFACE_CURVE('',#5204,(#5208,#5214),.PCURVE_S1.);
#5204 = LINE('',#5205,#5206);
#5205 = CARTESIAN_POINT('',(157.7,79.22,3.2));
#5206 = VECTOR('',#5207,1.);
#5207 = DIRECTION('',(0.,-1.,0.));
#5208 = PCURVE('',#5163,#5209);
#5209 = DEFINITIONAL_REPRESENTATION('',(#5210),#5213);
#5210 = B_SPLINE_CURVE_WITH_KNOTS('',1,(#5211,#5212),.UNSPECIFIED.,.F.,
  .F.,(2,2),(-24.78,-16.78),.PIECEWISE_BEZIER_KNOTS.);
#5211 = CARTESIAN_POINT('',(17.7,8.));
#5212 = CARTESIAN_POINT('',(17.7,0.));
#5213 = ( GEOMETRIC_REPRESENTATION_CONTEXT(2) 
PARAMETRIC_REPRESENTATION_CONTEXT() REPRESENTATION_CONTEXT('2D SPACE',''
  ) );
#5214 = PCURVE('',#2226,#5215);
#5215 = DEFINITIONAL_REPRESENTATION('',(#5216),#5219);
#5216 = B_SPLINE_CURVE_WITH_KNOTS('',1,(#5217,#5218),.UNSPECIFIED.,.F.,
  .F.,(2,2),(-24.78,-16.78),.PIECEWISE_BEZIER_KNOTS.);
#5217 = CARTESIAN_POINT('',(4.2,-41.56));
#5218 = CARTESIAN_POINT('',(4.2,-33.56));
#5219 = ( GEOMETRIC_REPRESENTATION_CONTEXT(2) 
PARAMETRIC_REPRESENTATION_CONTEXT() REPRESENTATION_CONTEXT('2D SPACE',''
  ) );
#5220 = ORIENTED_EDGE('',*,*,#5221,.T.);
#5221 = EDGE_CURVE('',#5201,#5222,#5224,.T.);
#5222 = VERTEX_POINT('',#5223);
#5223 = CARTESIAN_POINT('',(158.,96.,3.2));
#5224 = SURFACE_CURVE('',#5225,(#5229,#5236),.PCURVE_S1.);
#5225 = LINE('',#5226,#5227);
#5226 = CARTESIAN_POINT('',(140.,96.,3.2));
#5227 = VECTOR('',#5228,1.);
#5228 = DIRECTION('',(1.,0.,-0.));
#5229 = PCURVE('',#5163,#5230);
#5230 = DEFINITIONAL_REPRESENTATION('',(#5231),#5235);
#5231 = LINE('',#5232,#5233);
#5232 = CARTESIAN_POINT('',(0.,0.));
#5233 = VECTOR('',#5234,1.);
#5234 = DIRECTION('',(1.,0.));
#5235 = ( GEOMETRIC_REPRESENTATION_CONTEXT(2) 
PARAMETRIC_REPRESENTATION_CONTEXT() REPRESENTATION_CONTEXT('2D SPACE',''
  ) );
#5236 = PCURVE('',#2359,#5237);
#5237 = DEFINITIONAL_REPRESENTATION('',(#5238),#5242);
#5238 = LINE('',#5239,#5240);
#5239 = CARTESIAN_POINT('',(3.2,0.));
#5240 = VECTOR('',#5241,1.);
#5241 = DIRECTION('',(0.,1.));
#5242 = ( GEOMETRIC_REPRESENTATION_CONTEXT(2) 
PARAMETRIC_REPRESENTATION_CONTEXT() REPRESENTATION_CONTEXT('2D SPACE',''
  ) );
#5243 = ORIENTED_EDGE('',*,*,#5244,.T.);
#5244 = EDGE_CURVE('',#5222,#5148,#5245,.T.);
#5245 = SURFACE_CURVE('',#5246,(#5250,#5257),.PCURVE_S1.);
#5246 = LINE('',#5247,#5248);
#5247 = CARTESIAN_POINT('',(158.,96.,3.2));
#5248 = VECTOR('',#5249,1.);
#5249 = DIRECTION('',(-0.,1.,0.));
#5250 = PCURVE('',#5163,#5251);
#5251 = DEFINITIONAL_REPRESENTATION('',(#5252),#5256);
#5252 = LINE('',#5253,#5254);
#5253 = CARTESIAN_POINT('',(18.,0.));
#5254 = VECTOR('',#5255,1.);
#5255 = DIRECTION('',(0.,1.));
#5256 = ( GEOMETRIC_REPRESENTATION_CONTEXT(2) 
PARAMETRIC_REPRESENTATION_CONTEXT() REPRESENTATION_CONTEXT('2D SPACE',''
  ) );
#5257 = PCURVE('',#2387,#5258);
#5258 = DEFINITIONAL_REPRESENTATION('',(#5259),#5263);
#5259 = LINE('',#5260,#5261);
#5260 = CARTESIAN_POINT('',(3.2,0.));
#5261 = VECTOR('',#5262,1.);
#5262 = DIRECTION('',(0.,-1.));
#5263 = ( GEOMETRIC_REPRESENTATION_CONTEXT(2) 
PARAMETRIC_REPRESENTATION_CONTEXT() REPRESENTATION_CONTEXT('2D SPACE',''
  ) );
#5264 = ADVANCED_FACE('',(#5265),#2387,.T.);
#5265 = FACE_BOUND('',#5266,.T.);
#5266 = EDGE_LOOP('',(#5267,#5288,#5289,#5290));
#5267 = ORIENTED_EDGE('',*,*,#5268,.F.);
#5268 = EDGE_CURVE('',#2344,#5222,#5269,.T.);
#5269 = SURFACE_CURVE('',#5270,(#5274,#5281),.PCURVE_S1.);
#5270 = LINE('',#5271,#5272);
#5271 = CARTESIAN_POINT('',(158.,96.,0.));
#5272 = VECTOR('',#5273,1.);
#5273 = DIRECTION('',(0.,0.,1.));
#5274 = PCURVE('',#2387,#5275);
#5275 = DEFINITIONAL_REPRESENTATION('',(#5276),#5280);
#5276 = LINE('',#5277,#5278);
#5277 = CARTESIAN_POINT('',(0.,0.));
#5278 = VECTOR('',#5279,1.);
#5279 = DIRECTION('',(1.,0.));
#5280 = ( GEOMETRIC_REPRESENTATION_CONTEXT(2) 
PARAMETRIC_REPRESENTATION_CONTEXT() REPRESENTATION_CONTEXT('2D SPACE',''
  ) );
#5281 = PCURVE('',#2359,#5282);
#5282 = DEFINITIONAL_REPRESENTATION('',(#5283),#5287);
#5283 = LINE('',#5284,#5285);
#5284 = CARTESIAN_POINT('',(0.,18.));
#5285 = VECTOR('',#5286,1.);
#5286 = DIRECTION('',(1.,0.));
#5287 = ( GEOMETRIC_REPRESENTATION_CONTEXT(2) 
PARAMETRIC_REPRESENTATION_CONTEXT() REPRESENTATION_CONTEXT('2D SPACE',''
  ) );
#5288 = ORIENTED_EDGE('',*,*,#2371,.T.);
#5289 = ORIENTED_EDGE('',*,*,#5175,.T.);
#5290 = ORIENTED_EDGE('',*,*,#5244,.F.);
#5291 = ADVANCED_FACE('',(#5292),#2359,.F.);
#5292 = FACE_BOUND('',#5293,.F.);
#5293 = EDGE_LOOP('',(#5294,#5295,#5314,#5315));
#5294 = ORIENTED_EDGE('',*,*,#2343,.F.);
#5295 = ORIENTED_EDGE('',*,*,#5296,.T.);
#5296 = EDGE_CURVE('',#2322,#5201,#5297,.T.);
#5297 = SURFACE_CURVE('',#5298,(#5302,#5308),.PCURVE_S1.);
#5298 = LINE('',#5299,#5300);
#5299 = CARTESIAN_POINT('',(157.7,96.,-0.5));
#5300 = VECTOR('',#5301,1.);
#5301 = DIRECTION('',(0.,0.,1.));
#5302 = PCURVE('',#2359,#5303);
#5303 = DEFINITIONAL_REPRESENTATION('',(#5304),#5307);
#5304 = B_SPLINE_CURVE_WITH_KNOTS('',1,(#5305,#5306),.UNSPECIFIED.,.F.,
  .F.,(2,2),(0.5,3.7),.PIECEWISE_BEZIER_KNOTS.);
#5305 = CARTESIAN_POINT('',(0.,17.7));
#5306 = CARTESIAN_POINT('',(3.2,17.7));
#5307 = ( GEOMETRIC_REPRESENTATION_CONTEXT(2) 
PARAMETRIC_REPRESENTATION_CONTEXT() REPRESENTATION_CONTEXT('2D SPACE',''
  ) );
#5308 = PCURVE('',#2226,#5309);
#5309 = DEFINITIONAL_REPRESENTATION('',(#5310),#5313);
#5310 = B_SPLINE_CURVE_WITH_KNOTS('',1,(#5311,#5312),.UNSPECIFIED.,.F.,
  .F.,(2,2),(0.5,3.7),.PIECEWISE_BEZIER_KNOTS.);
#5311 = CARTESIAN_POINT('',(1.,-33.56));
#5312 = CARTESIAN_POINT('',(4.2,-33.56));
#5313 = ( GEOMETRIC_REPRESENTATION_CONTEXT(2) 
PARAMETRIC_REPRESENTATION_CONTEXT() REPRESENTATION_CONTEXT('2D SPACE',''
  ) );
#5314 = ORIENTED_EDGE('',*,*,#5221,.T.);
#5315 = ORIENTED_EDGE('',*,*,#5268,.F.);
#5316 = ADVANCED_FACE('',(#5317),#2309,.T.);
#5317 = FACE_BOUND('',#5318,.T.);
#5318 = EDGE_LOOP('',(#5319,#5320,#5341,#5369));
#5319 = ORIENTED_EDGE('',*,*,#2293,.F.);
#5320 = ORIENTED_EDGE('',*,*,#5321,.T.);
#5321 = EDGE_CURVE('',#2294,#5322,#5324,.T.);
#5322 = VERTEX_POINT('',#5323);
#5323 = CARTESIAN_POINT('',(157.7,79.,3.2));
#5324 = SURFACE_CURVE('',#5325,(#5329,#5335),.PCURVE_S1.);
#5325 = LINE('',#5326,#5327);
#5326 = CARTESIAN_POINT('',(157.7,79.,-0.5));
#5327 = VECTOR('',#5328,1.);
#5328 = DIRECTION('',(0.,0.,1.));
#5329 = PCURVE('',#2309,#5330);
#5330 = DEFINITIONAL_REPRESENTATION('',(#5331),#5334);
#5331 = B_SPLINE_CURVE_WITH_KNOTS('',1,(#5332,#5333),.UNSPECIFIED.,.F.,
  .F.,(2,2),(0.5,3.7),.PIECEWISE_BEZIER_KNOTS.);
#5332 = CARTESIAN_POINT('',(0.,17.7));
#5333 = CARTESIAN_POINT('',(3.2,17.7));
#5334 = ( GEOMETRIC_REPRESENTATION_CONTEXT(2) 
PARAMETRIC_REPRESENTATION_CONTEXT() REPRESENTATION_CONTEXT('2D SPACE',''
  ) );
#5335 = PCURVE('',#2226,#5336);
#5336 = DEFINITIONAL_REPRESENTATION('',(#5337),#5340);
#5337 = B_SPLINE_CURVE_WITH_KNOTS('',1,(#5338,#5339),.UNSPECIFIED.,.F.,
  .F.,(2,2),(0.5,3.7),.PIECEWISE_BEZIER_KNOTS.);
#5338 = CARTESIAN_POINT('',(1.,-16.56));
#5339 = CARTESIAN_POINT('',(4.2,-16.56));
#5340 = ( GEOMETRIC_REPRESENTATION_CONTEXT(2) 
PARAMETRIC_REPRESENTATION_CONTEXT() REPRESENTATION_CONTEXT('2D SPACE',''
  ) );
#5341 = ORIENTED_EDGE('',*,*,#5342,.T.);
#5342 = EDGE_CURVE('',#5322,#5343,#5345,.T.);
#5343 = VERTEX_POINT('',#5344);
#5344 = CARTESIAN_POINT('',(158.,79.,3.2));
#5345 = SURFACE_CURVE('',#5346,(#5350,#5357),.PCURVE_S1.);
#5346 = LINE('',#5347,#5348);
#5347 = CARTESIAN_POINT('',(140.,79.,3.2));
#5348 = VECTOR('',#5349,1.);
#5349 = DIRECTION('',(1.,0.,-0.));
#5350 = PCURVE('',#2309,#5351);
#5351 = DEFINITIONAL_REPRESENTATION('',(#5352),#5356);
#5352 = LINE('',#5353,#5354);
#5353 = CARTESIAN_POINT('',(3.2,0.));
#5354 = VECTOR('',#5355,1.);
#5355 = DIRECTION('',(0.,1.));
#5356 = ( GEOMETRIC_REPRESENTATION_CONTEXT(2) 
PARAMETRIC_REPRESENTATION_CONTEXT() REPRESENTATION_CONTEXT('2D SPACE',''
  ) );
#5357 = PCURVE('',#5358,#5363);
#5358 = PLANE('',#5359);
#5359 = AXIS2_PLACEMENT_3D('',#5360,#5361,#5362);
#5360 = CARTESIAN_POINT('',(140.,71.,3.2));
#5361 = DIRECTION('',(0.,0.,1.));
#5362 = DIRECTION('',(1.,0.,-0.));
#5363 = DEFINITIONAL_REPRESENTATION('',(#5364),#5368);
#5364 = LINE('',#5365,#5366);
#5365 = CARTESIAN_POINT('',(0.,8.));
#5366 = VECTOR('',#5367,1.);
#5367 = DIRECTION('',(1.,0.));
#5368 = ( GEOMETRIC_REPRESENTATION_CONTEXT(2) 
PARAMETRIC_REPRESENTATION_CONTEXT() REPRESENTATION_CONTEXT('2D SPACE',''
  ) );
#5369 = ORIENTED_EDGE('',*,*,#5370,.F.);
#5370 = EDGE_CURVE('',#2266,#5343,#5371,.T.);
#5371 = SURFACE_CURVE('',#5372,(#5376,#5383),.PCURVE_S1.);
#5372 = LINE('',#5373,#5374);
#5373 = CARTESIAN_POINT('',(158.,79.,0.));
#5374 = VECTOR('',#5375,1.);
#5375 = DIRECTION('',(0.,0.,1.));
#5376 = PCURVE('',#2309,#5377);
#5377 = DEFINITIONAL_REPRESENTATION('',(#5378),#5382);
#5378 = LINE('',#5379,#5380);
#5379 = CARTESIAN_POINT('',(0.,18.));
#5380 = VECTOR('',#5381,1.);
#5381 = DIRECTION('',(1.,0.));
#5382 = ( GEOMETRIC_REPRESENTATION_CONTEXT(2) 
PARAMETRIC_REPRESENTATION_CONTEXT() REPRESENTATION_CONTEXT('2D SPACE',''
  ) );
#5383 = PCURVE('',#2281,#5384);
#5384 = DEFINITIONAL_REPRESENTATION('',(#5385),#5389);
#5385 = LINE('',#5386,#5387);
#5386 = CARTESIAN_POINT('',(0.,-8.));
#5387 = VECTOR('',#5388,1.);
#5388 = DIRECTION('',(1.,0.));
#5389 = ( GEOMETRIC_REPRESENTATION_CONTEXT(2) 
PARAMETRIC_REPRESENTATION_CONTEXT() REPRESENTATION_CONTEXT('2D SPACE',''
  ) );
#5390 = ADVANCED_FACE('',(#5391),#5358,.T.);
#5391 = FACE_BOUND('',#5392,.T.);
#5392 = EDGE_LOOP('',(#5393,#5394,#5415,#5438));
#5393 = ORIENTED_EDGE('',*,*,#5342,.F.);
#5394 = ORIENTED_EDGE('',*,*,#5395,.T.);
#5395 = EDGE_CURVE('',#5322,#5396,#5398,.T.);
#5396 = VERTEX_POINT('',#5397);
#5397 = CARTESIAN_POINT('',(157.7,71.,3.2));
#5398 = SURFACE_CURVE('',#5399,(#5403,#5409),.PCURVE_S1.);
#5399 = LINE('',#5400,#5401);
#5400 = CARTESIAN_POINT('',(157.7,66.72,3.2));
#5401 = VECTOR('',#5402,1.);
#5402 = DIRECTION('',(0.,-1.,0.));
#5403 = PCURVE('',#5358,#5404);
#5404 = DEFINITIONAL_REPRESENTATION('',(#5405),#5408);
#5405 = B_SPLINE_CURVE_WITH_KNOTS('',1,(#5406,#5407),.UNSPECIFIED.,.F.,
  .F.,(2,2),(-12.28,-4.28),.PIECEWISE_BEZIER_KNOTS.);
#5406 = CARTESIAN_POINT('',(17.7,8.));
#5407 = CARTESIAN_POINT('',(17.7,0.));
#5408 = ( GEOMETRIC_REPRESENTATION_CONTEXT(2) 
PARAMETRIC_REPRESENTATION_CONTEXT() REPRESENTATION_CONTEXT('2D SPACE',''
  ) );
#5409 = PCURVE('',#2226,#5410);
#5410 = DEFINITIONAL_REPRESENTATION('',(#5411),#5414);
#5411 = B_SPLINE_CURVE_WITH_KNOTS('',1,(#5412,#5413),.UNSPECIFIED.,.F.,
  .F.,(2,2),(-12.28,-4.28),.PIECEWISE_BEZIER_KNOTS.);
#5412 = CARTESIAN_POINT('',(4.2,-16.56));
#5413 = CARTESIAN_POINT('',(4.2,-8.56));
#5414 = ( GEOMETRIC_REPRESENTATION_CONTEXT(2) 
PARAMETRIC_REPRESENTATION_CONTEXT() REPRESENTATION_CONTEXT('2D SPACE',''
  ) );
#5415 = ORIENTED_EDGE('',*,*,#5416,.T.);
#5416 = EDGE_CURVE('',#5396,#5417,#5419,.T.);
#5417 = VERTEX_POINT('',#5418);
#5418 = CARTESIAN_POINT('',(158.,71.,3.2));
#5419 = SURFACE_CURVE('',#5420,(#5424,#5431),.PCURVE_S1.);
#5420 = LINE('',#5421,#5422);
#5421 = CARTESIAN_POINT('',(140.,71.,3.2));
#5422 = VECTOR('',#5423,1.);
#5423 = DIRECTION('',(1.,0.,-0.));
#5424 = PCURVE('',#5358,#5425);
#5425 = DEFINITIONAL_REPRESENTATION('',(#5426),#5430);
#5426 = LINE('',#5427,#5428);
#5427 = CARTESIAN_POINT('',(0.,0.));
#5428 = VECTOR('',#5429,1.);
#5429 = DIRECTION('',(1.,0.));
#5430 = ( GEOMETRIC_REPRESENTATION_CONTEXT(2) 
PARAMETRIC_REPRESENTATION_CONTEXT() REPRESENTATION_CONTEXT('2D SPACE',''
  ) );
#5431 = PCURVE('',#2253,#5432);
#5432 = DEFINITIONAL_REPRESENTATION('',(#5433),#5437);
#5433 = LINE('',#5434,#5435);
#5434 = CARTESIAN_POINT('',(3.2,0.));
#5435 = VECTOR('',#5436,1.);
#5436 = DIRECTION('',(0.,1.));
#5437 = ( GEOMETRIC_REPRESENTATION_CONTEXT(2) 
PARAMETRIC_REPRESENTATION_CONTEXT() REPRESENTATION_CONTEXT('2D SPACE',''
  ) );
#5438 = ORIENTED_EDGE('',*,*,#5439,.T.);
#5439 = EDGE_CURVE('',#5417,#5343,#5440,.T.);
#5440 = SURFACE_CURVE('',#5441,(#5445,#5452),.PCURVE_S1.);
#5441 = LINE('',#5442,#5443);
#5442 = CARTESIAN_POINT('',(158.,71.,3.2));
#5443 = VECTOR('',#5444,1.);
#5444 = DIRECTION('',(-0.,1.,0.));
#5445 = PCURVE('',#5358,#5446);
#5446 = DEFINITIONAL_REPRESENTATION('',(#5447),#5451);
#5447 = LINE('',#5448,#5449);
#5448 = CARTESIAN_POINT('',(18.,0.));
#5449 = VECTOR('',#5450,1.);
#5450 = DIRECTION('',(0.,1.));
#5451 = ( GEOMETRIC_REPRESENTATION_CONTEXT(2) 
PARAMETRIC_REPRESENTATION_CONTEXT() REPRESENTATION_CONTEXT('2D SPACE',''
  ) );
#5452 = PCURVE('',#2281,#5453);
#5453 = DEFINITIONAL_REPRESENTATION('',(#5454),#5458);
#5454 = LINE('',#5455,#5456);
#5455 = CARTESIAN_POINT('',(3.2,0.));
#5456 = VECTOR('',#5457,1.);
#5457 = DIRECTION('',(0.,-1.));
#5458 = ( GEOMETRIC_REPRESENTATION_CONTEXT(2) 
PARAMETRIC_REPRESENTATION_CONTEXT() REPRESENTATION_CONTEXT('2D SPACE',''
  ) );
#5459 = ADVANCED_FACE('',(#5460),#2281,.T.);
#5460 = FACE_BOUND('',#5461,.T.);
#5461 = EDGE_LOOP('',(#5462,#5483,#5484,#5485));
#5462 = ORIENTED_EDGE('',*,*,#5463,.F.);
#5463 = EDGE_CURVE('',#2238,#5417,#5464,.T.);
#5464 = SURFACE_CURVE('',#5465,(#5469,#5476),.PCURVE_S1.);
#5465 = LINE('',#5466,#5467);
#5466 = CARTESIAN_POINT('',(158.,71.,0.));
#5467 = VECTOR('',#5468,1.);
#5468 = DIRECTION('',(0.,0.,1.));
#5469 = PCURVE('',#2281,#5470);
#5470 = DEFINITIONAL_REPRESENTATION('',(#5471),#5475);
#5471 = LINE('',#5472,#5473);
#5472 = CARTESIAN_POINT('',(0.,0.));
#5473 = VECTOR('',#5474,1.);
#5474 = DIRECTION('',(1.,0.));
#5475 = ( GEOMETRIC_REPRESENTATION_CONTEXT(2) 
PARAMETRIC_REPRESENTATION_CONTEXT() REPRESENTATION_CONTEXT('2D SPACE',''
  ) );
#5476 = PCURVE('',#2253,#5477);
#5477 = DEFINITIONAL_REPRESENTATION('',(#5478),#5482);
#5478 = LINE('',#5479,#5480);
#5479 = CARTESIAN_POINT('',(0.,18.));
#5480 = VECTOR('',#5481,1.);
#5481 = DIRECTION('',(1.,0.));
#5482 = ( GEOMETRIC_REPRESENTATION_CONTEXT(2) 
PARAMETRIC_REPRESENTATION_CONTEXT() REPRESENTATION_CONTEXT('2D SPACE',''
  ) );
#5483 = ORIENTED_EDGE('',*,*,#2265,.T.);
#5484 = ORIENTED_EDGE('',*,*,#5370,.T.);
#5485 = ORIENTED_EDGE('',*,*,#5439,.F.);
#5486 = ADVANCED_FACE('',(#5487),#2253,.F.);
#5487 = FACE_BOUND('',#5488,.F.);
#5488 = EDGE_LOOP('',(#5489,#5490,#5509,#5510));
#5489 = ORIENTED_EDGE('',*,*,#2237,.F.);
#5490 = ORIENTED_EDGE('',*,*,#5491,.T.);
#5491 = EDGE_CURVE('',#2211,#5396,#5492,.T.);
#5492 = SURFACE_CURVE('',#5493,(#5497,#5503),.PCURVE_S1.);
#5493 = LINE('',#5494,#5495);
#5494 = CARTESIAN_POINT('',(157.7,71.,-0.5));
#5495 = VECTOR('',#5496,1.);
#5496 = DIRECTION('',(0.,0.,1.));
#5497 = PCURVE('',#2253,#5498);
#5498 = DEFINITIONAL_REPRESENTATION('',(#5499),#5502);
#5499 = B_SPLINE_CURVE_WITH_KNOTS('',1,(#5500,#5501),.UNSPECIFIED.,.F.,
  .F.,(2,2),(0.5,3.7),.PIECEWISE_BEZIER_KNOTS.);
#5500 = CARTESIAN_POINT('',(0.,17.7));
#5501 = CARTESIAN_POINT('',(3.2,17.7));
#5502 = ( GEOMETRIC_REPRESENTATION_CONTEXT(2) 
PARAMETRIC_REPRESENTATION_CONTEXT() REPRESENTATION_CONTEXT('2D SPACE',''
  ) );
#5503 = PCURVE('',#2226,#5504);
#5504 = DEFINITIONAL_REPRESENTATION('',(#5505),#5508);
#5505 = B_SPLINE_CURVE_WITH_KNOTS('',1,(#5506,#5507),.UNSPECIFIED.,.F.,
  .F.,(2,2),(0.5,3.7),.PIECEWISE_BEZIER_KNOTS.);
#5506 = CARTESIAN_POINT('',(1.,-8.56));
#5507 = CARTESIAN_POINT('',(4.2,-8.56));
#5508 = ( GEOMETRIC_REPRESENTATION_CONTEXT(2) 
PARAMETRIC_REPRESENTATION_CONTEXT() REPRESENTATION_CONTEXT('2D SPACE',''
  ) );
#5509 = ORIENTED_EDGE('',*,*,#5416,.T.);
#5510 = ORIENTED_EDGE('',*,*,#5463,.F.);
#5511 = ADVANCED_FACE('',(#5512),#2226,.T.);
#5512 = FACE_BOUND('',#5513,.T.);
#5513 = EDGE_LOOP('',(#5514,#5535,#5536,#5537,#5538,#5539,#5540,#5541,
    #5542,#5543,#5544,#5565));
#5514 = ORIENTED_EDGE('',*,*,#5515,.F.);
#5515 = EDGE_CURVE('',#2184,#3076,#5516,.T.);
#5516 = SURFACE_CURVE('',#5517,(#5521,#5528),.PCURVE_S1.);
#5517 = LINE('',#5518,#5519);
#5518 = CARTESIAN_POINT('',(157.7,62.44,-1.));
#5519 = VECTOR('',#5520,1.);
#5520 = DIRECTION('',(0.,0.,1.));
#5521 = PCURVE('',#2226,#5522);
#5522 = DEFINITIONAL_REPRESENTATION('',(#5523),#5527);
#5523 = LINE('',#5524,#5525);
#5524 = CARTESIAN_POINT('',(0.,0.));
#5525 = VECTOR('',#5526,1.);
#5526 = DIRECTION('',(1.,0.));
#5527 = ( GEOMETRIC_REPRESENTATION_CONTEXT(2) 
PARAMETRIC_REPRESENTATION_CONTEXT() REPRESENTATION_CONTEXT('2D SPACE',''
  ) );
#5528 = PCURVE('',#2199,#5529);
#5529 = DEFINITIONAL_REPRESENTATION('',(#5530),#5534);
#5530 = LINE('',#5531,#5532);
#5531 = CARTESIAN_POINT('',(0.,0.));
#5532 = VECTOR('',#5533,1.);
#5533 = DIRECTION('',(1.,0.));
#5534 = ( GEOMETRIC_REPRESENTATION_CONTEXT(2) 
PARAMETRIC_REPRESENTATION_CONTEXT() REPRESENTATION_CONTEXT('2D SPACE',''
  ) );
#5535 = ORIENTED_EDGE('',*,*,#2210,.T.);
#5536 = ORIENTED_EDGE('',*,*,#5491,.T.);
#5537 = ORIENTED_EDGE('',*,*,#5395,.F.);
#5538 = ORIENTED_EDGE('',*,*,#5321,.F.);
#5539 = ORIENTED_EDGE('',*,*,#2321,.T.);
#5540 = ORIENTED_EDGE('',*,*,#5296,.T.);
#5541 = ORIENTED_EDGE('',*,*,#5200,.F.);
#5542 = ORIENTED_EDGE('',*,*,#5126,.F.);
#5543 = ORIENTED_EDGE('',*,*,#2427,.T.);
#5544 = ORIENTED_EDGE('',*,*,#5545,.T.);
#5545 = EDGE_CURVE('',#1793,#3097,#5546,.T.);
#5546 = SURFACE_CURVE('',#5547,(#5551,#5558),.PCURVE_S1.);
#5547 = LINE('',#5548,#5549);
#5548 = CARTESIAN_POINT('',(157.7,113.04,-1.));
#5549 = VECTOR('',#5550,1.);
#5550 = DIRECTION('',(0.,0.,1.));
#5551 = PCURVE('',#2226,#5552);
#5552 = DEFINITIONAL_REPRESENTATION('',(#5553),#5557);
#5553 = LINE('',#5554,#5555);
#5554 = CARTESIAN_POINT('',(0.,-50.6));
#5555 = VECTOR('',#5556,1.);
#5556 = DIRECTION('',(1.,0.));
#5557 = ( GEOMETRIC_REPRESENTATION_CONTEXT(2) 
PARAMETRIC_REPRESENTATION_CONTEXT() REPRESENTATION_CONTEXT('2D SPACE',''
  ) );
#5558 = PCURVE('',#1808,#5559);
#5559 = DEFINITIONAL_REPRESENTATION('',(#5560),#5564);
#5560 = LINE('',#5561,#5562);
#5561 = CARTESIAN_POINT('',(0.,0.));
#5562 = VECTOR('',#5563,1.);
#5563 = DIRECTION('',(1.,0.));
#5564 = ( GEOMETRIC_REPRESENTATION_CONTEXT(2) 
PARAMETRIC_REPRESENTATION_CONTEXT() REPRESENTATION_CONTEXT('2D SPACE',''
  ) );
#5565 = ORIENTED_EDGE('',*,*,#3096,.F.);
#5566 = ADVANCED_FACE('',(#5567),#2199,.T.);
#5567 = FACE_BOUND('',#5568,.T.);
#5568 = EDGE_LOOP('',(#5569,#5570,#5571,#5572,#5573,#5592,#5593,#5594));
#5569 = ORIENTED_EDGE('',*,*,#2907,.F.);
#5570 = ORIENTED_EDGE('',*,*,#2693,.T.);
#5571 = ORIENTED_EDGE('',*,*,#3729,.F.);
#5572 = ORIENTED_EDGE('',*,*,#3513,.F.);
#5573 = ORIENTED_EDGE('',*,*,#5574,.T.);
#5574 = EDGE_CURVE('',#3491,#2156,#5575,.T.);
#5575 = SURFACE_CURVE('',#5576,(#5580,#5586),.PCURVE_S1.);
#5576 = LINE('',#5577,#5578);
#5577 = CARTESIAN_POINT('',(191.,62.44,-0.5));
#5578 = VECTOR('',#5579,1.);
#5579 = DIRECTION('',(-0.,0.,-1.));
#5580 = PCURVE('',#2199,#5581);
#5581 = DEFINITIONAL_REPRESENTATION('',(#5582),#5585);
#5582 = B_SPLINE_CURVE_WITH_KNOTS('',1,(#5583,#5584),.UNSPECIFIED.,.F.,
  .F.,(2,2),(-3.7,-0.5),.PIECEWISE_BEZIER_KNOTS.);
#5583 = CARTESIAN_POINT('',(4.2,33.3));
#5584 = CARTESIAN_POINT('',(1.,33.3));
#5585 = ( GEOMETRIC_REPRESENTATION_CONTEXT(2) 
PARAMETRIC_REPRESENTATION_CONTEXT() REPRESENTATION_CONTEXT('2D SPACE',''
  ) );
#5586 = PCURVE('',#2171,#5587);
#5587 = DEFINITIONAL_REPRESENTATION('',(#5588),#5591);
#5588 = B_SPLINE_CURVE_WITH_KNOTS('',1,(#5589,#5590),.UNSPECIFIED.,.F.,
  .F.,(2,2),(-3.7,-0.5),.PIECEWISE_BEZIER_KNOTS.);
#5589 = CARTESIAN_POINT('',(3.2,-44.44));
#5590 = CARTESIAN_POINT('',(0.,-44.44));
#5591 = ( GEOMETRIC_REPRESENTATION_CONTEXT(2) 
PARAMETRIC_REPRESENTATION_CONTEXT() REPRESENTATION_CONTEXT('2D SPACE',''
  ) );
#5592 = ORIENTED_EDGE('',*,*,#2183,.T.);
#5593 = ORIENTED_EDGE('',*,*,#5515,.T.);
#5594 = ORIENTED_EDGE('',*,*,#3075,.F.);
#5595 = ADVANCED_FACE('',(#5596),#2171,.F.);
#5596 = FACE_BOUND('',#5597,.F.);
#5597 = EDGE_LOOP('',(#5598,#5599,#5600,#5601));
#5598 = ORIENTED_EDGE('',*,*,#3490,.F.);
#5599 = ORIENTED_EDGE('',*,*,#5574,.T.);
#5600 = ORIENTED_EDGE('',*,*,#2155,.T.);
#5601 = ORIENTED_EDGE('',*,*,#5602,.F.);
#5602 = EDGE_CURVE('',#3468,#2128,#5603,.T.);
#5603 = SURFACE_CURVE('',#5604,(#5608,#5614),.PCURVE_S1.);
#5604 = LINE('',#5605,#5606);
#5605 = CARTESIAN_POINT('',(191.,84.74,0.));
#5606 = VECTOR('',#5607,1.);
#5607 = DIRECTION('',(-0.,0.,-1.));
#5608 = PCURVE('',#2171,#5609);
#5609 = DEFINITIONAL_REPRESENTATION('',(#5610),#5613);
#5610 = B_SPLINE_CURVE_WITH_KNOTS('',1,(#5611,#5612),.UNSPECIFIED.,.F.,
  .F.,(2,2),(-3.2,0.),.PIECEWISE_BEZIER_KNOTS.);
#5611 = CARTESIAN_POINT('',(3.2,-66.74));
#5612 = CARTESIAN_POINT('',(0.,-66.74));
#5613 = ( GEOMETRIC_REPRESENTATION_CONTEXT(2) 
PARAMETRIC_REPRESENTATION_CONTEXT() REPRESENTATION_CONTEXT('2D SPACE',''
  ) );
#5614 = PCURVE('',#2143,#5615);
#5615 = DEFINITIONAL_REPRESENTATION('',(#5616),#5619);
#5616 = B_SPLINE_CURVE_WITH_KNOTS('',1,(#5617,#5618),.UNSPECIFIED.,.F.,
  .F.,(2,2),(-3.2,0.),.PIECEWISE_BEZIER_KNOTS.);
#5617 = CARTESIAN_POINT('',(3.2,33.));
#5618 = CARTESIAN_POINT('',(0.,33.));
#5619 = ( GEOMETRIC_REPRESENTATION_CONTEXT(2) 
PARAMETRIC_REPRESENTATION_CONTEXT() REPRESENTATION_CONTEXT('2D SPACE',''
  ) );
#5620 = ADVANCED_FACE('',(#5621),#2143,.F.);
#5621 = FACE_BOUND('',#5622,.F.);
#5622 = EDGE_LOOP('',(#5623,#5624,#5643,#5644));
#5623 = ORIENTED_EDGE('',*,*,#2127,.F.);
#5624 = ORIENTED_EDGE('',*,*,#5625,.F.);
#5625 = EDGE_CURVE('',#3445,#2100,#5626,.T.);
#5626 = SURFACE_CURVE('',#5627,(#5631,#5637),.PCURVE_S1.);
#5627 = LINE('',#5628,#5629);
#5628 = CARTESIAN_POINT('',(186.,84.74,0.));
#5629 = VECTOR('',#5630,1.);
#5630 = DIRECTION('',(-0.,0.,-1.));
#5631 = PCURVE('',#2143,#5632);
#5632 = DEFINITIONAL_REPRESENTATION('',(#5633),#5636);
#5633 = B_SPLINE_CURVE_WITH_KNOTS('',1,(#5634,#5635),.UNSPECIFIED.,.F.,
  .F.,(2,2),(-3.2,0.),.PIECEWISE_BEZIER_KNOTS.);
#5634 = CARTESIAN_POINT('',(3.2,28.));
#5635 = CARTESIAN_POINT('',(0.,28.));
#5636 = ( GEOMETRIC_REPRESENTATION_CONTEXT(2) 
PARAMETRIC_REPRESENTATION_CONTEXT() REPRESENTATION_CONTEXT('2D SPACE',''
  ) );
#5637 = PCURVE('',#2115,#5638);
#5638 = DEFINITIONAL_REPRESENTATION('',(#5639),#5642);
#5639 = B_SPLINE_CURVE_WITH_KNOTS('',1,(#5640,#5641),.UNSPECIFIED.,.F.,
  .F.,(2,2),(-3.2,0.),.PIECEWISE_BEZIER_KNOTS.);
#5640 = CARTESIAN_POINT('',(3.2,-22.));
#5641 = CARTESIAN_POINT('',(0.,-22.));
#5642 = ( GEOMETRIC_REPRESENTATION_CONTEXT(2) 
PARAMETRIC_REPRESENTATION_CONTEXT() REPRESENTATION_CONTEXT('2D SPACE',''
  ) );
#5643 = ORIENTED_EDGE('',*,*,#3467,.T.);
#5644 = ORIENTED_EDGE('',*,*,#5602,.T.);
#5645 = ADVANCED_FACE('',(#5646),#2115,.T.);
#5646 = FACE_BOUND('',#5647,.T.);
#5647 = EDGE_LOOP('',(#5648,#5649,#5670,#5671));
#5648 = ORIENTED_EDGE('',*,*,#3444,.F.);
#5649 = ORIENTED_EDGE('',*,*,#5650,.F.);
#5650 = EDGE_CURVE('',#2072,#3422,#5651,.T.);
#5651 = SURFACE_CURVE('',#5652,(#5656,#5663),.PCURVE_S1.);
#5652 = LINE('',#5653,#5654);
#5653 = CARTESIAN_POINT('',(186.,62.74,0.));
#5654 = VECTOR('',#5655,1.);
#5655 = DIRECTION('',(0.,0.,1.));
#5656 = PCURVE('',#2115,#5657);
#5657 = DEFINITIONAL_REPRESENTATION('',(#5658),#5662);
#5658 = LINE('',#5659,#5660);
#5659 = CARTESIAN_POINT('',(0.,0.));
#5660 = VECTOR('',#5661,1.);
#5661 = DIRECTION('',(1.,0.));
#5662 = ( GEOMETRIC_REPRESENTATION_CONTEXT(2) 
PARAMETRIC_REPRESENTATION_CONTEXT() REPRESENTATION_CONTEXT('2D SPACE',''
  ) );
#5663 = PCURVE('',#2087,#5664);
#5664 = DEFINITIONAL_REPRESENTATION('',(#5665),#5669);
#5665 = LINE('',#5666,#5667);
#5666 = CARTESIAN_POINT('',(0.,6.));
#5667 = VECTOR('',#5668,1.);
#5668 = DIRECTION('',(1.,0.));
#5669 = ( GEOMETRIC_REPRESENTATION_CONTEXT(2) 
PARAMETRIC_REPRESENTATION_CONTEXT() REPRESENTATION_CONTEXT('2D SPACE',''
  ) );
#5670 = ORIENTED_EDGE('',*,*,#2099,.T.);
#5671 = ORIENTED_EDGE('',*,*,#5625,.F.);
#5672 = ADVANCED_FACE('',(#5673),#2087,.F.);
#5673 = FACE_BOUND('',#5674,.F.);
#5674 = EDGE_LOOP('',(#5675,#5676,#5697,#5698));
#5675 = ORIENTED_EDGE('',*,*,#2071,.F.);
#5676 = ORIENTED_EDGE('',*,*,#5677,.T.);
#5677 = EDGE_CURVE('',#2044,#3399,#5678,.T.);
#5678 = SURFACE_CURVE('',#5679,(#5683,#5690),.PCURVE_S1.);
#5679 = LINE('',#5680,#5681);
#5680 = CARTESIAN_POINT('',(180.,62.74,0.));
#5681 = VECTOR('',#5682,1.);
#5682 = DIRECTION('',(0.,0.,1.));
#5683 = PCURVE('',#2087,#5684);
#5684 = DEFINITIONAL_REPRESENTATION('',(#5685),#5689);
#5685 = LINE('',#5686,#5687);
#5686 = CARTESIAN_POINT('',(0.,0.));
#5687 = VECTOR('',#5688,1.);
#5688 = DIRECTION('',(1.,0.));
#5689 = ( GEOMETRIC_REPRESENTATION_CONTEXT(2) 
PARAMETRIC_REPRESENTATION_CONTEXT() REPRESENTATION_CONTEXT('2D SPACE',''
  ) );
#5690 = PCURVE('',#2059,#5691);
#5691 = DEFINITIONAL_REPRESENTATION('',(#5692),#5696);
#5692 = LINE('',#5693,#5694);
#5693 = CARTESIAN_POINT('',(0.,0.));
#5694 = VECTOR('',#5695,1.);
#5695 = DIRECTION('',(1.,0.));
#5696 = ( GEOMETRIC_REPRESENTATION_CONTEXT(2) 
PARAMETRIC_REPRESENTATION_CONTEXT() REPRESENTATION_CONTEXT('2D SPACE',''
  ) );
#5697 = ORIENTED_EDGE('',*,*,#3421,.T.);
#5698 = ORIENTED_EDGE('',*,*,#5650,.F.);
#5699 = ADVANCED_FACE('',(#5700),#2059,.F.);
#5700 = FACE_BOUND('',#5701,.F.);
#5701 = EDGE_LOOP('',(#5702,#5703,#5704,#5705));
#5702 = ORIENTED_EDGE('',*,*,#3398,.F.);
#5703 = ORIENTED_EDGE('',*,*,#5677,.F.);
#5704 = ORIENTED_EDGE('',*,*,#2043,.T.);
#5705 = ORIENTED_EDGE('',*,*,#5706,.F.);
#5706 = EDGE_CURVE('',#3376,#2016,#5707,.T.);
#5707 = SURFACE_CURVE('',#5708,(#5712,#5718),.PCURVE_S1.);
#5708 = LINE('',#5709,#5710);
#5709 = CARTESIAN_POINT('',(180.,84.74,0.));
#5710 = VECTOR('',#5711,1.);
#5711 = DIRECTION('',(-0.,0.,-1.));
#5712 = PCURVE('',#2059,#5713);
#5713 = DEFINITIONAL_REPRESENTATION('',(#5714),#5717);
#5714 = B_SPLINE_CURVE_WITH_KNOTS('',1,(#5715,#5716),.UNSPECIFIED.,.F.,
  .F.,(2,2),(-3.2,0.),.PIECEWISE_BEZIER_KNOTS.);
#5715 = CARTESIAN_POINT('',(3.2,-22.));
#5716 = CARTESIAN_POINT('',(0.,-22.));
#5717 = ( GEOMETRIC_REPRESENTATION_CONTEXT(2) 
PARAMETRIC_REPRESENTATION_CONTEXT() REPRESENTATION_CONTEXT('2D SPACE',''
  ) );
#5718 = PCURVE('',#2031,#5719);
#5719 = DEFINITIONAL_REPRESENTATION('',(#5720),#5723);
#5720 = B_SPLINE_CURVE_WITH_KNOTS('',1,(#5721,#5722),.UNSPECIFIED.,.F.,
  .F.,(2,2),(-3.2,0.),.PIECEWISE_BEZIER_KNOTS.);
#5721 = CARTESIAN_POINT('',(3.2,22.));
#5722 = CARTESIAN_POINT('',(0.,22.));
#5723 = ( GEOMETRIC_REPRESENTATION_CONTEXT(2) 
PARAMETRIC_REPRESENTATION_CONTEXT() REPRESENTATION_CONTEXT('2D SPACE',''
  ) );
#5724 = ADVANCED_FACE('',(#5725),#2031,.F.);
#5725 = FACE_BOUND('',#5726,.F.);
#5726 = EDGE_LOOP('',(#5727,#5728,#5749,#5750));
#5727 = ORIENTED_EDGE('',*,*,#2015,.F.);
#5728 = ORIENTED_EDGE('',*,*,#5729,.T.);
#5729 = EDGE_CURVE('',#1988,#3353,#5730,.T.);
#5730 = SURFACE_CURVE('',#5731,(#5735,#5742),.PCURVE_S1.);
#5731 = LINE('',#5732,#5733);
#5732 = CARTESIAN_POINT('',(158.,84.74,0.));
#5733 = VECTOR('',#5734,1.);
#5734 = DIRECTION('',(0.,0.,1.));
#5735 = PCURVE('',#2031,#5736);
#5736 = DEFINITIONAL_REPRESENTATION('',(#5737),#5741);
#5737 = LINE('',#5738,#5739);
#5738 = CARTESIAN_POINT('',(0.,0.));
#5739 = VECTOR('',#5740,1.);
#5740 = DIRECTION('',(1.,0.));
#5741 = ( GEOMETRIC_REPRESENTATION_CONTEXT(2) 
PARAMETRIC_REPRESENTATION_CONTEXT() REPRESENTATION_CONTEXT('2D SPACE',''
  ) );
#5742 = PCURVE('',#2003,#5743);
#5743 = DEFINITIONAL_REPRESENTATION('',(#5744),#5748);
#5744 = LINE('',#5745,#5746);
#5745 = CARTESIAN_POINT('',(0.,0.));
#5746 = VECTOR('',#5747,1.);
#5747 = DIRECTION('',(1.,0.));
#5748 = ( GEOMETRIC_REPRESENTATION_CONTEXT(2) 
PARAMETRIC_REPRESENTATION_CONTEXT() REPRESENTATION_CONTEXT('2D SPACE',''
  ) );
#5749 = ORIENTED_EDGE('',*,*,#3375,.T.);
#5750 = ORIENTED_EDGE('',*,*,#5706,.T.);
#5751 = ADVANCED_FACE('',(#5752),#2003,.F.);
#5752 = FACE_BOUND('',#5753,.F.);
#5753 = EDGE_LOOP('',(#5754,#5755,#5756,#5777));
#5754 = ORIENTED_EDGE('',*,*,#5729,.F.);
#5755 = ORIENTED_EDGE('',*,*,#1987,.T.);
#5756 = ORIENTED_EDGE('',*,*,#5757,.T.);
#5757 = EDGE_CURVE('',#1960,#3330,#5758,.T.);
#5758 = SURFACE_CURVE('',#5759,(#5763,#5770),.PCURVE_S1.);
#5759 = LINE('',#5760,#5761);
#5760 = CARTESIAN_POINT('',(158.,90.74,0.));
#5761 = VECTOR('',#5762,1.);
#5762 = DIRECTION('',(0.,0.,1.));
#5763 = PCURVE('',#2003,#5764);
#5764 = DEFINITIONAL_REPRESENTATION('',(#5765),#5769);
#5765 = LINE('',#5766,#5767);
#5766 = CARTESIAN_POINT('',(0.,-6.));
#5767 = VECTOR('',#5768,1.);
#5768 = DIRECTION('',(1.,0.));
#5769 = ( GEOMETRIC_REPRESENTATION_CONTEXT(2) 
PARAMETRIC_REPRESENTATION_CONTEXT() REPRESENTATION_CONTEXT('2D SPACE',''
  ) );
#5770 = PCURVE('',#1975,#5771);
#5771 = DEFINITIONAL_REPRESENTATION('',(#5772),#5776);
#5772 = LINE('',#5773,#5774);
#5773 = CARTESIAN_POINT('',(0.,0.));
#5774 = VECTOR('',#5775,1.);
#5775 = DIRECTION('',(1.,0.));
#5776 = ( GEOMETRIC_REPRESENTATION_CONTEXT(2) 
PARAMETRIC_REPRESENTATION_CONTEXT() REPRESENTATION_CONTEXT('2D SPACE',''
  ) );
#5777 = ORIENTED_EDGE('',*,*,#3352,.F.);
#5778 = ADVANCED_FACE('',(#5779),#1975,.T.);
#5779 = FACE_BOUND('',#5780,.T.);
#5780 = EDGE_LOOP('',(#5781,#5782,#5783,#5784));
#5781 = ORIENTED_EDGE('',*,*,#1959,.F.);
#5782 = ORIENTED_EDGE('',*,*,#5757,.T.);
#5783 = ORIENTED_EDGE('',*,*,#3329,.T.);
#5784 = ORIENTED_EDGE('',*,*,#5785,.T.);
#5785 = EDGE_CURVE('',#3307,#1932,#5786,.T.);
#5786 = SURFACE_CURVE('',#5787,(#5791,#5797),.PCURVE_S1.);
#5787 = LINE('',#5788,#5789);
#5788 = CARTESIAN_POINT('',(180.,90.74,0.));
#5789 = VECTOR('',#5790,1.);
#5790 = DIRECTION('',(-0.,0.,-1.));
#5791 = PCURVE('',#1975,#5792);
#5792 = DEFINITIONAL_REPRESENTATION('',(#5793),#5796);
#5793 = B_SPLINE_CURVE_WITH_KNOTS('',1,(#5794,#5795),.UNSPECIFIED.,.F.,
  .F.,(2,2),(-3.2,0.),.PIECEWISE_BEZIER_KNOTS.);
#5794 = CARTESIAN_POINT('',(3.2,22.));
#5795 = CARTESIAN_POINT('',(0.,22.));
#5796 = ( GEOMETRIC_REPRESENTATION_CONTEXT(2) 
PARAMETRIC_REPRESENTATION_CONTEXT() REPRESENTATION_CONTEXT('2D SPACE',''
  ) );
#5797 = PCURVE('',#1947,#5798);
#5798 = DEFINITIONAL_REPRESENTATION('',(#5799),#5802);
#5799 = B_SPLINE_CURVE_WITH_KNOTS('',1,(#5800,#5801),.UNSPECIFIED.,.F.,
  .F.,(2,2),(-3.2,0.),.PIECEWISE_BEZIER_KNOTS.);
#5800 = CARTESIAN_POINT('',(3.2,-28.));
#5801 = CARTESIAN_POINT('',(0.,-28.));
#5802 = ( GEOMETRIC_REPRESENTATION_CONTEXT(2) 
PARAMETRIC_REPRESENTATION_CONTEXT() REPRESENTATION_CONTEXT('2D SPACE',''
  ) );
#5803 = ADVANCED_FACE('',(#5804),#1947,.F.);
#5804 = FACE_BOUND('',#5805,.F.);
#5805 = EDGE_LOOP('',(#5806,#5807,#5808,#5809));
#5806 = ORIENTED_EDGE('',*,*,#3306,.F.);
#5807 = ORIENTED_EDGE('',*,*,#5785,.T.);
#5808 = ORIENTED_EDGE('',*,*,#1931,.T.);
#5809 = ORIENTED_EDGE('',*,*,#5810,.T.);
#5810 = EDGE_CURVE('',#1904,#3284,#5811,.T.);
#5811 = SURFACE_CURVE('',#5812,(#5816,#5823),.PCURVE_S1.);
#5812 = LINE('',#5813,#5814);
#5813 = CARTESIAN_POINT('',(180.,112.74,0.));
#5814 = VECTOR('',#5815,1.);
#5815 = DIRECTION('',(0.,0.,1.));
#5816 = PCURVE('',#1947,#5817);
#5817 = DEFINITIONAL_REPRESENTATION('',(#5818),#5822);
#5818 = LINE('',#5819,#5820);
#5819 = CARTESIAN_POINT('',(0.,-50.));
#5820 = VECTOR('',#5821,1.);
#5821 = DIRECTION('',(1.,0.));
#5822 = ( GEOMETRIC_REPRESENTATION_CONTEXT(2) 
PARAMETRIC_REPRESENTATION_CONTEXT() REPRESENTATION_CONTEXT('2D SPACE',''
  ) );
#5823 = PCURVE('',#1919,#5824);
#5824 = DEFINITIONAL_REPRESENTATION('',(#5825),#5829);
#5825 = LINE('',#5826,#5827);
#5826 = CARTESIAN_POINT('',(0.,0.));
#5827 = VECTOR('',#5828,1.);
#5828 = DIRECTION('',(1.,0.));
#5829 = ( GEOMETRIC_REPRESENTATION_CONTEXT(2) 
PARAMETRIC_REPRESENTATION_CONTEXT() REPRESENTATION_CONTEXT('2D SPACE',''
  ) );
#5830 = ADVANCED_FACE('',(#5831),#1919,.T.);
#5831 = FACE_BOUND('',#5832,.T.);
#5832 = EDGE_LOOP('',(#5833,#5834,#5835,#5836));
#5833 = ORIENTED_EDGE('',*,*,#1903,.F.);
#5834 = ORIENTED_EDGE('',*,*,#5810,.T.);
#5835 = ORIENTED_EDGE('',*,*,#3283,.T.);
#5836 = ORIENTED_EDGE('',*,*,#5837,.F.);
#5837 = EDGE_CURVE('',#1876,#3261,#5838,.T.);
#5838 = SURFACE_CURVE('',#5839,(#5843,#5850),.PCURVE_S1.);
#5839 = LINE('',#5840,#5841);
#5840 = CARTESIAN_POINT('',(186.,112.74,0.));
#5841 = VECTOR('',#5842,1.);
#5842 = DIRECTION('',(0.,0.,1.));
#5843 = PCURVE('',#1919,#5844);
#5844 = DEFINITIONAL_REPRESENTATION('',(#5845),#5849);
#5845 = LINE('',#5846,#5847);
#5846 = CARTESIAN_POINT('',(0.,6.));
#5847 = VECTOR('',#5848,1.);
#5848 = DIRECTION('',(1.,0.));
#5849 = ( GEOMETRIC_REPRESENTATION_CONTEXT(2) 
PARAMETRIC_REPRESENTATION_CONTEXT() REPRESENTATION_CONTEXT('2D SPACE',''
  ) );
#5850 = PCURVE('',#1891,#5851);
#5851 = DEFINITIONAL_REPRESENTATION('',(#5852),#5856);
#5852 = LINE('',#5853,#5854);
#5853 = CARTESIAN_POINT('',(0.,-50.));
#5854 = VECTOR('',#5855,1.);
#5855 = DIRECTION('',(1.,0.));
#5856 = ( GEOMETRIC_REPRESENTATION_CONTEXT(2) 
PARAMETRIC_REPRESENTATION_CONTEXT() REPRESENTATION_CONTEXT('2D SPACE',''
  ) );
#5857 = ADVANCED_FACE('',(#5858),#1891,.T.);
#5858 = FACE_BOUND('',#5859,.T.);
#5859 = EDGE_LOOP('',(#5860,#5861,#5880,#5881));
#5860 = ORIENTED_EDGE('',*,*,#3260,.F.);
#5861 = ORIENTED_EDGE('',*,*,#5862,.T.);
#5862 = EDGE_CURVE('',#3238,#1848,#5863,.T.);
#5863 = SURFACE_CURVE('',#5864,(#5868,#5874),.PCURVE_S1.);
#5864 = LINE('',#5865,#5866);
#5865 = CARTESIAN_POINT('',(186.,90.74,0.));
#5866 = VECTOR('',#5867,1.);
#5867 = DIRECTION('',(-0.,0.,-1.));
#5868 = PCURVE('',#1891,#5869);
#5869 = DEFINITIONAL_REPRESENTATION('',(#5870),#5873);
#5870 = B_SPLINE_CURVE_WITH_KNOTS('',1,(#5871,#5872),.UNSPECIFIED.,.F.,
  .F.,(2,2),(-3.2,0.),.PIECEWISE_BEZIER_KNOTS.);
#5871 = CARTESIAN_POINT('',(3.2,-28.));
#5872 = CARTESIAN_POINT('',(0.,-28.));
#5873 = ( GEOMETRIC_REPRESENTATION_CONTEXT(2) 
PARAMETRIC_REPRESENTATION_CONTEXT() REPRESENTATION_CONTEXT('2D SPACE',''
  ) );
#5874 = PCURVE('',#1863,#5875);
#5875 = DEFINITIONAL_REPRESENTATION('',(#5876),#5879);
#5876 = B_SPLINE_CURVE_WITH_KNOTS('',1,(#5877,#5878),.UNSPECIFIED.,.F.,
  .F.,(2,2),(-3.2,0.),.PIECEWISE_BEZIER_KNOTS.);
#5877 = CARTESIAN_POINT('',(3.2,28.));
#5878 = CARTESIAN_POINT('',(0.,28.));
#5879 = ( GEOMETRIC_REPRESENTATION_CONTEXT(2) 
PARAMETRIC_REPRESENTATION_CONTEXT() REPRESENTATION_CONTEXT('2D SPACE',''
  ) );
#5880 = ORIENTED_EDGE('',*,*,#1875,.T.);
#5881 = ORIENTED_EDGE('',*,*,#5837,.T.);
#5882 = ADVANCED_FACE('',(#5883),#1863,.T.);
#5883 = FACE_BOUND('',#5884,.T.);
#5884 = EDGE_LOOP('',(#5885,#5886,#5887,#5888));
#5885 = ORIENTED_EDGE('',*,*,#1847,.F.);
#5886 = ORIENTED_EDGE('',*,*,#5862,.F.);
#5887 = ORIENTED_EDGE('',*,*,#3237,.T.);
#5888 = ORIENTED_EDGE('',*,*,#5889,.T.);
#5889 = EDGE_CURVE('',#3213,#1820,#5890,.T.);
#5890 = SURFACE_CURVE('',#5891,(#5895,#5901),.PCURVE_S1.);
#5891 = LINE('',#5892,#5893);
#5892 = CARTESIAN_POINT('',(191.,90.74,0.));
#5893 = VECTOR('',#5894,1.);
#5894 = DIRECTION('',(-0.,0.,-1.));
#5895 = PCURVE('',#1863,#5896);
#5896 = DEFINITIONAL_REPRESENTATION('',(#5897),#5900);
#5897 = B_SPLINE_CURVE_WITH_KNOTS('',1,(#5898,#5899),.UNSPECIFIED.,.F.,
  .F.,(2,2),(-3.2,0.),.PIECEWISE_BEZIER_KNOTS.);
#5898 = CARTESIAN_POINT('',(3.2,33.));
#5899 = CARTESIAN_POINT('',(0.,33.));
#5900 = ( GEOMETRIC_REPRESENTATION_CONTEXT(2) 
PARAMETRIC_REPRESENTATION_CONTEXT() REPRESENTATION_CONTEXT('2D SPACE',''
  ) );
#5901 = PCURVE('',#1835,#5902);
#5902 = DEFINITIONAL_REPRESENTATION('',(#5903),#5906);
#5903 = B_SPLINE_CURVE_WITH_KNOTS('',1,(#5904,#5905),.UNSPECIFIED.,.F.,
  .F.,(2,2),(-3.2,0.),.PIECEWISE_BEZIER_KNOTS.);
#5904 = CARTESIAN_POINT('',(3.2,-72.74));
#5905 = CARTESIAN_POINT('',(0.,-72.74));
#5906 = ( GEOMETRIC_REPRESENTATION_CONTEXT(2) 
PARAMETRIC_REPRESENTATION_CONTEXT() REPRESENTATION_CONTEXT('2D SPACE',''
  ) );
#5907 = ADVANCED_FACE('',(#5908),#1835,.F.);
#5908 = FACE_BOUND('',#5909,.F.);
#5909 = EDGE_LOOP('',(#5910,#5911,#5912,#5913));
#5910 = ORIENTED_EDGE('',*,*,#3212,.F.);
#5911 = ORIENTED_EDGE('',*,*,#5889,.T.);
#5912 = ORIENTED_EDGE('',*,*,#1819,.T.);
#5913 = ORIENTED_EDGE('',*,*,#5914,.F.);
#5914 = EDGE_CURVE('',#3215,#1791,#5915,.T.);
#5915 = SURFACE_CURVE('',#5916,(#5920,#5926),.PCURVE_S1.);
#5916 = LINE('',#5917,#5918);
#5917 = CARTESIAN_POINT('',(191.,113.04,-0.5));
#5918 = VECTOR('',#5919,1.);
#5919 = DIRECTION('',(-0.,0.,-1.));
#5920 = PCURVE('',#1835,#5921);
#5921 = DEFINITIONAL_REPRESENTATION('',(#5922),#5925);
#5922 = B_SPLINE_CURVE_WITH_KNOTS('',1,(#5923,#5924),.UNSPECIFIED.,.F.,
  .F.,(2,2),(-3.7,-0.5),.PIECEWISE_BEZIER_KNOTS.);
#5923 = CARTESIAN_POINT('',(3.2,-95.04));
#5924 = CARTESIAN_POINT('',(0.,-95.04));
#5925 = ( GEOMETRIC_REPRESENTATION_CONTEXT(2) 
PARAMETRIC_REPRESENTATION_CONTEXT() REPRESENTATION_CONTEXT('2D SPACE',''
  ) );
#5926 = PCURVE('',#1808,#5927);
#5927 = DEFINITIONAL_REPRESENTATION('',(#5928),#5931);
#5928 = B_SPLINE_CURVE_WITH_KNOTS('',1,(#5929,#5930),.UNSPECIFIED.,.F.,
  .F.,(2,2),(-3.7,-0.5),.PIECEWISE_BEZIER_KNOTS.);
#5929 = CARTESIAN_POINT('',(4.2,33.3));
#5930 = CARTESIAN_POINT('',(1.,33.3));
#5931 = ( GEOMETRIC_REPRESENTATION_CONTEXT(2) 
PARAMETRIC_REPRESENTATION_CONTEXT() REPRESENTATION_CONTEXT('2D SPACE',''
  ) );
#5932 = ADVANCED_FACE('',(#5933),#1808,.F.);
#5933 = FACE_BOUND('',#5934,.F.);
#5934 = EDGE_LOOP('',(#5935,#5936,#5937,#5938,#5939,#5940,#5941,#5942));
#5935 = ORIENTED_EDGE('',*,*,#2931,.F.);
#5936 = ORIENTED_EDGE('',*,*,#2857,.T.);
#5937 = ORIENTED_EDGE('',*,*,#3190,.F.);
#5938 = ORIENTED_EDGE('',*,*,#3626,.F.);
#5939 = ORIENTED_EDGE('',*,*,#5914,.T.);
#5940 = ORIENTED_EDGE('',*,*,#1790,.T.);
#5941 = ORIENTED_EDGE('',*,*,#5545,.T.);
#5942 = ORIENTED_EDGE('',*,*,#3117,.F.);
#5943 = ADVANCED_FACE('',(#5944),#1777,.F.);
#5944 = FACE_BOUND('',#5945,.F.);
#5945 = EDGE_LOOP('',(#5946,#5947,#5968,#5969));
#5946 = ORIENTED_EDGE('',*,*,#1763,.T.);
#5947 = ORIENTED_EDGE('',*,*,#5948,.T.);
#5948 = EDGE_CURVE('',#1731,#4249,#5949,.T.);
#5949 = SURFACE_CURVE('',#5950,(#5954,#5961),.PCURVE_S1.);
#5950 = LINE('',#5951,#5952);
#5951 = CARTESIAN_POINT('',(20.75,125.75,-1.));
#5952 = VECTOR('',#5953,1.);
#5953 = DIRECTION('',(0.,0.,1.));
#5954 = PCURVE('',#1777,#5955);
#5955 = DEFINITIONAL_REPRESENTATION('',(#5956),#5960);
#5956 = LINE('',#5957,#5958);
#5957 = CARTESIAN_POINT('',(0.,-0.));
#5958 = VECTOR('',#5959,1.);
#5959 = DIRECTION('',(0.,-1.));
#5960 = ( GEOMETRIC_REPRESENTATION_CONTEXT(2) 
PARAMETRIC_REPRESENTATION_CONTEXT() REPRESENTATION_CONTEXT('2D SPACE',''
  ) );
#5961 = PCURVE('',#1751,#5962);
#5962 = DEFINITIONAL_REPRESENTATION('',(#5963),#5967);
#5963 = LINE('',#5964,#5965);
#5964 = CARTESIAN_POINT('',(3.14159265359,0.));
#5965 = VECTOR('',#5966,1.);
#5966 = DIRECTION('',(0.,-1.));
#5967 = ( GEOMETRIC_REPRESENTATION_CONTEXT(2) 
PARAMETRIC_REPRESENTATION_CONTEXT() REPRESENTATION_CONTEXT('2D SPACE',''
  ) );
#5968 = ORIENTED_EDGE('',*,*,#4276,.F.);
#5969 = ORIENTED_EDGE('',*,*,#5970,.F.);
#5970 = EDGE_CURVE('',#1669,#4197,#5971,.T.);
#5971 = SURFACE_CURVE('',#5972,(#5976,#5983),.PCURVE_S1.);
#5972 = LINE('',#5973,#5974);
#5973 = CARTESIAN_POINT('',(11.25,125.75,-1.));
#5974 = VECTOR('',#5975,1.);
#5975 = DIRECTION('',(0.,0.,1.));
#5976 = PCURVE('',#1777,#5977);
#5977 = DEFINITIONAL_REPRESENTATION('',(#5978),#5982);
#5978 = LINE('',#5979,#5980);
#5979 = CARTESIAN_POINT('',(9.5,0.));
#5980 = VECTOR('',#5981,1.);
#5981 = DIRECTION('',(0.,-1.));
#5982 = ( GEOMETRIC_REPRESENTATION_CONTEXT(2) 
PARAMETRIC_REPRESENTATION_CONTEXT() REPRESENTATION_CONTEXT('2D SPACE',''
  ) );
#5983 = PCURVE('',#1691,#5984);
#5984 = DEFINITIONAL_REPRESENTATION('',(#5985),#5989);
#5985 = LINE('',#5986,#5987);
#5986 = CARTESIAN_POINT('',(0.,0.));
#5987 = VECTOR('',#5988,1.);
#5988 = DIRECTION('',(0.,-1.));
#5989 = ( GEOMETRIC_REPRESENTATION_CONTEXT(2) 
PARAMETRIC_REPRESENTATION_CONTEXT() REPRESENTATION_CONTEXT('2D SPACE',''
  ) );
#5990 = ADVANCED_FACE('',(#5991),#1751,.F.);
#5991 = FACE_BOUND('',#5992,.F.);
#5992 = EDGE_LOOP('',(#5993,#5994,#6015,#6016));
#5993 = ORIENTED_EDGE('',*,*,#1730,.F.);
#5994 = ORIENTED_EDGE('',*,*,#5995,.T.);
#5995 = EDGE_CURVE('',#1704,#4227,#5996,.T.);
#5996 = SURFACE_CURVE('',#5997,(#6001,#6008),.PCURVE_S1.);
#5997 = LINE('',#5998,#5999);
#5998 = CARTESIAN_POINT('',(20.75,130.25,-1.));
#5999 = VECTOR('',#6000,1.);
#6000 = DIRECTION('',(0.,0.,1.));
#6001 = PCURVE('',#1751,#6002);
#6002 = DEFINITIONAL_REPRESENTATION('',(#6003),#6007);
#6003 = LINE('',#6004,#6005);
#6004 = CARTESIAN_POINT('',(0.,0.));
#6005 = VECTOR('',#6006,1.);
#6006 = DIRECTION('',(0.,-1.));
#6007 = ( GEOMETRIC_REPRESENTATION_CONTEXT(2) 
PARAMETRIC_REPRESENTATION_CONTEXT() REPRESENTATION_CONTEXT('2D SPACE',''
  ) );
#6008 = PCURVE('',#1719,#6009);
#6009 = DEFINITIONAL_REPRESENTATION('',(#6010),#6014);
#6010 = LINE('',#6011,#6012);
#6011 = CARTESIAN_POINT('',(9.5,0.));
#6012 = VECTOR('',#6013,1.);
#6013 = DIRECTION('',(0.,-1.));
#6014 = ( GEOMETRIC_REPRESENTATION_CONTEXT(2) 
PARAMETRIC_REPRESENTATION_CONTEXT() REPRESENTATION_CONTEXT('2D SPACE',''
  ) );
#6015 = ORIENTED_EDGE('',*,*,#4248,.T.);
#6016 = ORIENTED_EDGE('',*,*,#5948,.F.);
#6017 = ADVANCED_FACE('',(#6018),#1719,.F.);
#6018 = FACE_BOUND('',#6019,.F.);
#6019 = EDGE_LOOP('',(#6020,#6021,#6042,#6043));
#6020 = ORIENTED_EDGE('',*,*,#1703,.T.);
#6021 = ORIENTED_EDGE('',*,*,#6022,.T.);
#6022 = EDGE_CURVE('',#1671,#4199,#6023,.T.);
#6023 = SURFACE_CURVE('',#6024,(#6028,#6035),.PCURVE_S1.);
#6024 = LINE('',#6025,#6026);
#6025 = CARTESIAN_POINT('',(11.25,130.25,-1.));
#6026 = VECTOR('',#6027,1.);
#6027 = DIRECTION('',(0.,0.,1.));
#6028 = PCURVE('',#1719,#6029);
#6029 = DEFINITIONAL_REPRESENTATION('',(#6030),#6034);
#6030 = LINE('',#6031,#6032);
#6031 = CARTESIAN_POINT('',(0.,0.));
#6032 = VECTOR('',#6033,1.);
#6033 = DIRECTION('',(0.,-1.));
#6034 = ( GEOMETRIC_REPRESENTATION_CONTEXT(2) 
PARAMETRIC_REPRESENTATION_CONTEXT() REPRESENTATION_CONTEXT('2D SPACE',''
  ) );
#6035 = PCURVE('',#1691,#6036);
#6036 = DEFINITIONAL_REPRESENTATION('',(#6037),#6041);
#6037 = LINE('',#6038,#6039);
#6038 = CARTESIAN_POINT('',(3.14159265359,0.));
#6039 = VECTOR('',#6040,1.);
#6040 = DIRECTION('',(0.,-1.));
#6041 = ( GEOMETRIC_REPRESENTATION_CONTEXT(2) 
PARAMETRIC_REPRESENTATION_CONTEXT() REPRESENTATION_CONTEXT('2D SPACE',''
  ) );
#6042 = ORIENTED_EDGE('',*,*,#4226,.F.);
#6043 = ORIENTED_EDGE('',*,*,#5995,.F.);
#6044 = ADVANCED_FACE('',(#6045),#1691,.F.);
#6045 = FACE_BOUND('',#6046,.F.);
#6046 = EDGE_LOOP('',(#6047,#6048,#6049,#6050));
#6047 = ORIENTED_EDGE('',*,*,#1668,.F.);
#6048 = ORIENTED_EDGE('',*,*,#5970,.T.);
#6049 = ORIENTED_EDGE('',*,*,#4196,.T.);
#6050 = ORIENTED_EDGE('',*,*,#6022,.F.);
#6051 = ADVANCED_FACE('',(#6052),#1654,.F.);
#6052 = FACE_BOUND('',#6053,.F.);
#6053 = EDGE_LOOP('',(#6054,#6055,#6076,#6077));
#6054 = ORIENTED_EDGE('',*,*,#1635,.F.);
#6055 = ORIENTED_EDGE('',*,*,#6056,.T.);
#6056 = EDGE_CURVE('',#1609,#4941,#6057,.T.);
#6057 = SURFACE_CURVE('',#6058,(#6062,#6069),.PCURVE_S1.);
#6058 = LINE('',#6059,#6060);
#6059 = CARTESIAN_POINT('',(20.75,14.25,-1.));
#6060 = VECTOR('',#6061,1.);
#6061 = DIRECTION('',(0.,0.,1.));
#6062 = PCURVE('',#1654,#6063);
#6063 = DEFINITIONAL_REPRESENTATION('',(#6064),#6068);
#6064 = LINE('',#6065,#6066);
#6065 = CARTESIAN_POINT('',(0.,0.));
#6066 = VECTOR('',#6067,1.);
#6067 = DIRECTION('',(0.,-1.));
#6068 = ( GEOMETRIC_REPRESENTATION_CONTEXT(2) 
PARAMETRIC_REPRESENTATION_CONTEXT() REPRESENTATION_CONTEXT('2D SPACE',''
  ) );
#6069 = PCURVE('',#1624,#6070);
#6070 = DEFINITIONAL_REPRESENTATION('',(#6071),#6075);
#6071 = LINE('',#6072,#6073);
#6072 = CARTESIAN_POINT('',(9.5,0.));
#6073 = VECTOR('',#6074,1.);
#6074 = DIRECTION('',(0.,-1.));
#6075 = ( GEOMETRIC_REPRESENTATION_CONTEXT(2) 
PARAMETRIC_REPRESENTATION_CONTEXT() REPRESENTATION_CONTEXT('2D SPACE',''
  ) );
#6076 = ORIENTED_EDGE('',*,*,#4962,.T.);
#6077 = ORIENTED_EDGE('',*,*,#6078,.F.);
#6078 = EDGE_CURVE('',#1549,#4891,#6079,.T.);
#6079 = SURFACE_CURVE('',#6080,(#6084,#6091),.PCURVE_S1.);
#6080 = LINE('',#6081,#6082);
#6081 = CARTESIAN_POINT('',(20.75,9.75,-1.));
#6082 = VECTOR('',#6083,1.);
#6083 = DIRECTION('',(0.,0.,1.));
#6084 = PCURVE('',#1654,#6085);
#6085 = DEFINITIONAL_REPRESENTATION('',(#6086),#6090);
#6086 = LINE('',#6087,#6088);
#6087 = CARTESIAN_POINT('',(3.14159265359,0.));
#6088 = VECTOR('',#6089,1.);
#6089 = DIRECTION('',(0.,-1.));
#6090 = ( GEOMETRIC_REPRESENTATION_CONTEXT(2) 
PARAMETRIC_REPRESENTATION_CONTEXT() REPRESENTATION_CONTEXT('2D SPACE',''
  ) );
#6091 = PCURVE('',#1564,#6092);
#6092 = DEFINITIONAL_REPRESENTATION('',(#6093),#6097);
#6093 = LINE('',#6094,#6095);
#6094 = CARTESIAN_POINT('',(0.,-0.));
#6095 = VECTOR('',#6096,1.);
#6096 = DIRECTION('',(0.,-1.));
#6097 = ( GEOMETRIC_REPRESENTATION_CONTEXT(2) 
PARAMETRIC_REPRESENTATION_CONTEXT() REPRESENTATION_CONTEXT('2D SPACE',''
  ) );
#6098 = ADVANCED_FACE('',(#6099),#1624,.F.);
#6099 = FACE_BOUND('',#6100,.F.);
#6100 = EDGE_LOOP('',(#6101,#6102,#6123,#6124));
#6101 = ORIENTED_EDGE('',*,*,#1608,.T.);
#6102 = ORIENTED_EDGE('',*,*,#6103,.T.);
#6103 = EDGE_CURVE('',#1576,#4913,#6104,.T.);
#6104 = SURFACE_CURVE('',#6105,(#6109,#6116),.PCURVE_S1.);
#6105 = LINE('',#6106,#6107);
#6106 = CARTESIAN_POINT('',(11.25,14.25,-1.));
#6107 = VECTOR('',#6108,1.);
#6108 = DIRECTION('',(0.,0.,1.));
#6109 = PCURVE('',#1624,#6110);
#6110 = DEFINITIONAL_REPRESENTATION('',(#6111),#6115);
#6111 = LINE('',#6112,#6113);
#6112 = CARTESIAN_POINT('',(0.,0.));
#6113 = VECTOR('',#6114,1.);
#6114 = DIRECTION('',(0.,-1.));
#6115 = ( GEOMETRIC_REPRESENTATION_CONTEXT(2) 
PARAMETRIC_REPRESENTATION_CONTEXT() REPRESENTATION_CONTEXT('2D SPACE',''
  ) );
#6116 = PCURVE('',#1596,#6117);
#6117 = DEFINITIONAL_REPRESENTATION('',(#6118),#6122);
#6118 = LINE('',#6119,#6120);
#6119 = CARTESIAN_POINT('',(3.14159265359,0.));
#6120 = VECTOR('',#6121,1.);
#6121 = DIRECTION('',(0.,-1.));
#6122 = ( GEOMETRIC_REPRESENTATION_CONTEXT(2) 
PARAMETRIC_REPRESENTATION_CONTEXT() REPRESENTATION_CONTEXT('2D SPACE',''
  ) );
#6123 = ORIENTED_EDGE('',*,*,#4940,.F.);
#6124 = ORIENTED_EDGE('',*,*,#6056,.F.);
#6125 = ADVANCED_FACE('',(#6126),#1596,.F.);
#6126 = FACE_BOUND('',#6127,.F.);
#6127 = EDGE_LOOP('',(#6128,#6129,#6150,#6151));
#6128 = ORIENTED_EDGE('',*,*,#1575,.F.);
#6129 = ORIENTED_EDGE('',*,*,#6130,.T.);
#6130 = EDGE_CURVE('',#1547,#4889,#6131,.T.);
#6131 = SURFACE_CURVE('',#6132,(#6136,#6143),.PCURVE_S1.);
#6132 = LINE('',#6133,#6134);
#6133 = CARTESIAN_POINT('',(11.25,9.75,-1.));
#6134 = VECTOR('',#6135,1.);
#6135 = DIRECTION('',(0.,0.,1.));
#6136 = PCURVE('',#1596,#6137);
#6137 = DEFINITIONAL_REPRESENTATION('',(#6138),#6142);
#6138 = LINE('',#6139,#6140);
#6139 = CARTESIAN_POINT('',(0.,0.));
#6140 = VECTOR('',#6141,1.);
#6141 = DIRECTION('',(0.,-1.));
#6142 = ( GEOMETRIC_REPRESENTATION_CONTEXT(2) 
PARAMETRIC_REPRESENTATION_CONTEXT() REPRESENTATION_CONTEXT('2D SPACE',''
  ) );
#6143 = PCURVE('',#1564,#6144);
#6144 = DEFINITIONAL_REPRESENTATION('',(#6145),#6149);
#6145 = LINE('',#6146,#6147);
#6146 = CARTESIAN_POINT('',(9.5,0.));
#6147 = VECTOR('',#6148,1.);
#6148 = DIRECTION('',(0.,-1.));
#6149 = ( GEOMETRIC_REPRESENTATION_CONTEXT(2) 
PARAMETRIC_REPRESENTATION_CONTEXT() REPRESENTATION_CONTEXT('2D SPACE',''
  ) );
#6150 = ORIENTED_EDGE('',*,*,#4912,.T.);
#6151 = ORIENTED_EDGE('',*,*,#6103,.F.);
#6152 = ADVANCED_FACE('',(#6153),#1564,.F.);
#6153 = FACE_BOUND('',#6154,.F.);
#6154 = EDGE_LOOP('',(#6155,#6156,#6157,#6158));
#6155 = ORIENTED_EDGE('',*,*,#1546,.T.);
#6156 = ORIENTED_EDGE('',*,*,#6078,.T.);
#6157 = ORIENTED_EDGE('',*,*,#4888,.F.);
#6158 = ORIENTED_EDGE('',*,*,#6130,.F.);
#6159 = ADVANCED_FACE('',(#6160),#1533,.F.);
#6160 = FACE_BOUND('',#6161,.F.);
#6161 = EDGE_LOOP('',(#6162,#6185,#6186,#6209));
#6162 = ORIENTED_EDGE('',*,*,#6163,.F.);
#6163 = EDGE_CURVE('',#1436,#6164,#6166,.T.);
#6164 = VERTEX_POINT('',#6165);
#6165 = CARTESIAN_POINT('',(135.88,31.26,3.2));
#6166 = SURFACE_CURVE('',#6167,(#6171,#6178),.PCURVE_S1.);
#6167 = LINE('',#6168,#6169);
#6168 = CARTESIAN_POINT('',(135.88,31.26,-1.));
#6169 = VECTOR('',#6170,1.);
#6170 = DIRECTION('',(0.,0.,1.));
#6171 = PCURVE('',#1533,#6172);
#6172 = DEFINITIONAL_REPRESENTATION('',(#6173),#6177);
#6173 = LINE('',#6174,#6175);
#6174 = CARTESIAN_POINT('',(0.,0.));
#6175 = VECTOR('',#6176,1.);
#6176 = DIRECTION('',(1.,0.));
#6177 = ( GEOMETRIC_REPRESENTATION_CONTEXT(2) 
PARAMETRIC_REPRESENTATION_CONTEXT() REPRESENTATION_CONTEXT('2D SPACE',''
  ) );
#6178 = PCURVE('',#1453,#6179);
#6179 = DEFINITIONAL_REPRESENTATION('',(#6180),#6184);
#6180 = LINE('',#6181,#6182);
#6181 = CARTESIAN_POINT('',(0.,119.76));
#6182 = VECTOR('',#6183,1.);
#6183 = DIRECTION('',(1.,0.));
#6184 = ( GEOMETRIC_REPRESENTATION_CONTEXT(2) 
PARAMETRIC_REPRESENTATION_CONTEXT() REPRESENTATION_CONTEXT('2D SPACE',''
  ) );
#6185 = ORIENTED_EDGE('',*,*,#1519,.T.);
#6186 = ORIENTED_EDGE('',*,*,#6187,.T.);
#6187 = EDGE_CURVE('',#1493,#6188,#6190,.T.);
#6188 = VERTEX_POINT('',#6189);
#6189 = CARTESIAN_POINT('',(135.88,108.74,3.2));
#6190 = SURFACE_CURVE('',#6191,(#6195,#6202),.PCURVE_S1.);
#6191 = LINE('',#6192,#6193);
#6192 = CARTESIAN_POINT('',(135.88,108.74,-1.));
#6193 = VECTOR('',#6194,1.);
#6194 = DIRECTION('',(0.,0.,1.));
#6195 = PCURVE('',#1533,#6196);
#6196 = DEFINITIONAL_REPRESENTATION('',(#6197),#6201);
#6197 = LINE('',#6198,#6199);
#6198 = CARTESIAN_POINT('',(0.,-77.48));
#6199 = VECTOR('',#6200,1.);
#6200 = DIRECTION('',(1.,0.));
#6201 = ( GEOMETRIC_REPRESENTATION_CONTEXT(2) 
PARAMETRIC_REPRESENTATION_CONTEXT() REPRESENTATION_CONTEXT('2D SPACE',''
  ) );
#6202 = PCURVE('',#1508,#6203);
#6203 = DEFINITIONAL_REPRESENTATION('',(#6204),#6208);
#6204 = LINE('',#6205,#6206);
#6205 = CARTESIAN_POINT('',(0.,119.76));
#6206 = VECTOR('',#6207,1.);
#6207 = DIRECTION('',(1.,0.));
#6208 = ( GEOMETRIC_REPRESENTATION_CONTEXT(2) 
PARAMETRIC_REPRESENTATION_CONTEXT() REPRESENTATION_CONTEXT('2D SPACE',''
  ) );
#6209 = ORIENTED_EDGE('',*,*,#6210,.F.);
#6210 = EDGE_CURVE('',#6164,#6188,#6211,.T.);
#6211 = SURFACE_CURVE('',#6212,(#6216,#6223),.PCURVE_S1.);
#6212 = LINE('',#6213,#6214);
#6213 = CARTESIAN_POINT('',(135.88,31.26,3.2));
#6214 = VECTOR('',#6215,1.);
#6215 = DIRECTION('',(-0.,1.,0.));
#6216 = PCURVE('',#1533,#6217);
#6217 = DEFINITIONAL_REPRESENTATION('',(#6218),#6222);
#6218 = LINE('',#6219,#6220);
#6219 = CARTESIAN_POINT('',(4.2,0.));
#6220 = VECTOR('',#6221,1.);
#6221 = DIRECTION('',(0.,-1.));
#6222 = ( GEOMETRIC_REPRESENTATION_CONTEXT(2) 
PARAMETRIC_REPRESENTATION_CONTEXT() REPRESENTATION_CONTEXT('2D SPACE',''
  ) );
#6223 = PCURVE('',#6224,#6229);
#6224 = PLANE('',#6225);
#6225 = AXIS2_PLACEMENT_3D('',#6226,#6227,#6228);
#6226 = CARTESIAN_POINT('',(11.82,26.96,3.2));
#6227 = DIRECTION('',(0.,0.,1.));
#6228 = DIRECTION('',(1.,0.,-0.));
#6229 = DEFINITIONAL_REPRESENTATION('',(#6230),#6234);
#6230 = LINE('',#6231,#6232);
#6231 = CARTESIAN_POINT('',(124.06,4.3));
#6232 = VECTOR('',#6233,1.);
#6233 = DIRECTION('',(0.,1.));
#6234 = ( GEOMETRIC_REPRESENTATION_CONTEXT(2) 
PARAMETRIC_REPRESENTATION_CONTEXT() REPRESENTATION_CONTEXT('2D SPACE',''
  ) );
#6235 = ADVANCED_FACE('',(#6236,#6350),#6224,.T.);
#6236 = FACE_BOUND('',#6237,.T.);
#6237 = EDGE_LOOP('',(#6238,#6268,#6296,#6324));
#6238 = ORIENTED_EDGE('',*,*,#6239,.T.);
#6239 = EDGE_CURVE('',#6240,#6242,#6244,.T.);
#6240 = VERTEX_POINT('',#6241);
#6241 = CARTESIAN_POINT('',(140.18,113.04,3.2));
#6242 = VERTEX_POINT('',#6243);
#6243 = CARTESIAN_POINT('',(11.82,113.04,3.2));
#6244 = SURFACE_CURVE('',#6245,(#6249,#6256),.PCURVE_S1.);
#6245 = LINE('',#6246,#6247);
#6246 = CARTESIAN_POINT('',(140.18,113.04,3.2));
#6247 = VECTOR('',#6248,1.);
#6248 = DIRECTION('',(-1.,0.,0.));
#6249 = PCURVE('',#6224,#6250);
#6250 = DEFINITIONAL_REPRESENTATION('',(#6251),#6255);
#6251 = LINE('',#6252,#6253);
#6252 = CARTESIAN_POINT('',(128.36,86.08));
#6253 = VECTOR('',#6254,1.);
#6254 = DIRECTION('',(-1.,0.));
#6255 = ( GEOMETRIC_REPRESENTATION_CONTEXT(2) 
PARAMETRIC_REPRESENTATION_CONTEXT() REPRESENTATION_CONTEXT('2D SPACE',''
  ) );
#6256 = PCURVE('',#6257,#6262);
#6257 = PLANE('',#6258);
#6258 = AXIS2_PLACEMENT_3D('',#6259,#6260,#6261);
#6259 = CARTESIAN_POINT('',(11.82,113.04,3.2));
#6260 = DIRECTION('',(-0.,1.,0.));
#6261 = DIRECTION('',(0.,0.,1.));
#6262 = DEFINITIONAL_REPRESENTATION('',(#6263),#6267);
#6263 = LINE('',#6264,#6265);
#6264 = CARTESIAN_POINT('',(0.,128.36));
#6265 = VECTOR('',#6266,1.);
#6266 = DIRECTION('',(0.,-1.));
#6267 = ( GEOMETRIC_REPRESENTATION_CONTEXT(2) 
PARAMETRIC_REPRESENTATION_CONTEXT() REPRESENTATION_CONTEXT('2D SPACE',''
  ) );
#6268 = ORIENTED_EDGE('',*,*,#6269,.F.);
#6269 = EDGE_CURVE('',#6270,#6242,#6272,.T.);
#6270 = VERTEX_POINT('',#6271);
#6271 = CARTESIAN_POINT('',(11.82,26.96,3.2));
#6272 = SURFACE_CURVE('',#6273,(#6277,#6284),.PCURVE_S1.);
#6273 = LINE('',#6274,#6275);
#6274 = CARTESIAN_POINT('',(11.82,26.96,3.2));
#6275 = VECTOR('',#6276,1.);
#6276 = DIRECTION('',(-0.,1.,0.));
#6277 = PCURVE('',#6224,#6278);
#6278 = DEFINITIONAL_REPRESENTATION('',(#6279),#6283);
#6279 = LINE('',#6280,#6281);
#6280 = CARTESIAN_POINT('',(0.,0.));
#6281 = VECTOR('',#6282,1.);
#6282 = DIRECTION('',(0.,1.));
#6283 = ( GEOMETRIC_REPRESENTATION_CONTEXT(2) 
PARAMETRIC_REPRESENTATION_CONTEXT() REPRESENTATION_CONTEXT('2D SPACE',''
  ) );
#6284 = PCURVE('',#6285,#6290);
#6285 = PLANE('',#6286);
#6286 = AXIS2_PLACEMENT_3D('',#6287,#6288,#6289);
#6287 = CARTESIAN_POINT('',(11.82,26.96,3.2));
#6288 = DIRECTION('',(1.,0.,-0.));
#6289 = DIRECTION('',(0.,0.,1.));
#6290 = DEFINITIONAL_REPRESENTATION('',(#6291),#6295);
#6291 = LINE('',#6292,#6293);
#6292 = CARTESIAN_POINT('',(0.,0.));
#6293 = VECTOR('',#6294,1.);
#6294 = DIRECTION('',(0.,-1.));
#6295 = ( GEOMETRIC_REPRESENTATION_CONTEXT(2) 
PARAMETRIC_REPRESENTATION_CONTEXT() REPRESENTATION_CONTEXT('2D SPACE',''
  ) );
#6296 = ORIENTED_EDGE('',*,*,#6297,.T.);
#6297 = EDGE_CURVE('',#6270,#6298,#6300,.T.);
#6298 = VERTEX_POINT('',#6299);
#6299 = CARTESIAN_POINT('',(140.18,26.96,3.2));
#6300 = SURFACE_CURVE('',#6301,(#6305,#6312),.PCURVE_S1.);
#6301 = LINE('',#6302,#6303);
#6302 = CARTESIAN_POINT('',(11.82,26.96,3.2));
#6303 = VECTOR('',#6304,1.);
#6304 = DIRECTION('',(1.,0.,0.));
#6305 = PCURVE('',#6224,#6306);
#6306 = DEFINITIONAL_REPRESENTATION('',(#6307),#6311);
#6307 = LINE('',#6308,#6309);
#6308 = CARTESIAN_POINT('',(0.,0.));
#6309 = VECTOR('',#6310,1.);
#6310 = DIRECTION('',(1.,0.));
#6311 = ( GEOMETRIC_REPRESENTATION_CONTEXT(2) 
PARAMETRIC_REPRESENTATION_CONTEXT() REPRESENTATION_CONTEXT('2D SPACE',''
  ) );
#6312 = PCURVE('',#6313,#6318);
#6313 = PLANE('',#6314);
#6314 = AXIS2_PLACEMENT_3D('',#6315,#6316,#6317);
#6315 = CARTESIAN_POINT('',(11.82,26.96,3.2));
#6316 = DIRECTION('',(-0.,1.,0.));
#6317 = DIRECTION('',(0.,0.,1.));
#6318 = DEFINITIONAL_REPRESENTATION('',(#6319),#6323);
#6319 = LINE('',#6320,#6321);
#6320 = CARTESIAN_POINT('',(0.,0.));
#6321 = VECTOR('',#6322,1.);
#6322 = DIRECTION('',(0.,1.));
#6323 = ( GEOMETRIC_REPRESENTATION_CONTEXT(2) 
PARAMETRIC_REPRESENTATION_CONTEXT() REPRESENTATION_CONTEXT('2D SPACE',''
  ) );
#6324 = ORIENTED_EDGE('',*,*,#6325,.T.);
#6325 = EDGE_CURVE('',#6298,#6240,#6326,.T.);
#6326 = SURFACE_CURVE('',#6327,(#6331,#6338),.PCURVE_S1.);
#6327 = LINE('',#6328,#6329);
#6328 = CARTESIAN_POINT('',(140.18,26.96,3.2));
#6329 = VECTOR('',#6330,1.);
#6330 = DIRECTION('',(0.,1.,0.));
#6331 = PCURVE('',#6224,#6332);
#6332 = DEFINITIONAL_REPRESENTATION('',(#6333),#6337);
#6333 = LINE('',#6334,#6335);
#6334 = CARTESIAN_POINT('',(128.36,0.));
#6335 = VECTOR('',#6336,1.);
#6336 = DIRECTION('',(0.,1.));
#6337 = ( GEOMETRIC_REPRESENTATION_CONTEXT(2) 
PARAMETRIC_REPRESENTATION_CONTEXT() REPRESENTATION_CONTEXT('2D SPACE',''
  ) );
#6338 = PCURVE('',#6339,#6344);
#6339 = PLANE('',#6340);
#6340 = AXIS2_PLACEMENT_3D('',#6341,#6342,#6343);
#6341 = CARTESIAN_POINT('',(140.18,26.96,3.2));
#6342 = DIRECTION('',(1.,0.,-0.));
#6343 = DIRECTION('',(0.,0.,1.));
#6344 = DEFINITIONAL_REPRESENTATION('',(#6345),#6349);
#6345 = LINE('',#6346,#6347);
#6346 = CARTESIAN_POINT('',(0.,0.));
#6347 = VECTOR('',#6348,1.);
#6348 = DIRECTION('',(0.,-1.));
#6349 = ( GEOMETRIC_REPRESENTATION_CONTEXT(2) 
PARAMETRIC_REPRESENTATION_CONTEXT() REPRESENTATION_CONTEXT('2D SPACE',''
  ) );
#6350 = FACE_BOUND('',#6351,.T.);
#6351 = EDGE_LOOP('',(#6352,#6375,#6398,#6419));
#6352 = ORIENTED_EDGE('',*,*,#6353,.F.);
#6353 = EDGE_CURVE('',#6354,#6164,#6356,.T.);
#6354 = VERTEX_POINT('',#6355);
#6355 = CARTESIAN_POINT('',(19.,31.26,3.2));
#6356 = SURFACE_CURVE('',#6357,(#6361,#6368),.PCURVE_S1.);
#6357 = LINE('',#6358,#6359);
#6358 = CARTESIAN_POINT('',(16.12,31.26,3.2));
#6359 = VECTOR('',#6360,1.);
#6360 = DIRECTION('',(1.,0.,-0.));
#6361 = PCURVE('',#6224,#6362);
#6362 = DEFINITIONAL_REPRESENTATION('',(#6363),#6367);
#6363 = LINE('',#6364,#6365);
#6364 = CARTESIAN_POINT('',(4.3,4.3));
#6365 = VECTOR('',#6366,1.);
#6366 = DIRECTION('',(1.,0.));
#6367 = ( GEOMETRIC_REPRESENTATION_CONTEXT(2) 
PARAMETRIC_REPRESENTATION_CONTEXT() REPRESENTATION_CONTEXT('2D SPACE',''
  ) );
#6368 = PCURVE('',#1453,#6369);
#6369 = DEFINITIONAL_REPRESENTATION('',(#6370),#6374);
#6370 = LINE('',#6371,#6372);
#6371 = CARTESIAN_POINT('',(4.2,0.));
#6372 = VECTOR('',#6373,1.);
#6373 = DIRECTION('',(0.,1.));
#6374 = ( GEOMETRIC_REPRESENTATION_CONTEXT(2) 
PARAMETRIC_REPRESENTATION_CONTEXT() REPRESENTATION_CONTEXT('2D SPACE',''
  ) );
#6375 = ORIENTED_EDGE('',*,*,#6376,.T.);
#6376 = EDGE_CURVE('',#6354,#6377,#6379,.T.);
#6377 = VERTEX_POINT('',#6378);
#6378 = CARTESIAN_POINT('',(19.,108.74,3.2));
#6379 = SURFACE_CURVE('',#6380,(#6384,#6391),.PCURVE_S1.);
#6380 = LINE('',#6381,#6382);
#6381 = CARTESIAN_POINT('',(19.,18.,3.2));
#6382 = VECTOR('',#6383,1.);
#6383 = DIRECTION('',(-0.,1.,0.));
#6384 = PCURVE('',#6224,#6385);
#6385 = DEFINITIONAL_REPRESENTATION('',(#6386),#6390);
#6386 = LINE('',#6387,#6388);
#6387 = CARTESIAN_POINT('',(7.18,-8.96));
#6388 = VECTOR('',#6389,1.);
#6389 = DIRECTION('',(0.,1.));
#6390 = ( GEOMETRIC_REPRESENTATION_CONTEXT(2) 
PARAMETRIC_REPRESENTATION_CONTEXT() REPRESENTATION_CONTEXT('2D SPACE',''
  ) );
#6391 = PCURVE('',#1480,#6392);
#6392 = DEFINITIONAL_REPRESENTATION('',(#6393),#6397);
#6393 = LINE('',#6394,#6395);
#6394 = CARTESIAN_POINT('',(3.2,0.));
#6395 = VECTOR('',#6396,1.);
#6396 = DIRECTION('',(0.,-1.));
#6397 = ( GEOMETRIC_REPRESENTATION_CONTEXT(2) 
PARAMETRIC_REPRESENTATION_CONTEXT() REPRESENTATION_CONTEXT('2D SPACE',''
  ) );
#6398 = ORIENTED_EDGE('',*,*,#6399,.T.);
#6399 = EDGE_CURVE('',#6377,#6188,#6400,.T.);
#6400 = SURFACE_CURVE('',#6401,(#6405,#6412),.PCURVE_S1.);
#6401 = LINE('',#6402,#6403);
#6402 = CARTESIAN_POINT('',(16.12,108.74,3.2));
#6403 = VECTOR('',#6404,1.);
#6404 = DIRECTION('',(1.,0.,-0.));
#6405 = PCURVE('',#6224,#6406);
#6406 = DEFINITIONAL_REPRESENTATION('',(#6407),#6411);
#6407 = LINE('',#6408,#6409);
#6408 = CARTESIAN_POINT('',(4.3,81.78));
#6409 = VECTOR('',#6410,1.);
#6410 = DIRECTION('',(1.,0.));
#6411 = ( GEOMETRIC_REPRESENTATION_CONTEXT(2) 
PARAMETRIC_REPRESENTATION_CONTEXT() REPRESENTATION_CONTEXT('2D SPACE',''
  ) );
#6412 = PCURVE('',#1508,#6413);
#6413 = DEFINITIONAL_REPRESENTATION('',(#6414),#6418);
#6414 = LINE('',#6415,#6416);
#6415 = CARTESIAN_POINT('',(4.2,0.));
#6416 = VECTOR('',#6417,1.);
#6417 = DIRECTION('',(0.,1.));
#6418 = ( GEOMETRIC_REPRESENTATION_CONTEXT(2) 
PARAMETRIC_REPRESENTATION_CONTEXT() REPRESENTATION_CONTEXT('2D SPACE',''
  ) );
#6419 = ORIENTED_EDGE('',*,*,#6210,.F.);
#6420 = ADVANCED_FACE('',(#6421),#6339,.F.);
#6421 = FACE_BOUND('',#6422,.F.);
#6422 = EDGE_LOOP('',(#6423,#6446,#6447,#6470));
#6423 = ORIENTED_EDGE('',*,*,#6424,.F.);
#6424 = EDGE_CURVE('',#6298,#6425,#6427,.T.);
#6425 = VERTEX_POINT('',#6426);
#6426 = CARTESIAN_POINT('',(140.18,26.96,6.2));
#6427 = SURFACE_CURVE('',#6428,(#6432,#6439),.PCURVE_S1.);
#6428 = LINE('',#6429,#6430);
#6429 = CARTESIAN_POINT('',(140.18,26.96,3.2));
#6430 = VECTOR('',#6431,1.);
#6431 = DIRECTION('',(0.,0.,1.));
#6432 = PCURVE('',#6339,#6433);
#6433 = DEFINITIONAL_REPRESENTATION('',(#6434),#6438);
#6434 = LINE('',#6435,#6436);
#6435 = CARTESIAN_POINT('',(0.,0.));
#6436 = VECTOR('',#6437,1.);
#6437 = DIRECTION('',(1.,0.));
#6438 = ( GEOMETRIC_REPRESENTATION_CONTEXT(2) 
PARAMETRIC_REPRESENTATION_CONTEXT() REPRESENTATION_CONTEXT('2D SPACE',''
  ) );
#6439 = PCURVE('',#6313,#6440);
#6440 = DEFINITIONAL_REPRESENTATION('',(#6441),#6445);
#6441 = LINE('',#6442,#6443);
#6442 = CARTESIAN_POINT('',(0.,128.36));
#6443 = VECTOR('',#6444,1.);
#6444 = DIRECTION('',(1.,0.));
#6445 = ( GEOMETRIC_REPRESENTATION_CONTEXT(2) 
PARAMETRIC_REPRESENTATION_CONTEXT() REPRESENTATION_CONTEXT('2D SPACE',''
  ) );
#6446 = ORIENTED_EDGE('',*,*,#6325,.T.);
#6447 = ORIENTED_EDGE('',*,*,#6448,.T.);
#6448 = EDGE_CURVE('',#6240,#6449,#6451,.T.);
#6449 = VERTEX_POINT('',#6450);
#6450 = CARTESIAN_POINT('',(140.18,113.04,6.2));
#6451 = SURFACE_CURVE('',#6452,(#6456,#6463),.PCURVE_S1.);
#6452 = LINE('',#6453,#6454);
#6453 = CARTESIAN_POINT('',(140.18,113.04,3.2));
#6454 = VECTOR('',#6455,1.);
#6455 = DIRECTION('',(0.,0.,1.));
#6456 = PCURVE('',#6339,#6457);
#6457 = DEFINITIONAL_REPRESENTATION('',(#6458),#6462);
#6458 = LINE('',#6459,#6460);
#6459 = CARTESIAN_POINT('',(0.,-86.08));
#6460 = VECTOR('',#6461,1.);
#6461 = DIRECTION('',(1.,0.));
#6462 = ( GEOMETRIC_REPRESENTATION_CONTEXT(2) 
PARAMETRIC_REPRESENTATION_CONTEXT() REPRESENTATION_CONTEXT('2D SPACE',''
  ) );
#6463 = PCURVE('',#6257,#6464);
#6464 = DEFINITIONAL_REPRESENTATION('',(#6465),#6469);
#6465 = LINE('',#6466,#6467);
#6466 = CARTESIAN_POINT('',(0.,128.36));
#6467 = VECTOR('',#6468,1.);
#6468 = DIRECTION('',(1.,0.));
#6469 = ( GEOMETRIC_REPRESENTATION_CONTEXT(2) 
PARAMETRIC_REPRESENTATION_CONTEXT() REPRESENTATION_CONTEXT('2D SPACE',''
  ) );
#6470 = ORIENTED_EDGE('',*,*,#6471,.F.);
#6471 = EDGE_CURVE('',#6425,#6449,#6472,.T.);
#6472 = SURFACE_CURVE('',#6473,(#6477,#6484),.PCURVE_S1.);
#6473 = LINE('',#6474,#6475);
#6474 = CARTESIAN_POINT('',(140.18,26.96,6.2));
#6475 = VECTOR('',#6476,1.);
#6476 = DIRECTION('',(0.,1.,0.));
#6477 = PCURVE('',#6339,#6478);
#6478 = DEFINITIONAL_REPRESENTATION('',(#6479),#6483);
#6479 = LINE('',#6480,#6481);
#6480 = CARTESIAN_POINT('',(3.,0.));
#6481 = VECTOR('',#6482,1.);
#6482 = DIRECTION('',(0.,-1.));
#6483 = ( GEOMETRIC_REPRESENTATION_CONTEXT(2) 
PARAMETRIC_REPRESENTATION_CONTEXT() REPRESENTATION_CONTEXT('2D SPACE',''
  ) );
#6484 = PCURVE('',#6485,#6490);
#6485 = B_SPLINE_SURFACE_WITH_KNOTS('',1,1,(
    (#6486,#6487)
    ,(#6488,#6489
    )),.UNSPECIFIED.,.F.,.F.,.F.,(2,2),(2,2),(0.,98.08),(0.,1.),
  .PIECEWISE_BEZIER_KNOTS.);
#6486 = CARTESIAN_POINT('',(140.18,26.96,6.2));
#6487 = CARTESIAN_POINT('',(146.18,20.96,14.2));
#6488 = CARTESIAN_POINT('',(140.18,113.04,6.2));
#6489 = CARTESIAN_POINT('',(146.18,119.04,14.2));
#6490 = DEFINITIONAL_REPRESENTATION('',(#6491),#6494);
#6491 = B_SPLINE_CURVE_WITH_KNOTS('',1,(#6492,#6493),.UNSPECIFIED.,.F.,
  .F.,(2,2),(0.,86.08),.PIECEWISE_BEZIER_KNOTS.);
#6492 = CARTESIAN_POINT('',(0.,0.));
#6493 = CARTESIAN_POINT('',(98.08,0.));
#6494 = ( GEOMETRIC_REPRESENTATION_CONTEXT(2) 
PARAMETRIC_REPRESENTATION_CONTEXT() REPRESENTATION_CONTEXT('2D SPACE',''
  ) );
#6495 = ADVANCED_FACE('',(#6496),#6485,.F.);
#6496 = FACE_BOUND('',#6497,.F.);
#6497 = EDGE_LOOP('',(#6498,#6499,#6526,#6554));
#6498 = ORIENTED_EDGE('',*,*,#6471,.T.);
#6499 = ORIENTED_EDGE('',*,*,#6500,.T.);
#6500 = EDGE_CURVE('',#6449,#6501,#6503,.T.);
#6501 = VERTEX_POINT('',#6502);
#6502 = CARTESIAN_POINT('',(146.18,119.04,14.2));
#6503 = SURFACE_CURVE('',#6504,(#6507,#6514),.PCURVE_S1.);
#6504 = B_SPLINE_CURVE_WITH_KNOTS('',1,(#6505,#6506),.UNSPECIFIED.,.F.,
  .F.,(2,2),(0.,1.),.PIECEWISE_BEZIER_KNOTS.);
#6505 = CARTESIAN_POINT('',(140.18,113.04,6.2));
#6506 = CARTESIAN_POINT('',(146.18,119.04,14.2));
#6507 = PCURVE('',#6485,#6508);
#6508 = DEFINITIONAL_REPRESENTATION('',(#6509),#6513);
#6509 = LINE('',#6510,#6511);
#6510 = CARTESIAN_POINT('',(98.08,0.));
#6511 = VECTOR('',#6512,1.);
#6512 = DIRECTION('',(0.,1.));
#6513 = ( GEOMETRIC_REPRESENTATION_CONTEXT(2) 
PARAMETRIC_REPRESENTATION_CONTEXT() REPRESENTATION_CONTEXT('2D SPACE',''
  ) );
#6514 = PCURVE('',#6515,#6520);
#6515 = B_SPLINE_SURFACE_WITH_KNOTS('',1,1,(
    (#6516,#6517)
    ,(#6518,#6519
    )),.UNSPECIFIED.,.F.,.F.,.F.,(2,2),(2,2),(0.,140.36),(0.,1.),
  .PIECEWISE_BEZIER_KNOTS.);
#6516 = CARTESIAN_POINT('',(140.18,113.04,6.2));
#6517 = CARTESIAN_POINT('',(146.18,119.04,14.2));
#6518 = CARTESIAN_POINT('',(11.82,113.04,6.2));
#6519 = CARTESIAN_POINT('',(5.82,119.04,14.2));
#6520 = DEFINITIONAL_REPRESENTATION('',(#6521),#6525);
#6521 = LINE('',#6522,#6523);
#6522 = CARTESIAN_POINT('',(0.,0.));
#6523 = VECTOR('',#6524,1.);
#6524 = DIRECTION('',(0.,1.));
#6525 = ( GEOMETRIC_REPRESENTATION_CONTEXT(2) 
PARAMETRIC_REPRESENTATION_CONTEXT() REPRESENTATION_CONTEXT('2D SPACE',''
  ) );
#6526 = ORIENTED_EDGE('',*,*,#6527,.F.);
#6527 = EDGE_CURVE('',#6528,#6501,#6530,.T.);
#6528 = VERTEX_POINT('',#6529);
#6529 = CARTESIAN_POINT('',(146.18,20.96,14.2));
#6530 = SURFACE_CURVE('',#6531,(#6535,#6542),.PCURVE_S1.);
#6531 = LINE('',#6532,#6533);
#6532 = CARTESIAN_POINT('',(146.18,20.96,14.2));
#6533 = VECTOR('',#6534,1.);
#6534 = DIRECTION('',(0.,1.,0.));
#6535 = PCURVE('',#6485,#6536);
#6536 = DEFINITIONAL_REPRESENTATION('',(#6537),#6541);
#6537 = LINE('',#6538,#6539);
#6538 = CARTESIAN_POINT('',(0.,1.));
#6539 = VECTOR('',#6540,1.);
#6540 = DIRECTION('',(1.,0.));
#6541 = ( GEOMETRIC_REPRESENTATION_CONTEXT(2) 
PARAMETRIC_REPRESENTATION_CONTEXT() REPRESENTATION_CONTEXT('2D SPACE',''
  ) );
#6542 = PCURVE('',#6543,#6548);
#6543 = PLANE('',#6544);
#6544 = AXIS2_PLACEMENT_3D('',#6545,#6546,#6547);
#6545 = CARTESIAN_POINT('',(3.42,18.56,14.2));
#6546 = DIRECTION('',(0.,0.,-1.));
#6547 = DIRECTION('',(0.815869807299,0.578235641878,0.));
#6548 = DEFINITIONAL_REPRESENTATION('',(#6549),#6553);
#6549 = LINE('',#6550,#6551);
#6550 = CARTESIAN_POINT('',(117.86133923054,80.59083269692));
#6551 = VECTOR('',#6552,1.);
#6552 = DIRECTION('',(0.578235641878,-0.815869807299));
#6553 = ( GEOMETRIC_REPRESENTATION_CONTEXT(2) 
PARAMETRIC_REPRESENTATION_CONTEXT() REPRESENTATION_CONTEXT('2D SPACE',''
  ) );
#6554 = ORIENTED_EDGE('',*,*,#6555,.F.);
#6555 = EDGE_CURVE('',#6425,#6528,#6556,.T.);
#6556 = SURFACE_CURVE('',#6557,(#6560,#6567),.PCURVE_S1.);
#6557 = B_SPLINE_CURVE_WITH_KNOTS('',1,(#6558,#6559),.UNSPECIFIED.,.F.,
  .F.,(2,2),(0.,1.),.PIECEWISE_BEZIER_KNOTS.);
#6558 = CARTESIAN_POINT('',(140.18,26.96,6.2));
#6559 = CARTESIAN_POINT('',(146.18,20.96,14.2));
#6560 = PCURVE('',#6485,#6561);
#6561 = DEFINITIONAL_REPRESENTATION('',(#6562),#6566);
#6562 = LINE('',#6563,#6564);
#6563 = CARTESIAN_POINT('',(0.,0.));
#6564 = VECTOR('',#6565,1.);
#6565 = DIRECTION('',(0.,1.));
#6566 = ( GEOMETRIC_REPRESENTATION_CONTEXT(2) 
PARAMETRIC_REPRESENTATION_CONTEXT() REPRESENTATION_CONTEXT('2D SPACE',''
  ) );
#6567 = PCURVE('',#6568,#6573);
#6568 = B_SPLINE_SURFACE_WITH_KNOTS('',1,1,(
    (#6569,#6570)
    ,(#6571,#6572
    )),.UNSPECIFIED.,.F.,.F.,.F.,(2,2),(2,2),(0.,140.36),(0.,1.),
  .PIECEWISE_BEZIER_KNOTS.);
#6569 = CARTESIAN_POINT('',(11.82,26.96,6.2));
#6570 = CARTESIAN_POINT('',(5.82,20.96,14.2));
#6571 = CARTESIAN_POINT('',(140.18,26.96,6.2));
#6572 = CARTESIAN_POINT('',(146.18,20.96,14.2));
#6573 = DEFINITIONAL_REPRESENTATION('',(#6574),#6578);
#6574 = LINE('',#6575,#6576);
#6575 = CARTESIAN_POINT('',(140.36,0.));
#6576 = VECTOR('',#6577,1.);
#6577 = DIRECTION('',(0.,1.));
#6578 = ( GEOMETRIC_REPRESENTATION_CONTEXT(2) 
PARAMETRIC_REPRESENTATION_CONTEXT() REPRESENTATION_CONTEXT('2D SPACE',''
  ) );
#6579 = ADVANCED_FACE('',(#6580),#6568,.F.);
#6580 = FACE_BOUND('',#6581,.F.);
#6581 = EDGE_LOOP('',(#6582,#6604,#6605,#6628));
#6582 = ORIENTED_EDGE('',*,*,#6583,.T.);
#6583 = EDGE_CURVE('',#6584,#6425,#6586,.T.);
#6584 = VERTEX_POINT('',#6585);
#6585 = CARTESIAN_POINT('',(11.82,26.96,6.2));
#6586 = SURFACE_CURVE('',#6587,(#6591,#6597),.PCURVE_S1.);
#6587 = LINE('',#6588,#6589);
#6588 = CARTESIAN_POINT('',(11.82,26.96,6.2));
#6589 = VECTOR('',#6590,1.);
#6590 = DIRECTION('',(1.,0.,0.));
#6591 = PCURVE('',#6568,#6592);
#6592 = DEFINITIONAL_REPRESENTATION('',(#6593),#6596);
#6593 = B_SPLINE_CURVE_WITH_KNOTS('',1,(#6594,#6595),.UNSPECIFIED.,.F.,
  .F.,(2,2),(0.,128.36),.PIECEWISE_BEZIER_KNOTS.);
#6594 = CARTESIAN_POINT('',(0.,0.));
#6595 = CARTESIAN_POINT('',(140.36,0.));
#6596 = ( GEOMETRIC_REPRESENTATION_CONTEXT(2) 
PARAMETRIC_REPRESENTATION_CONTEXT() REPRESENTATION_CONTEXT('2D SPACE',''
  ) );
#6597 = PCURVE('',#6313,#6598);
#6598 = DEFINITIONAL_REPRESENTATION('',(#6599),#6603);
#6599 = LINE('',#6600,#6601);
#6600 = CARTESIAN_POINT('',(3.,0.));
#6601 = VECTOR('',#6602,1.);
#6602 = DIRECTION('',(0.,1.));
#6603 = ( GEOMETRIC_REPRESENTATION_CONTEXT(2) 
PARAMETRIC_REPRESENTATION_CONTEXT() REPRESENTATION_CONTEXT('2D SPACE',''
  ) );
#6604 = ORIENTED_EDGE('',*,*,#6555,.T.);
#6605 = ORIENTED_EDGE('',*,*,#6606,.F.);
#6606 = EDGE_CURVE('',#6607,#6528,#6609,.T.);
#6607 = VERTEX_POINT('',#6608);
#6608 = CARTESIAN_POINT('',(5.82,20.96,14.2));
#6609 = SURFACE_CURVE('',#6610,(#6614,#6621),.PCURVE_S1.);
#6610 = LINE('',#6611,#6612);
#6611 = CARTESIAN_POINT('',(5.82,20.96,14.2));
#6612 = VECTOR('',#6613,1.);
#6613 = DIRECTION('',(1.,0.,0.));
#6614 = PCURVE('',#6568,#6615);
#6615 = DEFINITIONAL_REPRESENTATION('',(#6616),#6620);
#6616 = LINE('',#6617,#6618);
#6617 = CARTESIAN_POINT('',(0.,1.));
#6618 = VECTOR('',#6619,1.);
#6619 = DIRECTION('',(1.,0.));
#6620 = ( GEOMETRIC_REPRESENTATION_CONTEXT(2) 
PARAMETRIC_REPRESENTATION_CONTEXT() REPRESENTATION_CONTEXT('2D SPACE',''
  ) );
#6621 = PCURVE('',#6543,#6622);
#6622 = DEFINITIONAL_REPRESENTATION('',(#6623),#6627);
#6623 = LINE('',#6624,#6625);
#6624 = CARTESIAN_POINT('',(3.345853078024,-0.570321997012));
#6625 = VECTOR('',#6626,1.);
#6626 = DIRECTION('',(0.815869807299,0.578235641878));
#6627 = ( GEOMETRIC_REPRESENTATION_CONTEXT(2) 
PARAMETRIC_REPRESENTATION_CONTEXT() REPRESENTATION_CONTEXT('2D SPACE',''
  ) );
#6628 = ORIENTED_EDGE('',*,*,#6629,.F.);
#6629 = EDGE_CURVE('',#6584,#6607,#6630,.T.);
#6630 = SURFACE_CURVE('',#6631,(#6634,#6641),.PCURVE_S1.);
#6631 = B_SPLINE_CURVE_WITH_KNOTS('',1,(#6632,#6633),.UNSPECIFIED.,.F.,
  .F.,(2,2),(0.,1.),.PIECEWISE_BEZIER_KNOTS.);
#6632 = CARTESIAN_POINT('',(11.82,26.96,6.2));
#6633 = CARTESIAN_POINT('',(5.82,20.96,14.2));
#6634 = PCURVE('',#6568,#6635);
#6635 = DEFINITIONAL_REPRESENTATION('',(#6636),#6640);
#6636 = LINE('',#6637,#6638);
#6637 = CARTESIAN_POINT('',(0.,0.));
#6638 = VECTOR('',#6639,1.);
#6639 = DIRECTION('',(0.,1.));
#6640 = ( GEOMETRIC_REPRESENTATION_CONTEXT(2) 
PARAMETRIC_REPRESENTATION_CONTEXT() REPRESENTATION_CONTEXT('2D SPACE',''
  ) );
#6641 = PCURVE('',#6642,#6647);
#6642 = B_SPLINE_SURFACE_WITH_KNOTS('',1,1,(
    (#6643,#6644)
    ,(#6645,#6646
    )),.UNSPECIFIED.,.F.,.F.,.F.,(2,2),(2,2),(0.,98.08),(0.,1.),
  .PIECEWISE_BEZIER_KNOTS.);
#6643 = CARTESIAN_POINT('',(11.82,113.04,6.2));
#6644 = CARTESIAN_POINT('',(5.82,119.04,14.2));
#6645 = CARTESIAN_POINT('',(11.82,26.96,6.2));
#6646 = CARTESIAN_POINT('',(5.82,20.96,14.2));
#6647 = DEFINITIONAL_REPRESENTATION('',(#6648),#6652);
#6648 = LINE('',#6649,#6650);
#6649 = CARTESIAN_POINT('',(98.08,0.));
#6650 = VECTOR('',#6651,1.);
#6651 = DIRECTION('',(0.,1.));
#6652 = ( GEOMETRIC_REPRESENTATION_CONTEXT(2) 
PARAMETRIC_REPRESENTATION_CONTEXT() REPRESENTATION_CONTEXT('2D SPACE',''
  ) );
#6653 = ADVANCED_FACE('',(#6654),#6642,.F.);
#6654 = FACE_BOUND('',#6655,.F.);
#6655 = EDGE_LOOP('',(#6656,#6678,#6679,#6702));
#6656 = ORIENTED_EDGE('',*,*,#6657,.T.);
#6657 = EDGE_CURVE('',#6658,#6584,#6660,.T.);
#6658 = VERTEX_POINT('',#6659);
#6659 = CARTESIAN_POINT('',(11.82,113.04,6.2));
#6660 = SURFACE_CURVE('',#6661,(#6665,#6671),.PCURVE_S1.);
#6661 = LINE('',#6662,#6663);
#6662 = CARTESIAN_POINT('',(11.82,113.04,6.2));
#6663 = VECTOR('',#6664,1.);
#6664 = DIRECTION('',(0.,-1.,0.));
#6665 = PCURVE('',#6642,#6666);
#6666 = DEFINITIONAL_REPRESENTATION('',(#6667),#6670);
#6667 = B_SPLINE_CURVE_WITH_KNOTS('',1,(#6668,#6669),.UNSPECIFIED.,.F.,
  .F.,(2,2),(0.,86.08),.PIECEWISE_BEZIER_KNOTS.);
#6668 = CARTESIAN_POINT('',(0.,0.));
#6669 = CARTESIAN_POINT('',(98.08,0.));
#6670 = ( GEOMETRIC_REPRESENTATION_CONTEXT(2) 
PARAMETRIC_REPRESENTATION_CONTEXT() REPRESENTATION_CONTEXT('2D SPACE',''
  ) );
#6671 = PCURVE('',#6285,#6672);
#6672 = DEFINITIONAL_REPRESENTATION('',(#6673),#6677);
#6673 = LINE('',#6674,#6675);
#6674 = CARTESIAN_POINT('',(3.,-86.08));
#6675 = VECTOR('',#6676,1.);
#6676 = DIRECTION('',(0.,1.));
#6677 = ( GEOMETRIC_REPRESENTATION_CONTEXT(2) 
PARAMETRIC_REPRESENTATION_CONTEXT() REPRESENTATION_CONTEXT('2D SPACE',''
  ) );
#6678 = ORIENTED_EDGE('',*,*,#6629,.T.);
#6679 = ORIENTED_EDGE('',*,*,#6680,.F.);
#6680 = EDGE_CURVE('',#6681,#6607,#6683,.T.);
#6681 = VERTEX_POINT('',#6682);
#6682 = CARTESIAN_POINT('',(5.82,119.04,14.2));
#6683 = SURFACE_CURVE('',#6684,(#6688,#6695),.PCURVE_S1.);
#6684 = LINE('',#6685,#6686);
#6685 = CARTESIAN_POINT('',(5.82,119.04,14.2));
#6686 = VECTOR('',#6687,1.);
#6687 = DIRECTION('',(0.,-1.,0.));
#6688 = PCURVE('',#6642,#6689);
#6689 = DEFINITIONAL_REPRESENTATION('',(#6690),#6694);
#6690 = LINE('',#6691,#6692);
#6691 = CARTESIAN_POINT('',(0.,1.));
#6692 = VECTOR('',#6693,1.);
#6693 = DIRECTION('',(1.,0.));
#6694 = ( GEOMETRIC_REPRESENTATION_CONTEXT(2) 
PARAMETRIC_REPRESENTATION_CONTEXT() REPRESENTATION_CONTEXT('2D SPACE',''
  ) );
#6695 = PCURVE('',#6543,#6696);
#6696 = DEFINITIONAL_REPRESENTATION('',(#6697),#6701);
#6697 = LINE('',#6698,#6699);
#6698 = CARTESIAN_POINT('',(60.059204833373,-80.59083269692));
#6699 = VECTOR('',#6700,1.);
#6700 = DIRECTION('',(-0.578235641878,0.815869807299));
#6701 = ( GEOMETRIC_REPRESENTATION_CONTEXT(2) 
PARAMETRIC_REPRESENTATION_CONTEXT() REPRESENTATION_CONTEXT('2D SPACE',''
  ) );
#6702 = ORIENTED_EDGE('',*,*,#6703,.F.);
#6703 = EDGE_CURVE('',#6658,#6681,#6704,.T.);
#6704 = SURFACE_CURVE('',#6705,(#6708,#6715),.PCURVE_S1.);
#6705 = B_SPLINE_CURVE_WITH_KNOTS('',1,(#6706,#6707),.UNSPECIFIED.,.F.,
  .F.,(2,2),(0.,1.),.PIECEWISE_BEZIER_KNOTS.);
#6706 = CARTESIAN_POINT('',(11.82,113.04,6.2));
#6707 = CARTESIAN_POINT('',(5.82,119.04,14.2));
#6708 = PCURVE('',#6642,#6709);
#6709 = DEFINITIONAL_REPRESENTATION('',(#6710),#6714);
#6710 = LINE('',#6711,#6712);
#6711 = CARTESIAN_POINT('',(0.,0.));
#6712 = VECTOR('',#6713,1.);
#6713 = DIRECTION('',(0.,1.));
#6714 = ( GEOMETRIC_REPRESENTATION_CONTEXT(2) 
PARAMETRIC_REPRESENTATION_CONTEXT() REPRESENTATION_CONTEXT('2D SPACE',''
  ) );
#6715 = PCURVE('',#6515,#6716);
#6716 = DEFINITIONAL_REPRESENTATION('',(#6717),#6721);
#6717 = LINE('',#6718,#6719);
#6718 = CARTESIAN_POINT('',(140.36,0.));
#6719 = VECTOR('',#6720,1.);
#6720 = DIRECTION('',(0.,1.));
#6721 = ( GEOMETRIC_REPRESENTATION_CONTEXT(2) 
PARAMETRIC_REPRESENTATION_CONTEXT() REPRESENTATION_CONTEXT('2D SPACE',''
  ) );
#6722 = ADVANCED_FACE('',(#6723,#6832),#6543,.F.);
#6723 = FACE_BOUND('',#6724,.F.);
#6724 = EDGE_LOOP('',(#6725,#6755,#6778,#6806));
#6725 = ORIENTED_EDGE('',*,*,#6726,.F.);
#6726 = EDGE_CURVE('',#6727,#6729,#6731,.T.);
#6727 = VERTEX_POINT('',#6728);
#6728 = CARTESIAN_POINT('',(3.42,18.56,14.2));
#6729 = VERTEX_POINT('',#6730);
#6730 = CARTESIAN_POINT('',(148.58,18.56,14.2));
#6731 = SURFACE_CURVE('',#6732,(#6736,#6743),.PCURVE_S1.);
#6732 = LINE('',#6733,#6734);
#6733 = CARTESIAN_POINT('',(3.42,18.56,14.2));
#6734 = VECTOR('',#6735,1.);
#6735 = DIRECTION('',(1.,0.,0.));
#6736 = PCURVE('',#6543,#6737);
#6737 = DEFINITIONAL_REPRESENTATION('',(#6738),#6742);
#6738 = LINE('',#6739,#6740);
#6739 = CARTESIAN_POINT('',(0.,0.));
#6740 = VECTOR('',#6741,1.);
#6741 = DIRECTION('',(0.815869807299,0.578235641878));
#6742 = ( GEOMETRIC_REPRESENTATION_CONTEXT(2) 
PARAMETRIC_REPRESENTATION_CONTEXT() REPRESENTATION_CONTEXT('2D SPACE',''
  ) );
#6743 = PCURVE('',#6744,#6749);
#6744 = B_SPLINE_SURFACE_WITH_KNOTS('',1,1,(
    (#6745,#6746)
    ,(#6747,#6748
    )),.UNSPECIFIED.,.F.,.F.,.F.,(2,2),(2,2),(0.,145.16),(0.,1.),
  .PIECEWISE_BEZIER_KNOTS.);
#6745 = CARTESIAN_POINT('',(9.42,24.56,6.2));
#6746 = CARTESIAN_POINT('',(3.42,18.56,14.2));
#6747 = CARTESIAN_POINT('',(142.58,24.56,6.2));
#6748 = CARTESIAN_POINT('',(148.58,18.56,14.2));
#6749 = DEFINITIONAL_REPRESENTATION('',(#6750),#6754);
#6750 = LINE('',#6751,#6752);
#6751 = CARTESIAN_POINT('',(0.,1.));
#6752 = VECTOR('',#6753,1.);
#6753 = DIRECTION('',(1.,0.));
#6754 = ( GEOMETRIC_REPRESENTATION_CONTEXT(2) 
PARAMETRIC_REPRESENTATION_CONTEXT() REPRESENTATION_CONTEXT('2D SPACE',''
  ) );
#6755 = ORIENTED_EDGE('',*,*,#6756,.F.);
#6756 = EDGE_CURVE('',#6757,#6727,#6759,.T.);
#6757 = VERTEX_POINT('',#6758);
#6758 = CARTESIAN_POINT('',(3.42,121.44,14.2));
#6759 = SURFACE_CURVE('',#6760,(#6764,#6771),.PCURVE_S1.);
#6760 = LINE('',#6761,#6762);
#6761 = CARTESIAN_POINT('',(3.42,121.44,14.2));
#6762 = VECTOR('',#6763,1.);
#6763 = DIRECTION('',(0.,-1.,0.));
#6764 = PCURVE('',#6543,#6765);
#6765 = DEFINITIONAL_REPRESENTATION('',(#6766),#6770);
#6766 = LINE('',#6767,#6768);
#6767 = CARTESIAN_POINT('',(59.488882836361,-83.93668577494));
#6768 = VECTOR('',#6769,1.);
#6769 = DIRECTION('',(-0.578235641878,0.815869807299));
#6770 = ( GEOMETRIC_REPRESENTATION_CONTEXT(2) 
PARAMETRIC_REPRESENTATION_CONTEXT() REPRESENTATION_CONTEXT('2D SPACE',''
  ) );
#6771 = PCURVE('',#148,#6772);
#6772 = DEFINITIONAL_REPRESENTATION('',(#6773),#6777);
#6773 = LINE('',#6774,#6775);
#6774 = CARTESIAN_POINT('',(0.,1.));
#6775 = VECTOR('',#6776,1.);
#6776 = DIRECTION('',(1.,0.));
#6777 = ( GEOMETRIC_REPRESENTATION_CONTEXT(2) 
PARAMETRIC_REPRESENTATION_CONTEXT() REPRESENTATION_CONTEXT('2D SPACE',''
  ) );
#6778 = ORIENTED_EDGE('',*,*,#6779,.F.);
#6779 = EDGE_CURVE('',#6780,#6757,#6782,.T.);
#6780 = VERTEX_POINT('',#6781);
#6781 = CARTESIAN_POINT('',(148.58,121.44,14.2));
#6782 = SURFACE_CURVE('',#6783,(#6787,#6794),.PCURVE_S1.);
#6783 = LINE('',#6784,#6785);
#6784 = CARTESIAN_POINT('',(148.58,121.44,14.2));
#6785 = VECTOR('',#6786,1.);
#6786 = DIRECTION('',(-1.,0.,0.));
#6787 = PCURVE('',#6543,#6788);
#6788 = DEFINITIONAL_REPRESENTATION('',(#6789),#6793);
#6789 = LINE('',#6790,#6791);
#6790 = CARTESIAN_POINT('',(177.92054406391,-1.42108547152E-14));
#6791 = VECTOR('',#6792,1.);
#6792 = DIRECTION('',(-0.815869807299,-0.578235641878));
#6793 = ( GEOMETRIC_REPRESENTATION_CONTEXT(2) 
PARAMETRIC_REPRESENTATION_CONTEXT() REPRESENTATION_CONTEXT('2D SPACE',''
  ) );
#6794 = PCURVE('',#6795,#6800);
#6795 = B_SPLINE_SURFACE_WITH_KNOTS('',1,1,(
    (#6796,#6797)
    ,(#6798,#6799
    )),.UNSPECIFIED.,.F.,.F.,.F.,(2,2),(2,2),(0.,145.16),(0.,1.),
  .PIECEWISE_BEZIER_KNOTS.);
#6796 = CARTESIAN_POINT('',(142.58,115.44,6.2));
#6797 = CARTESIAN_POINT('',(148.58,121.44,14.2));
#6798 = CARTESIAN_POINT('',(9.42,115.44,6.2));
#6799 = CARTESIAN_POINT('',(3.42,121.44,14.2));
#6800 = DEFINITIONAL_REPRESENTATION('',(#6801),#6805);
#6801 = LINE('',#6802,#6803);
#6802 = CARTESIAN_POINT('',(0.,1.));
#6803 = VECTOR('',#6804,1.);
#6804 = DIRECTION('',(1.,0.));
#6805 = ( GEOMETRIC_REPRESENTATION_CONTEXT(2) 
PARAMETRIC_REPRESENTATION_CONTEXT() REPRESENTATION_CONTEXT('2D SPACE',''
  ) );
#6806 = ORIENTED_EDGE('',*,*,#6807,.F.);
#6807 = EDGE_CURVE('',#6729,#6780,#6808,.T.);
#6808 = SURFACE_CURVE('',#6809,(#6813,#6820),.PCURVE_S1.);
#6809 = LINE('',#6810,#6811);
#6810 = CARTESIAN_POINT('',(148.58,18.56,14.2));
#6811 = VECTOR('',#6812,1.);
#6812 = DIRECTION('',(0.,1.,0.));
#6813 = PCURVE('',#6543,#6814);
#6814 = DEFINITIONAL_REPRESENTATION('',(#6815),#6819);
#6815 = LINE('',#6816,#6817);
#6816 = CARTESIAN_POINT('',(118.43166122755,83.936685774944));
#6817 = VECTOR('',#6818,1.);
#6818 = DIRECTION('',(0.578235641878,-0.815869807299));
#6819 = ( GEOMETRIC_REPRESENTATION_CONTEXT(2) 
PARAMETRIC_REPRESENTATION_CONTEXT() REPRESENTATION_CONTEXT('2D SPACE',''
  ) );
#6820 = PCURVE('',#6821,#6826);
#6821 = B_SPLINE_SURFACE_WITH_KNOTS('',1,1,(
    (#6822,#6823)
    ,(#6824,#6825
    )),.UNSPECIFIED.,.F.,.F.,.F.,(2,2),(2,2),(0.,102.88),(0.,1.),
  .PIECEWISE_BEZIER_KNOTS.);
#6822 = CARTESIAN_POINT('',(142.58,24.56,6.2));
#6823 = CARTESIAN_POINT('',(148.58,18.56,14.2));
#6824 = CARTESIAN_POINT('',(142.58,115.44,6.2));
#6825 = CARTESIAN_POINT('',(148.58,121.44,14.2));
#6826 = DEFINITIONAL_REPRESENTATION('',(#6827),#6831);
#6827 = LINE('',#6828,#6829);
#6828 = CARTESIAN_POINT('',(0.,1.));
#6829 = VECTOR('',#6830,1.);
#6830 = DIRECTION('',(1.,0.));
#6831 = ( GEOMETRIC_REPRESENTATION_CONTEXT(2) 
PARAMETRIC_REPRESENTATION_CONTEXT() REPRESENTATION_CONTEXT('2D SPACE',''
  ) );
#6832 = FACE_BOUND('',#6833,.F.);
#6833 = EDGE_LOOP('',(#6834,#6835,#6836,#6837));
#6834 = ORIENTED_EDGE('',*,*,#6680,.T.);
#6835 = ORIENTED_EDGE('',*,*,#6606,.T.);
#6836 = ORIENTED_EDGE('',*,*,#6527,.T.);
#6837 = ORIENTED_EDGE('',*,*,#6838,.T.);
#6838 = EDGE_CURVE('',#6501,#6681,#6839,.T.);
#6839 = SURFACE_CURVE('',#6840,(#6844,#6851),.PCURVE_S1.);
#6840 = LINE('',#6841,#6842);
#6841 = CARTESIAN_POINT('',(146.18,119.04,14.2));
#6842 = VECTOR('',#6843,1.);
#6843 = DIRECTION('',(-1.,0.,0.));
#6844 = PCURVE('',#6543,#6845);
#6845 = DEFINITIONAL_REPRESENTATION('',(#6846),#6850);
#6846 = LINE('',#6847,#6848);
#6847 = CARTESIAN_POINT('',(174.57469098589,0.570321997012));
#6848 = VECTOR('',#6849,1.);
#6849 = DIRECTION('',(-0.815869807299,-0.578235641878));
#6850 = ( GEOMETRIC_REPRESENTATION_CONTEXT(2) 
PARAMETRIC_REPRESENTATION_CONTEXT() REPRESENTATION_CONTEXT('2D SPACE',''
  ) );
#6851 = PCURVE('',#6515,#6852);
#6852 = DEFINITIONAL_REPRESENTATION('',(#6853),#6857);
#6853 = LINE('',#6854,#6855);
#6854 = CARTESIAN_POINT('',(0.,1.));
#6855 = VECTOR('',#6856,1.);
#6856 = DIRECTION('',(1.,0.));
#6857 = ( GEOMETRIC_REPRESENTATION_CONTEXT(2) 
PARAMETRIC_REPRESENTATION_CONTEXT() REPRESENTATION_CONTEXT('2D SPACE',''
  ) );
#6858 = ADVANCED_FACE('',(#6859),#6795,.T.);
#6859 = FACE_BOUND('',#6860,.T.);
#6860 = EDGE_LOOP('',(#6861,#6883,#6903,#6904));
#6861 = ORIENTED_EDGE('',*,*,#6862,.F.);
#6862 = EDGE_CURVE('',#107,#6863,#6865,.T.);
#6863 = VERTEX_POINT('',#6864);
#6864 = CARTESIAN_POINT('',(142.58,115.44,6.2));
#6865 = SURFACE_CURVE('',#6866,(#6870,#6876),.PCURVE_S1.);
#6866 = LINE('',#6867,#6868);
#6867 = CARTESIAN_POINT('',(9.42,115.44,6.2));
#6868 = VECTOR('',#6869,1.);
#6869 = DIRECTION('',(1.,0.,-0.));
#6870 = PCURVE('',#6795,#6871);
#6871 = DEFINITIONAL_REPRESENTATION('',(#6872),#6875);
#6872 = B_SPLINE_CURVE_WITH_KNOTS('',1,(#6873,#6874),.UNSPECIFIED.,.F.,
  .F.,(2,2),(0.,133.16),.PIECEWISE_BEZIER_KNOTS.);
#6873 = CARTESIAN_POINT('',(145.16,0.));
#6874 = CARTESIAN_POINT('',(0.,0.));
#6875 = ( GEOMETRIC_REPRESENTATION_CONTEXT(2) 
PARAMETRIC_REPRESENTATION_CONTEXT() REPRESENTATION_CONTEXT('2D SPACE',''
  ) );
#6876 = PCURVE('',#122,#6877);
#6877 = DEFINITIONAL_REPRESENTATION('',(#6878),#6882);
#6878 = LINE('',#6879,#6880);
#6879 = CARTESIAN_POINT('',(6.2,0.));
#6880 = VECTOR('',#6881,1.);
#6881 = DIRECTION('',(0.,1.));
#6882 = ( GEOMETRIC_REPRESENTATION_CONTEXT(2) 
PARAMETRIC_REPRESENTATION_CONTEXT() REPRESENTATION_CONTEXT('2D SPACE',''
  ) );
#6883 = ORIENTED_EDGE('',*,*,#6884,.T.);
#6884 = EDGE_CURVE('',#107,#6757,#6885,.T.);
#6885 = SURFACE_CURVE('',#6886,(#6889,#6896),.PCURVE_S1.);
#6886 = B_SPLINE_CURVE_WITH_KNOTS('',1,(#6887,#6888),.UNSPECIFIED.,.F.,
  .F.,(2,2),(0.,1.),.PIECEWISE_BEZIER_KNOTS.);
#6887 = CARTESIAN_POINT('',(9.42,115.44,6.2));
#6888 = CARTESIAN_POINT('',(3.42,121.44,14.2));
#6889 = PCURVE('',#6795,#6890);
#6890 = DEFINITIONAL_REPRESENTATION('',(#6891),#6895);
#6891 = LINE('',#6892,#6893);
#6892 = CARTESIAN_POINT('',(145.16,0.));
#6893 = VECTOR('',#6894,1.);
#6894 = DIRECTION('',(0.,1.));
#6895 = ( GEOMETRIC_REPRESENTATION_CONTEXT(2) 
PARAMETRIC_REPRESENTATION_CONTEXT() REPRESENTATION_CONTEXT('2D SPACE',''
  ) );
#6896 = PCURVE('',#148,#6897);
#6897 = DEFINITIONAL_REPRESENTATION('',(#6898),#6902);
#6898 = LINE('',#6899,#6900);
#6899 = CARTESIAN_POINT('',(0.,0.));
#6900 = VECTOR('',#6901,1.);
#6901 = DIRECTION('',(0.,1.));
#6902 = ( GEOMETRIC_REPRESENTATION_CONTEXT(2) 
PARAMETRIC_REPRESENTATION_CONTEXT() REPRESENTATION_CONTEXT('2D SPACE',''
  ) );
#6903 = ORIENTED_EDGE('',*,*,#6779,.F.);
#6904 = ORIENTED_EDGE('',*,*,#6905,.F.);
#6905 = EDGE_CURVE('',#6863,#6780,#6906,.T.);
#6906 = SURFACE_CURVE('',#6907,(#6910,#6917),.PCURVE_S1.);
#6907 = B_SPLINE_CURVE_WITH_KNOTS('',1,(#6908,#6909),.UNSPECIFIED.,.F.,
  .F.,(2,2),(0.,1.),.PIECEWISE_BEZIER_KNOTS.);
#6908 = CARTESIAN_POINT('',(142.58,115.44,6.2));
#6909 = CARTESIAN_POINT('',(148.58,121.44,14.2));
#6910 = PCURVE('',#6795,#6911);
#6911 = DEFINITIONAL_REPRESENTATION('',(#6912),#6916);
#6912 = LINE('',#6913,#6914);
#6913 = CARTESIAN_POINT('',(0.,0.));
#6914 = VECTOR('',#6915,1.);
#6915 = DIRECTION('',(0.,1.));
#6916 = ( GEOMETRIC_REPRESENTATION_CONTEXT(2) 
PARAMETRIC_REPRESENTATION_CONTEXT() REPRESENTATION_CONTEXT('2D SPACE',''
  ) );
#6917 = PCURVE('',#6821,#6918);
#6918 = DEFINITIONAL_REPRESENTATION('',(#6919),#6923);
#6919 = LINE('',#6920,#6921);
#6920 = CARTESIAN_POINT('',(102.88,0.));
#6921 = VECTOR('',#6922,1.);
#6922 = DIRECTION('',(0.,1.));
#6923 = ( GEOMETRIC_REPRESENTATION_CONTEXT(2) 
PARAMETRIC_REPRESENTATION_CONTEXT() REPRESENTATION_CONTEXT('2D SPACE',''
  ) );
#6924 = ADVANCED_FACE('',(#6925),#6821,.T.);
#6925 = FACE_BOUND('',#6926,.T.);
#6926 = EDGE_LOOP('',(#6927,#6949,#6950,#6951));
#6927 = ORIENTED_EDGE('',*,*,#6928,.T.);
#6928 = EDGE_CURVE('',#6929,#6863,#6931,.T.);
#6929 = VERTEX_POINT('',#6930);
#6930 = CARTESIAN_POINT('',(142.58,24.56,6.2));
#6931 = SURFACE_CURVE('',#6932,(#6936,#6942),.PCURVE_S1.);
#6932 = LINE('',#6933,#6934);
#6933 = CARTESIAN_POINT('',(142.58,24.56,6.2));
#6934 = VECTOR('',#6935,1.);
#6935 = DIRECTION('',(-0.,1.,0.));
#6936 = PCURVE('',#6821,#6937);
#6937 = DEFINITIONAL_REPRESENTATION('',(#6938),#6941);
#6938 = B_SPLINE_CURVE_WITH_KNOTS('',1,(#6939,#6940),.UNSPECIFIED.,.F.,
  .F.,(2,2),(0.,90.88),.PIECEWISE_BEZIER_KNOTS.);
#6939 = CARTESIAN_POINT('',(0.,0.));
#6940 = CARTESIAN_POINT('',(102.88,0.));
#6941 = ( GEOMETRIC_REPRESENTATION_CONTEXT(2) 
PARAMETRIC_REPRESENTATION_CONTEXT() REPRESENTATION_CONTEXT('2D SPACE',''
  ) );
#6942 = PCURVE('',#927,#6943);
#6943 = DEFINITIONAL_REPRESENTATION('',(#6944),#6948);
#6944 = LINE('',#6945,#6946);
#6945 = CARTESIAN_POINT('',(6.2,0.));
#6946 = VECTOR('',#6947,1.);
#6947 = DIRECTION('',(0.,-1.));
#6948 = ( GEOMETRIC_REPRESENTATION_CONTEXT(2) 
PARAMETRIC_REPRESENTATION_CONTEXT() REPRESENTATION_CONTEXT('2D SPACE',''
  ) );
#6949 = ORIENTED_EDGE('',*,*,#6905,.T.);
#6950 = ORIENTED_EDGE('',*,*,#6807,.F.);
#6951 = ORIENTED_EDGE('',*,*,#6952,.F.);
#6952 = EDGE_CURVE('',#6929,#6729,#6953,.T.);
#6953 = SURFACE_CURVE('',#6954,(#6957,#6964),.PCURVE_S1.);
#6954 = B_SPLINE_CURVE_WITH_KNOTS('',1,(#6955,#6956),.UNSPECIFIED.,.F.,
  .F.,(2,2),(0.,1.),.PIECEWISE_BEZIER_KNOTS.);
#6955 = CARTESIAN_POINT('',(142.58,24.56,6.2));
#6956 = CARTESIAN_POINT('',(148.58,18.56,14.2));
#6957 = PCURVE('',#6821,#6958);
#6958 = DEFINITIONAL_REPRESENTATION('',(#6959),#6963);
#6959 = LINE('',#6960,#6961);
#6960 = CARTESIAN_POINT('',(0.,0.));
#6961 = VECTOR('',#6962,1.);
#6962 = DIRECTION('',(0.,1.));
#6963 = ( GEOMETRIC_REPRESENTATION_CONTEXT(2) 
PARAMETRIC_REPRESENTATION_CONTEXT() REPRESENTATION_CONTEXT('2D SPACE',''
  ) );
#6964 = PCURVE('',#6744,#6965);
#6965 = DEFINITIONAL_REPRESENTATION('',(#6966),#6970);
#6966 = LINE('',#6967,#6968);
#6967 = CARTESIAN_POINT('',(145.16,0.));
#6968 = VECTOR('',#6969,1.);
#6969 = DIRECTION('',(0.,1.));
#6970 = ( GEOMETRIC_REPRESENTATION_CONTEXT(2) 
PARAMETRIC_REPRESENTATION_CONTEXT() REPRESENTATION_CONTEXT('2D SPACE',''
  ) );
#6971 = ADVANCED_FACE('',(#6972),#6744,.T.);
#6972 = FACE_BOUND('',#6973,.T.);
#6973 = EDGE_LOOP('',(#6974,#6994,#6995,#6996));
#6974 = ORIENTED_EDGE('',*,*,#6975,.T.);
#6975 = EDGE_CURVE('',#46,#6929,#6976,.T.);
#6976 = SURFACE_CURVE('',#6977,(#6981,#6987),.PCURVE_S1.);
#6977 = LINE('',#6978,#6979);
#6978 = CARTESIAN_POINT('',(9.42,24.56,6.2));
#6979 = VECTOR('',#6980,1.);
#6980 = DIRECTION('',(1.,0.,-0.));
#6981 = PCURVE('',#6744,#6982);
#6982 = DEFINITIONAL_REPRESENTATION('',(#6983),#6986);
#6983 = B_SPLINE_CURVE_WITH_KNOTS('',1,(#6984,#6985),.UNSPECIFIED.,.F.,
  .F.,(2,2),(0.,133.16),.PIECEWISE_BEZIER_KNOTS.);
#6984 = CARTESIAN_POINT('',(0.,0.));
#6985 = CARTESIAN_POINT('',(145.16,0.));
#6986 = ( GEOMETRIC_REPRESENTATION_CONTEXT(2) 
PARAMETRIC_REPRESENTATION_CONTEXT() REPRESENTATION_CONTEXT('2D SPACE',''
  ) );
#6987 = PCURVE('',#66,#6988);
#6988 = DEFINITIONAL_REPRESENTATION('',(#6989),#6993);
#6989 = LINE('',#6990,#6991);
#6990 = CARTESIAN_POINT('',(6.2,0.));
#6991 = VECTOR('',#6992,1.);
#6992 = DIRECTION('',(0.,1.));
#6993 = ( GEOMETRIC_REPRESENTATION_CONTEXT(2) 
PARAMETRIC_REPRESENTATION_CONTEXT() REPRESENTATION_CONTEXT('2D SPACE',''
  ) );
#6994 = ORIENTED_EDGE('',*,*,#6952,.T.);
#6995 = ORIENTED_EDGE('',*,*,#6726,.F.);
#6996 = ORIENTED_EDGE('',*,*,#6997,.F.);
#6997 = EDGE_CURVE('',#46,#6727,#6998,.T.);
#6998 = SURFACE_CURVE('',#6999,(#7002,#7009),.PCURVE_S1.);
#6999 = B_SPLINE_CURVE_WITH_KNOTS('',1,(#7000,#7001),.UNSPECIFIED.,.F.,
  .F.,(2,2),(0.,1.),.PIECEWISE_BEZIER_KNOTS.);
#7000 = CARTESIAN_POINT('',(9.42,24.56,6.2));
#7001 = CARTESIAN_POINT('',(3.42,18.56,14.2));
#7002 = PCURVE('',#6744,#7003);
#7003 = DEFINITIONAL_REPRESENTATION('',(#7004),#7008);
#7004 = LINE('',#7005,#7006);
#7005 = CARTESIAN_POINT('',(0.,0.));
#7006 = VECTOR('',#7007,1.);
#7007 = DIRECTION('',(0.,1.));
#7008 = ( GEOMETRIC_REPRESENTATION_CONTEXT(2) 
PARAMETRIC_REPRESENTATION_CONTEXT() REPRESENTATION_CONTEXT('2D SPACE',''
  ) );
#7009 = PCURVE('',#148,#7010);
#7010 = DEFINITIONAL_REPRESENTATION('',(#7011),#7015);
#7011 = LINE('',#7012,#7013);
#7012 = CARTESIAN_POINT('',(102.88,0.));
#7013 = VECTOR('',#7014,1.);
#7014 = DIRECTION('',(0.,1.));
#7015 = ( GEOMETRIC_REPRESENTATION_CONTEXT(2) 
PARAMETRIC_REPRESENTATION_CONTEXT() REPRESENTATION_CONTEXT('2D SPACE',''
  ) );
#7016 = ADVANCED_FACE('',(#7017),#6515,.F.);
#7017 = FACE_BOUND('',#7018,.F.);
#7018 = EDGE_LOOP('',(#7019,#7039,#7040,#7041));
#7019 = ORIENTED_EDGE('',*,*,#7020,.T.);
#7020 = EDGE_CURVE('',#6449,#6658,#7021,.T.);
#7021 = SURFACE_CURVE('',#7022,(#7026,#7032),.PCURVE_S1.);
#7022 = LINE('',#7023,#7024);
#7023 = CARTESIAN_POINT('',(140.18,113.04,6.2));
#7024 = VECTOR('',#7025,1.);
#7025 = DIRECTION('',(-1.,0.,0.));
#7026 = PCURVE('',#6515,#7027);
#7027 = DEFINITIONAL_REPRESENTATION('',(#7028),#7031);
#7028 = B_SPLINE_CURVE_WITH_KNOTS('',1,(#7029,#7030),.UNSPECIFIED.,.F.,
  .F.,(2,2),(0.,128.36),.PIECEWISE_BEZIER_KNOTS.);
#7029 = CARTESIAN_POINT('',(0.,0.));
#7030 = CARTESIAN_POINT('',(140.36,0.));
#7031 = ( GEOMETRIC_REPRESENTATION_CONTEXT(2) 
PARAMETRIC_REPRESENTATION_CONTEXT() REPRESENTATION_CONTEXT('2D SPACE',''
  ) );
#7032 = PCURVE('',#6257,#7033);
#7033 = DEFINITIONAL_REPRESENTATION('',(#7034),#7038);
#7034 = LINE('',#7035,#7036);
#7035 = CARTESIAN_POINT('',(3.,128.36));
#7036 = VECTOR('',#7037,1.);
#7037 = DIRECTION('',(0.,-1.));
#7038 = ( GEOMETRIC_REPRESENTATION_CONTEXT(2) 
PARAMETRIC_REPRESENTATION_CONTEXT() REPRESENTATION_CONTEXT('2D SPACE',''
  ) );
#7039 = ORIENTED_EDGE('',*,*,#6703,.T.);
#7040 = ORIENTED_EDGE('',*,*,#6838,.F.);
#7041 = ORIENTED_EDGE('',*,*,#6500,.F.);
#7042 = ADVANCED_FACE('',(#7043),#6313,.T.);
#7043 = FACE_BOUND('',#7044,.T.);
#7044 = EDGE_LOOP('',(#7045,#7046,#7047,#7068));
#7045 = ORIENTED_EDGE('',*,*,#6424,.F.);
#7046 = ORIENTED_EDGE('',*,*,#6297,.F.);
#7047 = ORIENTED_EDGE('',*,*,#7048,.T.);
#7048 = EDGE_CURVE('',#6270,#6584,#7049,.T.);
#7049 = SURFACE_CURVE('',#7050,(#7054,#7061),.PCURVE_S1.);
#7050 = LINE('',#7051,#7052);
#7051 = CARTESIAN_POINT('',(11.82,26.96,3.2));
#7052 = VECTOR('',#7053,1.);
#7053 = DIRECTION('',(0.,0.,1.));
#7054 = PCURVE('',#6313,#7055);
#7055 = DEFINITIONAL_REPRESENTATION('',(#7056),#7060);
#7056 = LINE('',#7057,#7058);
#7057 = CARTESIAN_POINT('',(0.,0.));
#7058 = VECTOR('',#7059,1.);
#7059 = DIRECTION('',(1.,0.));
#7060 = ( GEOMETRIC_REPRESENTATION_CONTEXT(2) 
PARAMETRIC_REPRESENTATION_CONTEXT() REPRESENTATION_CONTEXT('2D SPACE',''
  ) );
#7061 = PCURVE('',#6285,#7062);
#7062 = DEFINITIONAL_REPRESENTATION('',(#7063),#7067);
#7063 = LINE('',#7064,#7065);
#7064 = CARTESIAN_POINT('',(0.,0.));
#7065 = VECTOR('',#7066,1.);
#7066 = DIRECTION('',(1.,0.));
#7067 = ( GEOMETRIC_REPRESENTATION_CONTEXT(2) 
PARAMETRIC_REPRESENTATION_CONTEXT() REPRESENTATION_CONTEXT('2D SPACE',''
  ) );
#7068 = ORIENTED_EDGE('',*,*,#6583,.T.);
#7069 = ADVANCED_FACE('',(#7070),#6285,.T.);
#7070 = FACE_BOUND('',#7071,.T.);
#7071 = EDGE_LOOP('',(#7072,#7073,#7074,#7095));
#7072 = ORIENTED_EDGE('',*,*,#7048,.F.);
#7073 = ORIENTED_EDGE('',*,*,#6269,.T.);
#7074 = ORIENTED_EDGE('',*,*,#7075,.T.);
#7075 = EDGE_CURVE('',#6242,#6658,#7076,.T.);
#7076 = SURFACE_CURVE('',#7077,(#7081,#7088),.PCURVE_S1.);
#7077 = LINE('',#7078,#7079);
#7078 = CARTESIAN_POINT('',(11.82,113.04,3.2));
#7079 = VECTOR('',#7080,1.);
#7080 = DIRECTION('',(0.,0.,1.));
#7081 = PCURVE('',#6285,#7082);
#7082 = DEFINITIONAL_REPRESENTATION('',(#7083),#7087);
#7083 = LINE('',#7084,#7085);
#7084 = CARTESIAN_POINT('',(0.,-86.08));
#7085 = VECTOR('',#7086,1.);
#7086 = DIRECTION('',(1.,0.));
#7087 = ( GEOMETRIC_REPRESENTATION_CONTEXT(2) 
PARAMETRIC_REPRESENTATION_CONTEXT() REPRESENTATION_CONTEXT('2D SPACE',''
  ) );
#7088 = PCURVE('',#6257,#7089);
#7089 = DEFINITIONAL_REPRESENTATION('',(#7090),#7094);
#7090 = LINE('',#7091,#7092);
#7091 = CARTESIAN_POINT('',(0.,0.));
#7092 = VECTOR('',#7093,1.);
#7093 = DIRECTION('',(1.,0.));
#7094 = ( GEOMETRIC_REPRESENTATION_CONTEXT(2) 
PARAMETRIC_REPRESENTATION_CONTEXT() REPRESENTATION_CONTEXT('2D SPACE',''
  ) );
#7095 = ORIENTED_EDGE('',*,*,#6657,.T.);
#7096 = ADVANCED_FACE('',(#7097),#6257,.F.);
#7097 = FACE_BOUND('',#7098,.F.);
#7098 = EDGE_LOOP('',(#7099,#7100,#7101,#7102));
#7099 = ORIENTED_EDGE('',*,*,#6448,.F.);
#7100 = ORIENTED_EDGE('',*,*,#6239,.T.);
#7101 = ORIENTED_EDGE('',*,*,#7075,.T.);
#7102 = ORIENTED_EDGE('',*,*,#7020,.F.);
#7103 = ADVANCED_FACE('',(#7104),#1508,.F.);
#7104 = FACE_BOUND('',#7105,.F.);
#7105 = EDGE_LOOP('',(#7106,#7107,#7108,#7127));
#7106 = ORIENTED_EDGE('',*,*,#6187,.F.);
#7107 = ORIENTED_EDGE('',*,*,#1492,.T.);
#7108 = ORIENTED_EDGE('',*,*,#7109,.F.);
#7109 = EDGE_CURVE('',#6377,#1465,#7110,.T.);
#7110 = SURFACE_CURVE('',#7111,(#7115,#7121),.PCURVE_S1.);
#7111 = LINE('',#7112,#7113);
#7112 = CARTESIAN_POINT('',(19.,108.74,-0.5));
#7113 = VECTOR('',#7114,1.);
#7114 = DIRECTION('',(-0.,0.,-1.));
#7115 = PCURVE('',#1508,#7116);
#7116 = DEFINITIONAL_REPRESENTATION('',(#7117),#7120);
#7117 = B_SPLINE_CURVE_WITH_KNOTS('',1,(#7118,#7119),.UNSPECIFIED.,.F.,
  .F.,(2,2),(-3.7,-0.5),.PIECEWISE_BEZIER_KNOTS.);
#7118 = CARTESIAN_POINT('',(4.2,2.88));
#7119 = CARTESIAN_POINT('',(1.,2.88));
#7120 = ( GEOMETRIC_REPRESENTATION_CONTEXT(2) 
PARAMETRIC_REPRESENTATION_CONTEXT() REPRESENTATION_CONTEXT('2D SPACE',''
  ) );
#7121 = PCURVE('',#1480,#7122);
#7122 = DEFINITIONAL_REPRESENTATION('',(#7123),#7126);
#7123 = B_SPLINE_CURVE_WITH_KNOTS('',1,(#7124,#7125),.UNSPECIFIED.,.F.,
  .F.,(2,2),(-3.7,-0.5),.PIECEWISE_BEZIER_KNOTS.);
#7124 = CARTESIAN_POINT('',(3.2,-90.74));
#7125 = CARTESIAN_POINT('',(0.,-90.74));
#7126 = ( GEOMETRIC_REPRESENTATION_CONTEXT(2) 
PARAMETRIC_REPRESENTATION_CONTEXT() REPRESENTATION_CONTEXT('2D SPACE',''
  ) );
#7127 = ORIENTED_EDGE('',*,*,#6399,.T.);
#7128 = ADVANCED_FACE('',(#7129),#1480,.T.);
#7129 = FACE_BOUND('',#7130,.T.);
#7130 = EDGE_LOOP('',(#7131,#7150,#7151,#7152));
#7131 = ORIENTED_EDGE('',*,*,#7132,.T.);
#7132 = EDGE_CURVE('',#6354,#1438,#7133,.T.);
#7133 = SURFACE_CURVE('',#7134,(#7138,#7144),.PCURVE_S1.);
#7134 = LINE('',#7135,#7136);
#7135 = CARTESIAN_POINT('',(19.,31.26,-0.5));
#7136 = VECTOR('',#7137,1.);
#7137 = DIRECTION('',(-0.,0.,-1.));
#7138 = PCURVE('',#1480,#7139);
#7139 = DEFINITIONAL_REPRESENTATION('',(#7140),#7143);
#7140 = B_SPLINE_CURVE_WITH_KNOTS('',1,(#7141,#7142),.UNSPECIFIED.,.F.,
  .F.,(2,2),(-3.7,-0.5),.PIECEWISE_BEZIER_KNOTS.);
#7141 = CARTESIAN_POINT('',(3.2,-13.26));
#7142 = CARTESIAN_POINT('',(0.,-13.26));
#7143 = ( GEOMETRIC_REPRESENTATION_CONTEXT(2) 
PARAMETRIC_REPRESENTATION_CONTEXT() REPRESENTATION_CONTEXT('2D SPACE',''
  ) );
#7144 = PCURVE('',#1453,#7145);
#7145 = DEFINITIONAL_REPRESENTATION('',(#7146),#7149);
#7146 = B_SPLINE_CURVE_WITH_KNOTS('',1,(#7147,#7148),.UNSPECIFIED.,.F.,
  .F.,(2,2),(-3.7,-0.5),.PIECEWISE_BEZIER_KNOTS.);
#7147 = CARTESIAN_POINT('',(4.2,2.88));
#7148 = CARTESIAN_POINT('',(1.,2.88));
#7149 = ( GEOMETRIC_REPRESENTATION_CONTEXT(2) 
PARAMETRIC_REPRESENTATION_CONTEXT() REPRESENTATION_CONTEXT('2D SPACE',''
  ) );
#7150 = ORIENTED_EDGE('',*,*,#1464,.T.);
#7151 = ORIENTED_EDGE('',*,*,#7109,.F.);
#7152 = ORIENTED_EDGE('',*,*,#6376,.F.);
#7153 = ADVANCED_FACE('',(#7154),#1453,.T.);
#7154 = FACE_BOUND('',#7155,.T.);
#7155 = EDGE_LOOP('',(#7156,#7157,#7158,#7159));
#7156 = ORIENTED_EDGE('',*,*,#6163,.F.);
#7157 = ORIENTED_EDGE('',*,*,#1435,.T.);
#7158 = ORIENTED_EDGE('',*,*,#7132,.F.);
#7159 = ORIENTED_EDGE('',*,*,#6353,.T.);
#7160 = ADVANCED_FACE('',(#7161),#1400,.T.);
#7161 = FACE_BOUND('',#7162,.T.);
#7162 = EDGE_LOOP('',(#7163,#7164,#7185,#7213));
#7163 = ORIENTED_EDGE('',*,*,#1384,.F.);
#7164 = ORIENTED_EDGE('',*,*,#7165,.T.);
#7165 = EDGE_CURVE('',#1385,#7166,#7168,.T.);
#7166 = VERTEX_POINT('',#7167);
#7167 = CARTESIAN_POINT('',(142.58,104.,3.2));
#7168 = SURFACE_CURVE('',#7169,(#7173,#7179),.PCURVE_S1.);
#7169 = LINE('',#7170,#7171);
#7170 = CARTESIAN_POINT('',(142.58,104.,0.));
#7171 = VECTOR('',#7172,1.);
#7172 = DIRECTION('',(0.,0.,1.));
#7173 = PCURVE('',#1400,#7174);
#7174 = DEFINITIONAL_REPRESENTATION('',(#7175),#7178);
#7175 = B_SPLINE_CURVE_WITH_KNOTS('',1,(#7176,#7177),.UNSPECIFIED.,.F.,
  .F.,(2,2),(0.,3.2),.PIECEWISE_BEZIER_KNOTS.);
#7176 = CARTESIAN_POINT('',(0.,2.58));
#7177 = CARTESIAN_POINT('',(3.2,2.58));
#7178 = ( GEOMETRIC_REPRESENTATION_CONTEXT(2) 
PARAMETRIC_REPRESENTATION_CONTEXT() REPRESENTATION_CONTEXT('2D SPACE',''
  ) );
#7179 = PCURVE('',#927,#7180);
#7180 = DEFINITIONAL_REPRESENTATION('',(#7181),#7184);
#7181 = B_SPLINE_CURVE_WITH_KNOTS('',1,(#7182,#7183),.UNSPECIFIED.,.F.,
  .F.,(2,2),(0.,3.2),.PIECEWISE_BEZIER_KNOTS.);
#7182 = CARTESIAN_POINT('',(0.,-79.44));
#7183 = CARTESIAN_POINT('',(3.2,-79.44));
#7184 = ( GEOMETRIC_REPRESENTATION_CONTEXT(2) 
PARAMETRIC_REPRESENTATION_CONTEXT() REPRESENTATION_CONTEXT('2D SPACE',''
  ) );
#7185 = ORIENTED_EDGE('',*,*,#7186,.T.);
#7186 = EDGE_CURVE('',#7166,#7187,#7189,.T.);
#7187 = VERTEX_POINT('',#7188);
#7188 = CARTESIAN_POINT('',(155.3,104.,3.2));
#7189 = SURFACE_CURVE('',#7190,(#7194,#7201),.PCURVE_S1.);
#7190 = LINE('',#7191,#7192);
#7191 = CARTESIAN_POINT('',(140.,104.,3.2));
#7192 = VECTOR('',#7193,1.);
#7193 = DIRECTION('',(1.,0.,-0.));
#7194 = PCURVE('',#1400,#7195);
#7195 = DEFINITIONAL_REPRESENTATION('',(#7196),#7200);
#7196 = LINE('',#7197,#7198);
#7197 = CARTESIAN_POINT('',(3.2,0.));
#7198 = VECTOR('',#7199,1.);
#7199 = DIRECTION('',(0.,1.));
#7200 = ( GEOMETRIC_REPRESENTATION_CONTEXT(2) 
PARAMETRIC_REPRESENTATION_CONTEXT() REPRESENTATION_CONTEXT('2D SPACE',''
  ) );
#7201 = PCURVE('',#7202,#7207);
#7202 = PLANE('',#7203);
#7203 = AXIS2_PLACEMENT_3D('',#7204,#7205,#7206);
#7204 = CARTESIAN_POINT('',(140.,96.,3.2));
#7205 = DIRECTION('',(0.,0.,1.));
#7206 = DIRECTION('',(1.,0.,-0.));
#7207 = DEFINITIONAL_REPRESENTATION('',(#7208),#7212);
#7208 = LINE('',#7209,#7210);
#7209 = CARTESIAN_POINT('',(0.,8.));
#7210 = VECTOR('',#7211,1.);
#7211 = DIRECTION('',(1.,0.));
#7212 = ( GEOMETRIC_REPRESENTATION_CONTEXT(2) 
PARAMETRIC_REPRESENTATION_CONTEXT() REPRESENTATION_CONTEXT('2D SPACE',''
  ) );
#7213 = ORIENTED_EDGE('',*,*,#7214,.F.);
#7214 = EDGE_CURVE('',#1362,#7187,#7215,.T.);
#7215 = SURFACE_CURVE('',#7216,(#7220,#7226),.PCURVE_S1.);
#7216 = LINE('',#7217,#7218);
#7217 = CARTESIAN_POINT('',(155.3,104.,0.));
#7218 = VECTOR('',#7219,1.);
#7219 = DIRECTION('',(0.,0.,1.));
#7220 = PCURVE('',#1400,#7221);
#7221 = DEFINITIONAL_REPRESENTATION('',(#7222),#7225);
#7222 = B_SPLINE_CURVE_WITH_KNOTS('',1,(#7223,#7224),.UNSPECIFIED.,.F.,
  .F.,(2,2),(0.,3.2),.PIECEWISE_BEZIER_KNOTS.);
#7223 = CARTESIAN_POINT('',(0.,15.3));
#7224 = CARTESIAN_POINT('',(3.2,15.3));
#7225 = ( GEOMETRIC_REPRESENTATION_CONTEXT(2) 
PARAMETRIC_REPRESENTATION_CONTEXT() REPRESENTATION_CONTEXT('2D SPACE',''
  ) );
#7226 = PCURVE('',#983,#7227);
#7227 = DEFINITIONAL_REPRESENTATION('',(#7228),#7231);
#7228 = B_SPLINE_CURVE_WITH_KNOTS('',1,(#7229,#7230),.UNSPECIFIED.,.F.,
  .F.,(2,2),(0.,3.2),.PIECEWISE_BEZIER_KNOTS.);
#7229 = CARTESIAN_POINT('',(0.,-43.96));
#7230 = CARTESIAN_POINT('',(3.2,-43.96));
#7231 = ( GEOMETRIC_REPRESENTATION_CONTEXT(2) 
PARAMETRIC_REPRESENTATION_CONTEXT() REPRESENTATION_CONTEXT('2D SPACE',''
  ) );
#7232 = ADVANCED_FACE('',(#7233),#7202,.T.);
#7233 = FACE_BOUND('',#7234,.T.);
#7234 = EDGE_LOOP('',(#7235,#7236,#7257,#7280));
#7235 = ORIENTED_EDGE('',*,*,#7186,.F.);
#7236 = ORIENTED_EDGE('',*,*,#7237,.T.);
#7237 = EDGE_CURVE('',#7166,#7238,#7240,.T.);
#7238 = VERTEX_POINT('',#7239);
#7239 = CARTESIAN_POINT('',(142.58,96.,3.2));
#7240 = SURFACE_CURVE('',#7241,(#7245,#7251),.PCURVE_S1.);
#7241 = LINE('',#7242,#7243);
#7242 = CARTESIAN_POINT('',(142.58,60.28,3.2));
#7243 = VECTOR('',#7244,1.);
#7244 = DIRECTION('',(0.,-1.,0.));
#7245 = PCURVE('',#7202,#7246);
#7246 = DEFINITIONAL_REPRESENTATION('',(#7247),#7250);
#7247 = B_SPLINE_CURVE_WITH_KNOTS('',1,(#7248,#7249),.UNSPECIFIED.,.F.,
  .F.,(2,2),(-43.72,-35.72),.PIECEWISE_BEZIER_KNOTS.);
#7248 = CARTESIAN_POINT('',(2.58,8.));
#7249 = CARTESIAN_POINT('',(2.58,0.));
#7250 = ( GEOMETRIC_REPRESENTATION_CONTEXT(2) 
PARAMETRIC_REPRESENTATION_CONTEXT() REPRESENTATION_CONTEXT('2D SPACE',''
  ) );
#7251 = PCURVE('',#927,#7252);
#7252 = DEFINITIONAL_REPRESENTATION('',(#7253),#7256);
#7253 = B_SPLINE_CURVE_WITH_KNOTS('',1,(#7254,#7255),.UNSPECIFIED.,.F.,
  .F.,(2,2),(-43.72,-35.72),.PIECEWISE_BEZIER_KNOTS.);
#7254 = CARTESIAN_POINT('',(3.2,-79.44));
#7255 = CARTESIAN_POINT('',(3.2,-71.44));
#7256 = ( GEOMETRIC_REPRESENTATION_CONTEXT(2) 
PARAMETRIC_REPRESENTATION_CONTEXT() REPRESENTATION_CONTEXT('2D SPACE',''
  ) );
#7257 = ORIENTED_EDGE('',*,*,#7258,.T.);
#7258 = EDGE_CURVE('',#7238,#7259,#7261,.T.);
#7259 = VERTEX_POINT('',#7260);
#7260 = CARTESIAN_POINT('',(155.3,96.,3.2));
#7261 = SURFACE_CURVE('',#7262,(#7266,#7273),.PCURVE_S1.);
#7262 = LINE('',#7263,#7264);
#7263 = CARTESIAN_POINT('',(140.,96.,3.2));
#7264 = VECTOR('',#7265,1.);
#7265 = DIRECTION('',(1.,0.,-0.));
#7266 = PCURVE('',#7202,#7267);
#7267 = DEFINITIONAL_REPRESENTATION('',(#7268),#7272);
#7268 = LINE('',#7269,#7270);
#7269 = CARTESIAN_POINT('',(0.,0.));
#7270 = VECTOR('',#7271,1.);
#7271 = DIRECTION('',(1.,0.));
#7272 = ( GEOMETRIC_REPRESENTATION_CONTEXT(2) 
PARAMETRIC_REPRESENTATION_CONTEXT() REPRESENTATION_CONTEXT('2D SPACE',''
  ) );
#7273 = PCURVE('',#955,#7274);
#7274 = DEFINITIONAL_REPRESENTATION('',(#7275),#7279);
#7275 = LINE('',#7276,#7277);
#7276 = CARTESIAN_POINT('',(3.2,0.));
#7277 = VECTOR('',#7278,1.);
#7278 = DIRECTION('',(0.,1.));
#7279 = ( GEOMETRIC_REPRESENTATION_CONTEXT(2) 
PARAMETRIC_REPRESENTATION_CONTEXT() REPRESENTATION_CONTEXT('2D SPACE',''
  ) );
#7280 = ORIENTED_EDGE('',*,*,#7281,.F.);
#7281 = EDGE_CURVE('',#7187,#7259,#7282,.T.);
#7282 = SURFACE_CURVE('',#7283,(#7287,#7293),.PCURVE_S1.);
#7283 = LINE('',#7284,#7285);
#7284 = CARTESIAN_POINT('',(155.3,78.02,3.2));
#7285 = VECTOR('',#7286,1.);
#7286 = DIRECTION('',(0.,-1.,0.));
#7287 = PCURVE('',#7202,#7288);
#7288 = DEFINITIONAL_REPRESENTATION('',(#7289),#7292);
#7289 = B_SPLINE_CURVE_WITH_KNOTS('',1,(#7290,#7291),.UNSPECIFIED.,.F.,
  .F.,(2,2),(-25.98,-17.98),.PIECEWISE_BEZIER_KNOTS.);
#7290 = CARTESIAN_POINT('',(15.3,8.));
#7291 = CARTESIAN_POINT('',(15.3,0.));
#7292 = ( GEOMETRIC_REPRESENTATION_CONTEXT(2) 
PARAMETRIC_REPRESENTATION_CONTEXT() REPRESENTATION_CONTEXT('2D SPACE',''
  ) );
#7293 = PCURVE('',#983,#7294);
#7294 = DEFINITIONAL_REPRESENTATION('',(#7295),#7298);
#7295 = B_SPLINE_CURVE_WITH_KNOTS('',1,(#7296,#7297),.UNSPECIFIED.,.F.,
  .F.,(2,2),(-25.98,-17.98),.PIECEWISE_BEZIER_KNOTS.);
#7296 = CARTESIAN_POINT('',(3.2,-43.96));
#7297 = CARTESIAN_POINT('',(3.2,-35.96));
#7298 = ( GEOMETRIC_REPRESENTATION_CONTEXT(2) 
PARAMETRIC_REPRESENTATION_CONTEXT() REPRESENTATION_CONTEXT('2D SPACE',''
  ) );
#7299 = ADVANCED_FACE('',(#7300),#1326,.F.);
#7300 = FACE_BOUND('',#7301,.F.);
#7301 = EDGE_LOOP('',(#7302,#7303,#7322,#7323));
#7302 = ORIENTED_EDGE('',*,*,#3921,.F.);
#7303 = ORIENTED_EDGE('',*,*,#7304,.T.);
#7304 = EDGE_CURVE('',#3922,#1311,#7305,.T.);
#7305 = SURFACE_CURVE('',#7306,(#7310,#7316),.PCURVE_S1.);
#7306 = LINE('',#7307,#7308);
#7307 = CARTESIAN_POINT('',(191.,115.44,0.));
#7308 = VECTOR('',#7309,1.);
#7309 = DIRECTION('',(-0.,0.,-1.));
#7310 = PCURVE('',#1326,#7311);
#7311 = DEFINITIONAL_REPRESENTATION('',(#7312),#7315);
#7312 = B_SPLINE_CURVE_WITH_KNOTS('',1,(#7313,#7314),.UNSPECIFIED.,.F.,
  .F.,(2,2),(-3.2,0.),.PIECEWISE_BEZIER_KNOTS.);
#7313 = CARTESIAN_POINT('',(3.2,-97.44));
#7314 = CARTESIAN_POINT('',(0.,-97.44));
#7315 = ( GEOMETRIC_REPRESENTATION_CONTEXT(2) 
PARAMETRIC_REPRESENTATION_CONTEXT() REPRESENTATION_CONTEXT('2D SPACE',''
  ) );
#7316 = PCURVE('',#565,#7317);
#7317 = DEFINITIONAL_REPRESENTATION('',(#7318),#7321);
#7318 = B_SPLINE_CURVE_WITH_KNOTS('',1,(#7319,#7320),.UNSPECIFIED.,.F.,
  .F.,(2,2),(-3.2,0.),.PIECEWISE_BEZIER_KNOTS.);
#7319 = CARTESIAN_POINT('',(3.2,35.7));
#7320 = CARTESIAN_POINT('',(0.,35.7));
#7321 = ( GEOMETRIC_REPRESENTATION_CONTEXT(2) 
PARAMETRIC_REPRESENTATION_CONTEXT() REPRESENTATION_CONTEXT('2D SPACE',''
  ) );
#7322 = ORIENTED_EDGE('',*,*,#1310,.T.);
#7323 = ORIENTED_EDGE('',*,*,#7324,.T.);
#7324 = EDGE_CURVE('',#1283,#3899,#7325,.T.);
#7325 = SURFACE_CURVE('',#7326,(#7330,#7336),.PCURVE_S1.);
#7326 = LINE('',#7327,#7328);
#7327 = CARTESIAN_POINT('',(191.,119.,0.));
#7328 = VECTOR('',#7329,1.);
#7329 = DIRECTION('',(0.,0.,1.));
#7330 = PCURVE('',#1326,#7331);
#7331 = DEFINITIONAL_REPRESENTATION('',(#7332),#7335);
#7332 = B_SPLINE_CURVE_WITH_KNOTS('',1,(#7333,#7334),.UNSPECIFIED.,.F.,
  .F.,(2,2),(0.,3.2),.PIECEWISE_BEZIER_KNOTS.);
#7333 = CARTESIAN_POINT('',(0.,-101.));
#7334 = CARTESIAN_POINT('',(3.2,-101.));
#7335 = ( GEOMETRIC_REPRESENTATION_CONTEXT(2) 
PARAMETRIC_REPRESENTATION_CONTEXT() REPRESENTATION_CONTEXT('2D SPACE',''
  ) );
#7336 = PCURVE('',#1298,#7337);
#7337 = DEFINITIONAL_REPRESENTATION('',(#7338),#7341);
#7338 = B_SPLINE_CURVE_WITH_KNOTS('',1,(#7339,#7340),.UNSPECIFIED.,.F.,
  .F.,(2,2),(0.,3.2),.PIECEWISE_BEZIER_KNOTS.);
#7339 = CARTESIAN_POINT('',(0.,175.));
#7340 = CARTESIAN_POINT('',(3.2,175.));
#7341 = ( GEOMETRIC_REPRESENTATION_CONTEXT(2) 
PARAMETRIC_REPRESENTATION_CONTEXT() REPRESENTATION_CONTEXT('2D SPACE',''
  ) );
#7342 = ADVANCED_FACE('',(#7343),#1298,.F.);
#7343 = FACE_BOUND('',#7344,.F.);
#7344 = EDGE_LOOP('',(#7345,#7346,#7365,#7366));
#7345 = ORIENTED_EDGE('',*,*,#1282,.F.);
#7346 = ORIENTED_EDGE('',*,*,#7347,.T.);
#7347 = EDGE_CURVE('',#1255,#3876,#7348,.T.);
#7348 = SURFACE_CURVE('',#7349,(#7353,#7359),.PCURVE_S1.);
#7349 = LINE('',#7350,#7351);
#7350 = CARTESIAN_POINT('',(19.,119.,0.));
#7351 = VECTOR('',#7352,1.);
#7352 = DIRECTION('',(0.,0.,1.));
#7353 = PCURVE('',#1298,#7354);
#7354 = DEFINITIONAL_REPRESENTATION('',(#7355),#7358);
#7355 = B_SPLINE_CURVE_WITH_KNOTS('',1,(#7356,#7357),.UNSPECIFIED.,.F.,
  .F.,(2,2),(0.,3.2),.PIECEWISE_BEZIER_KNOTS.);
#7356 = CARTESIAN_POINT('',(0.,3.));
#7357 = CARTESIAN_POINT('',(3.2,3.));
#7358 = ( GEOMETRIC_REPRESENTATION_CONTEXT(2) 
PARAMETRIC_REPRESENTATION_CONTEXT() REPRESENTATION_CONTEXT('2D SPACE',''
  ) );
#7359 = PCURVE('',#1270,#7360);
#7360 = DEFINITIONAL_REPRESENTATION('',(#7361),#7364);
#7361 = B_SPLINE_CURVE_WITH_KNOTS('',1,(#7362,#7363),.UNSPECIFIED.,.F.,
  .F.,(2,2),(0.,3.2),.PIECEWISE_BEZIER_KNOTS.);
#7362 = CARTESIAN_POINT('',(0.,-101.));
#7363 = CARTESIAN_POINT('',(3.2,-101.));
#7364 = ( GEOMETRIC_REPRESENTATION_CONTEXT(2) 
PARAMETRIC_REPRESENTATION_CONTEXT() REPRESENTATION_CONTEXT('2D SPACE',''
  ) );
#7365 = ORIENTED_EDGE('',*,*,#3898,.T.);
#7366 = ORIENTED_EDGE('',*,*,#7324,.F.);
#7367 = ADVANCED_FACE('',(#7368),#1270,.T.);
#7368 = FACE_BOUND('',#7369,.T.);
#7369 = EDGE_LOOP('',(#7370,#7371,#7390,#7391));
#7370 = ORIENTED_EDGE('',*,*,#3875,.F.);
#7371 = ORIENTED_EDGE('',*,*,#7372,.T.);
#7372 = EDGE_CURVE('',#3854,#1230,#7373,.T.);
#7373 = SURFACE_CURVE('',#7374,(#7378,#7384),.PCURVE_S1.);
#7374 = LINE('',#7375,#7376);
#7375 = CARTESIAN_POINT('',(19.,115.44,0.));
#7376 = VECTOR('',#7377,1.);
#7377 = DIRECTION('',(-0.,0.,-1.));
#7378 = PCURVE('',#1270,#7379);
#7379 = DEFINITIONAL_REPRESENTATION('',(#7380),#7383);
#7380 = B_SPLINE_CURVE_WITH_KNOTS('',1,(#7381,#7382),.UNSPECIFIED.,.F.,
  .F.,(2,2),(-3.2,0.),.PIECEWISE_BEZIER_KNOTS.);
#7381 = CARTESIAN_POINT('',(3.2,-97.44));
#7382 = CARTESIAN_POINT('',(0.,-97.44));
#7383 = ( GEOMETRIC_REPRESENTATION_CONTEXT(2) 
PARAMETRIC_REPRESENTATION_CONTEXT() REPRESENTATION_CONTEXT('2D SPACE',''
  ) );
#7384 = PCURVE('',#122,#7385);
#7385 = DEFINITIONAL_REPRESENTATION('',(#7386),#7389);
#7386 = B_SPLINE_CURVE_WITH_KNOTS('',1,(#7387,#7388),.UNSPECIFIED.,.F.,
  .F.,(2,2),(-3.2,0.),.PIECEWISE_BEZIER_KNOTS.);
#7387 = CARTESIAN_POINT('',(3.2,9.58));
#7388 = CARTESIAN_POINT('',(0.,9.58));
#7389 = ( GEOMETRIC_REPRESENTATION_CONTEXT(2) 
PARAMETRIC_REPRESENTATION_CONTEXT() REPRESENTATION_CONTEXT('2D SPACE',''
  ) );
#7390 = ORIENTED_EDGE('',*,*,#1254,.T.);
#7391 = ORIENTED_EDGE('',*,*,#7347,.T.);
#7392 = ADVANCED_FACE('',(#7393),#1194,.T.);
#7393 = FACE_BOUND('',#7394,.T.);
#7394 = EDGE_LOOP('',(#7395,#7396,#7415,#7416));
#7395 = ORIENTED_EDGE('',*,*,#4843,.F.);
#7396 = ORIENTED_EDGE('',*,*,#7397,.F.);
#7397 = EDGE_CURVE('',#1151,#4821,#7398,.T.);
#7398 = SURFACE_CURVE('',#7399,(#7403,#7409),.PCURVE_S1.);
#7399 = LINE('',#7400,#7401);
#7400 = CARTESIAN_POINT('',(19.,21.,0.));
#7401 = VECTOR('',#7402,1.);
#7402 = DIRECTION('',(0.,0.,1.));
#7403 = PCURVE('',#1194,#7404);
#7404 = DEFINITIONAL_REPRESENTATION('',(#7405),#7408);
#7405 = B_SPLINE_CURVE_WITH_KNOTS('',1,(#7406,#7407),.UNSPECIFIED.,.F.,
  .F.,(2,2),(0.,3.2),.PIECEWISE_BEZIER_KNOTS.);
#7406 = CARTESIAN_POINT('',(0.,-3.));
#7407 = CARTESIAN_POINT('',(3.2,-3.));
#7408 = ( GEOMETRIC_REPRESENTATION_CONTEXT(2) 
PARAMETRIC_REPRESENTATION_CONTEXT() REPRESENTATION_CONTEXT('2D SPACE',''
  ) );
#7409 = PCURVE('',#1166,#7410);
#7410 = DEFINITIONAL_REPRESENTATION('',(#7411),#7414);
#7411 = B_SPLINE_CURVE_WITH_KNOTS('',1,(#7412,#7413),.UNSPECIFIED.,.F.,
  .F.,(2,2),(0.,3.2),.PIECEWISE_BEZIER_KNOTS.);
#7412 = CARTESIAN_POINT('',(0.,3.));
#7413 = CARTESIAN_POINT('',(3.2,3.));
#7414 = ( GEOMETRIC_REPRESENTATION_CONTEXT(2) 
PARAMETRIC_REPRESENTATION_CONTEXT() REPRESENTATION_CONTEXT('2D SPACE',''
  ) );
#7415 = ORIENTED_EDGE('',*,*,#1178,.T.);
#7416 = ORIENTED_EDGE('',*,*,#7417,.F.);
#7417 = EDGE_CURVE('',#4844,#1179,#7418,.T.);
#7418 = SURFACE_CURVE('',#7419,(#7423,#7429),.PCURVE_S1.);
#7419 = LINE('',#7420,#7421);
#7420 = CARTESIAN_POINT('',(19.,24.56,0.));
#7421 = VECTOR('',#7422,1.);
#7422 = DIRECTION('',(-0.,0.,-1.));
#7423 = PCURVE('',#1194,#7424);
#7424 = DEFINITIONAL_REPRESENTATION('',(#7425),#7428);
#7425 = B_SPLINE_CURVE_WITH_KNOTS('',1,(#7426,#7427),.UNSPECIFIED.,.F.,
  .F.,(2,2),(-3.2,0.),.PIECEWISE_BEZIER_KNOTS.);
#7426 = CARTESIAN_POINT('',(3.2,-6.56));
#7427 = CARTESIAN_POINT('',(0.,-6.56));
#7428 = ( GEOMETRIC_REPRESENTATION_CONTEXT(2) 
PARAMETRIC_REPRESENTATION_CONTEXT() REPRESENTATION_CONTEXT('2D SPACE',''
  ) );
#7429 = PCURVE('',#66,#7430);
#7430 = DEFINITIONAL_REPRESENTATION('',(#7431),#7434);
#7431 = B_SPLINE_CURVE_WITH_KNOTS('',1,(#7432,#7433),.UNSPECIFIED.,.F.,
  .F.,(2,2),(-3.2,0.),.PIECEWISE_BEZIER_KNOTS.);
#7432 = CARTESIAN_POINT('',(3.2,9.58));
#7433 = CARTESIAN_POINT('',(0.,9.58));
#7434 = ( GEOMETRIC_REPRESENTATION_CONTEXT(2) 
PARAMETRIC_REPRESENTATION_CONTEXT() REPRESENTATION_CONTEXT('2D SPACE',''
  ) );
#7435 = ADVANCED_FACE('',(#7436),#1166,.T.);
#7436 = FACE_BOUND('',#7437,.T.);
#7437 = EDGE_LOOP('',(#7438,#7439,#7440,#7441));
#7438 = ORIENTED_EDGE('',*,*,#1150,.F.);
#7439 = ORIENTED_EDGE('',*,*,#7397,.T.);
#7440 = ORIENTED_EDGE('',*,*,#4820,.T.);
#7441 = ORIENTED_EDGE('',*,*,#7442,.F.);
#7442 = EDGE_CURVE('',#1123,#4798,#7443,.T.);
#7443 = SURFACE_CURVE('',#7444,(#7448,#7454),.PCURVE_S1.);
#7444 = LINE('',#7445,#7446);
#7445 = CARTESIAN_POINT('',(191.,21.,0.));
#7446 = VECTOR('',#7447,1.);
#7447 = DIRECTION('',(0.,0.,1.));
#7448 = PCURVE('',#1166,#7449);
#7449 = DEFINITIONAL_REPRESENTATION('',(#7450),#7453);
#7450 = B_SPLINE_CURVE_WITH_KNOTS('',1,(#7451,#7452),.UNSPECIFIED.,.F.,
  .F.,(2,2),(0.,3.2),.PIECEWISE_BEZIER_KNOTS.);
#7451 = CARTESIAN_POINT('',(0.,175.));
#7452 = CARTESIAN_POINT('',(3.2,175.));
#7453 = ( GEOMETRIC_REPRESENTATION_CONTEXT(2) 
PARAMETRIC_REPRESENTATION_CONTEXT() REPRESENTATION_CONTEXT('2D SPACE',''
  ) );
#7454 = PCURVE('',#1138,#7455);
#7455 = DEFINITIONAL_REPRESENTATION('',(#7456),#7459);
#7456 = B_SPLINE_CURVE_WITH_KNOTS('',1,(#7457,#7458),.UNSPECIFIED.,.F.,
  .F.,(2,2),(0.,3.2),.PIECEWISE_BEZIER_KNOTS.);
#7457 = CARTESIAN_POINT('',(0.,-3.));
#7458 = CARTESIAN_POINT('',(3.2,-3.));
#7459 = ( GEOMETRIC_REPRESENTATION_CONTEXT(2) 
PARAMETRIC_REPRESENTATION_CONTEXT() REPRESENTATION_CONTEXT('2D SPACE',''
  ) );
#7460 = ADVANCED_FACE('',(#7461),#1138,.F.);
#7461 = FACE_BOUND('',#7462,.F.);
#7462 = EDGE_LOOP('',(#7463,#7464,#7465,#7466));
#7463 = ORIENTED_EDGE('',*,*,#4797,.F.);
#7464 = ORIENTED_EDGE('',*,*,#7442,.F.);
#7465 = ORIENTED_EDGE('',*,*,#1122,.T.);
#7466 = ORIENTED_EDGE('',*,*,#7467,.F.);
#7467 = EDGE_CURVE('',#4776,#1100,#7468,.T.);
#7468 = SURFACE_CURVE('',#7469,(#7473,#7479),.PCURVE_S1.);
#7469 = LINE('',#7470,#7471);
#7470 = CARTESIAN_POINT('',(191.,60.04,0.));
#7471 = VECTOR('',#7472,1.);
#7472 = DIRECTION('',(-0.,0.,-1.));
#7473 = PCURVE('',#1138,#7474);
#7474 = DEFINITIONAL_REPRESENTATION('',(#7475),#7478);
#7475 = B_SPLINE_CURVE_WITH_KNOTS('',1,(#7476,#7477),.UNSPECIFIED.,.F.,
  .F.,(2,2),(-3.2,0.),.PIECEWISE_BEZIER_KNOTS.);
#7476 = CARTESIAN_POINT('',(3.2,-42.04));
#7477 = CARTESIAN_POINT('',(0.,-42.04));
#7478 = ( GEOMETRIC_REPRESENTATION_CONTEXT(2) 
PARAMETRIC_REPRESENTATION_CONTEXT() REPRESENTATION_CONTEXT('2D SPACE',''
  ) );
#7479 = PCURVE('',#509,#7480);
#7480 = DEFINITIONAL_REPRESENTATION('',(#7481),#7484);
#7481 = B_SPLINE_CURVE_WITH_KNOTS('',1,(#7482,#7483),.UNSPECIFIED.,.F.,
  .F.,(2,2),(-3.2,0.),.PIECEWISE_BEZIER_KNOTS.);
#7482 = CARTESIAN_POINT('',(3.2,35.7));
#7483 = CARTESIAN_POINT('',(0.,35.7));
#7484 = ( GEOMETRIC_REPRESENTATION_CONTEXT(2) 
PARAMETRIC_REPRESENTATION_CONTEXT() REPRESENTATION_CONTEXT('2D SPACE',''
  ) );
#7485 = ADVANCED_FACE('',(#7486),#1064,.F.);
#7486 = FACE_BOUND('',#7487,.F.);
#7487 = EDGE_LOOP('',(#7488,#7489,#7510,#7538));
#7488 = ORIENTED_EDGE('',*,*,#1048,.F.);
#7489 = ORIENTED_EDGE('',*,*,#7490,.T.);
#7490 = EDGE_CURVE('',#1026,#7491,#7493,.T.);
#7491 = VERTEX_POINT('',#7492);
#7492 = CARTESIAN_POINT('',(142.58,71.,3.2));
#7493 = SURFACE_CURVE('',#7494,(#7498,#7504),.PCURVE_S1.);
#7494 = LINE('',#7495,#7496);
#7495 = CARTESIAN_POINT('',(142.58,71.,0.));
#7496 = VECTOR('',#7497,1.);
#7497 = DIRECTION('',(0.,0.,1.));
#7498 = PCURVE('',#1064,#7499);
#7499 = DEFINITIONAL_REPRESENTATION('',(#7500),#7503);
#7500 = B_SPLINE_CURVE_WITH_KNOTS('',1,(#7501,#7502),.UNSPECIFIED.,.F.,
  .F.,(2,2),(0.,3.2),.PIECEWISE_BEZIER_KNOTS.);
#7501 = CARTESIAN_POINT('',(0.,2.58));
#7502 = CARTESIAN_POINT('',(3.2,2.58));
#7503 = ( GEOMETRIC_REPRESENTATION_CONTEXT(2) 
PARAMETRIC_REPRESENTATION_CONTEXT() REPRESENTATION_CONTEXT('2D SPACE',''
  ) );
#7504 = PCURVE('',#927,#7505);
#7505 = DEFINITIONAL_REPRESENTATION('',(#7506),#7509);
#7506 = B_SPLINE_CURVE_WITH_KNOTS('',1,(#7507,#7508),.UNSPECIFIED.,.F.,
  .F.,(2,2),(0.,3.2),.PIECEWISE_BEZIER_KNOTS.);
#7507 = CARTESIAN_POINT('',(0.,-46.44));
#7508 = CARTESIAN_POINT('',(3.2,-46.44));
#7509 = ( GEOMETRIC_REPRESENTATION_CONTEXT(2) 
PARAMETRIC_REPRESENTATION_CONTEXT() REPRESENTATION_CONTEXT('2D SPACE',''
  ) );
#7510 = ORIENTED_EDGE('',*,*,#7511,.T.);
#7511 = EDGE_CURVE('',#7491,#7512,#7514,.T.);
#7512 = VERTEX_POINT('',#7513);
#7513 = CARTESIAN_POINT('',(155.3,71.,3.2));
#7514 = SURFACE_CURVE('',#7515,(#7519,#7526),.PCURVE_S1.);
#7515 = LINE('',#7516,#7517);
#7516 = CARTESIAN_POINT('',(140.,71.,3.2));
#7517 = VECTOR('',#7518,1.);
#7518 = DIRECTION('',(1.,0.,-0.));
#7519 = PCURVE('',#1064,#7520);
#7520 = DEFINITIONAL_REPRESENTATION('',(#7521),#7525);
#7521 = LINE('',#7522,#7523);
#7522 = CARTESIAN_POINT('',(3.2,0.));
#7523 = VECTOR('',#7524,1.);
#7524 = DIRECTION('',(0.,1.));
#7525 = ( GEOMETRIC_REPRESENTATION_CONTEXT(2) 
PARAMETRIC_REPRESENTATION_CONTEXT() REPRESENTATION_CONTEXT('2D SPACE',''
  ) );
#7526 = PCURVE('',#7527,#7532);
#7527 = PLANE('',#7528);
#7528 = AXIS2_PLACEMENT_3D('',#7529,#7530,#7531);
#7529 = CARTESIAN_POINT('',(140.,71.,3.2));
#7530 = DIRECTION('',(0.,0.,1.));
#7531 = DIRECTION('',(1.,0.,-0.));
#7532 = DEFINITIONAL_REPRESENTATION('',(#7533),#7537);
#7533 = LINE('',#7534,#7535);
#7534 = CARTESIAN_POINT('',(0.,0.));
#7535 = VECTOR('',#7536,1.);
#7536 = DIRECTION('',(1.,0.));
#7537 = ( GEOMETRIC_REPRESENTATION_CONTEXT(2) 
PARAMETRIC_REPRESENTATION_CONTEXT() REPRESENTATION_CONTEXT('2D SPACE',''
  ) );
#7538 = ORIENTED_EDGE('',*,*,#7539,.F.);
#7539 = EDGE_CURVE('',#1049,#7512,#7540,.T.);
#7540 = SURFACE_CURVE('',#7541,(#7545,#7551),.PCURVE_S1.);
#7541 = LINE('',#7542,#7543);
#7542 = CARTESIAN_POINT('',(155.3,71.,0.));
#7543 = VECTOR('',#7544,1.);
#7544 = DIRECTION('',(0.,0.,1.));
#7545 = PCURVE('',#1064,#7546);
#7546 = DEFINITIONAL_REPRESENTATION('',(#7547),#7550);
#7547 = B_SPLINE_CURVE_WITH_KNOTS('',1,(#7548,#7549),.UNSPECIFIED.,.F.,
  .F.,(2,2),(0.,3.2),.PIECEWISE_BEZIER_KNOTS.);
#7548 = CARTESIAN_POINT('',(0.,15.3));
#7549 = CARTESIAN_POINT('',(3.2,15.3));
#7550 = ( GEOMETRIC_REPRESENTATION_CONTEXT(2) 
PARAMETRIC_REPRESENTATION_CONTEXT() REPRESENTATION_CONTEXT('2D SPACE',''
  ) );
#7551 = PCURVE('',#983,#7552);
#7552 = DEFINITIONAL_REPRESENTATION('',(#7553),#7556);
#7553 = B_SPLINE_CURVE_WITH_KNOTS('',1,(#7554,#7555),.UNSPECIFIED.,.F.,
  .F.,(2,2),(0.,3.2),.PIECEWISE_BEZIER_KNOTS.);
#7554 = CARTESIAN_POINT('',(0.,-10.96));
#7555 = CARTESIAN_POINT('',(3.2,-10.96));
#7556 = ( GEOMETRIC_REPRESENTATION_CONTEXT(2) 
PARAMETRIC_REPRESENTATION_CONTEXT() REPRESENTATION_CONTEXT('2D SPACE',''
  ) );
#7557 = ADVANCED_FACE('',(#7558),#7527,.T.);
#7558 = FACE_BOUND('',#7559,.T.);
#7559 = EDGE_LOOP('',(#7560,#7585,#7604,#7605));
#7560 = ORIENTED_EDGE('',*,*,#7561,.F.);
#7561 = EDGE_CURVE('',#7562,#7564,#7566,.T.);
#7562 = VERTEX_POINT('',#7563);
#7563 = CARTESIAN_POINT('',(142.58,79.,3.2));
#7564 = VERTEX_POINT('',#7565);
#7565 = CARTESIAN_POINT('',(155.3,79.,3.2));
#7566 = SURFACE_CURVE('',#7567,(#7571,#7578),.PCURVE_S1.);
#7567 = LINE('',#7568,#7569);
#7568 = CARTESIAN_POINT('',(140.,79.,3.2));
#7569 = VECTOR('',#7570,1.);
#7570 = DIRECTION('',(1.,0.,-0.));
#7571 = PCURVE('',#7527,#7572);
#7572 = DEFINITIONAL_REPRESENTATION('',(#7573),#7577);
#7573 = LINE('',#7574,#7575);
#7574 = CARTESIAN_POINT('',(0.,8.));
#7575 = VECTOR('',#7576,1.);
#7576 = DIRECTION('',(1.,0.));
#7577 = ( GEOMETRIC_REPRESENTATION_CONTEXT(2) 
PARAMETRIC_REPRESENTATION_CONTEXT() REPRESENTATION_CONTEXT('2D SPACE',''
  ) );
#7578 = PCURVE('',#1009,#7579);
#7579 = DEFINITIONAL_REPRESENTATION('',(#7580),#7584);
#7580 = LINE('',#7581,#7582);
#7581 = CARTESIAN_POINT('',(3.2,0.));
#7582 = VECTOR('',#7583,1.);
#7583 = DIRECTION('',(0.,1.));
#7584 = ( GEOMETRIC_REPRESENTATION_CONTEXT(2) 
PARAMETRIC_REPRESENTATION_CONTEXT() REPRESENTATION_CONTEXT('2D SPACE',''
  ) );
#7585 = ORIENTED_EDGE('',*,*,#7586,.T.);
#7586 = EDGE_CURVE('',#7562,#7491,#7587,.T.);
#7587 = SURFACE_CURVE('',#7588,(#7592,#7598),.PCURVE_S1.);
#7588 = LINE('',#7589,#7590);
#7589 = CARTESIAN_POINT('',(142.58,47.78,3.2));
#7590 = VECTOR('',#7591,1.);
#7591 = DIRECTION('',(0.,-1.,0.));
#7592 = PCURVE('',#7527,#7593);
#7593 = DEFINITIONAL_REPRESENTATION('',(#7594),#7597);
#7594 = B_SPLINE_CURVE_WITH_KNOTS('',1,(#7595,#7596),.UNSPECIFIED.,.F.,
  .F.,(2,2),(-31.22,-23.22),.PIECEWISE_BEZIER_KNOTS.);
#7595 = CARTESIAN_POINT('',(2.58,8.));
#7596 = CARTESIAN_POINT('',(2.58,0.));
#7597 = ( GEOMETRIC_REPRESENTATION_CONTEXT(2) 
PARAMETRIC_REPRESENTATION_CONTEXT() REPRESENTATION_CONTEXT('2D SPACE',''
  ) );
#7598 = PCURVE('',#927,#7599);
#7599 = DEFINITIONAL_REPRESENTATION('',(#7600),#7603);
#7600 = B_SPLINE_CURVE_WITH_KNOTS('',1,(#7601,#7602),.UNSPECIFIED.,.F.,
  .F.,(2,2),(-31.22,-23.22),.PIECEWISE_BEZIER_KNOTS.);
#7601 = CARTESIAN_POINT('',(3.2,-54.44));
#7602 = CARTESIAN_POINT('',(3.2,-46.44));
#7603 = ( GEOMETRIC_REPRESENTATION_CONTEXT(2) 
PARAMETRIC_REPRESENTATION_CONTEXT() REPRESENTATION_CONTEXT('2D SPACE',''
  ) );
#7604 = ORIENTED_EDGE('',*,*,#7511,.T.);
#7605 = ORIENTED_EDGE('',*,*,#7606,.F.);
#7606 = EDGE_CURVE('',#7564,#7512,#7607,.T.);
#7607 = SURFACE_CURVE('',#7608,(#7612,#7618),.PCURVE_S1.);
#7608 = LINE('',#7609,#7610);
#7609 = CARTESIAN_POINT('',(155.3,65.52,3.2));
#7610 = VECTOR('',#7611,1.);
#7611 = DIRECTION('',(0.,-1.,0.));
#7612 = PCURVE('',#7527,#7613);
#7613 = DEFINITIONAL_REPRESENTATION('',(#7614),#7617);
#7614 = B_SPLINE_CURVE_WITH_KNOTS('',1,(#7615,#7616),.UNSPECIFIED.,.F.,
  .F.,(2,2),(-13.48,-5.48),.PIECEWISE_BEZIER_KNOTS.);
#7615 = CARTESIAN_POINT('',(15.3,8.));
#7616 = CARTESIAN_POINT('',(15.3,0.));
#7617 = ( GEOMETRIC_REPRESENTATION_CONTEXT(2) 
PARAMETRIC_REPRESENTATION_CONTEXT() REPRESENTATION_CONTEXT('2D SPACE',''
  ) );
#7618 = PCURVE('',#983,#7619);
#7619 = DEFINITIONAL_REPRESENTATION('',(#7620),#7623);
#7620 = B_SPLINE_CURVE_WITH_KNOTS('',1,(#7621,#7622),.UNSPECIFIED.,.F.,
  .F.,(2,2),(-13.48,-5.48),.PIECEWISE_BEZIER_KNOTS.);
#7621 = CARTESIAN_POINT('',(3.2,-18.96));
#7622 = CARTESIAN_POINT('',(3.2,-10.96));
#7623 = ( GEOMETRIC_REPRESENTATION_CONTEXT(2) 
PARAMETRIC_REPRESENTATION_CONTEXT() REPRESENTATION_CONTEXT('2D SPACE',''
  ) );
#7624 = ADVANCED_FACE('',(#7625),#1009,.T.);
#7625 = FACE_BOUND('',#7626,.T.);
#7626 = EDGE_LOOP('',(#7627,#7628,#7647,#7648));
#7627 = ORIENTED_EDGE('',*,*,#995,.F.);
#7628 = ORIENTED_EDGE('',*,*,#7629,.T.);
#7629 = EDGE_CURVE('',#910,#7562,#7630,.T.);
#7630 = SURFACE_CURVE('',#7631,(#7635,#7641),.PCURVE_S1.);
#7631 = LINE('',#7632,#7633);
#7632 = CARTESIAN_POINT('',(142.58,79.,0.));
#7633 = VECTOR('',#7634,1.);
#7634 = DIRECTION('',(0.,0.,1.));
#7635 = PCURVE('',#1009,#7636);
#7636 = DEFINITIONAL_REPRESENTATION('',(#7637),#7640);
#7637 = B_SPLINE_CURVE_WITH_KNOTS('',1,(#7638,#7639),.UNSPECIFIED.,.F.,
  .F.,(2,2),(0.,3.2),.PIECEWISE_BEZIER_KNOTS.);
#7638 = CARTESIAN_POINT('',(0.,2.58));
#7639 = CARTESIAN_POINT('',(3.2,2.58));
#7640 = ( GEOMETRIC_REPRESENTATION_CONTEXT(2) 
PARAMETRIC_REPRESENTATION_CONTEXT() REPRESENTATION_CONTEXT('2D SPACE',''
  ) );
#7641 = PCURVE('',#927,#7642);
#7642 = DEFINITIONAL_REPRESENTATION('',(#7643),#7646);
#7643 = B_SPLINE_CURVE_WITH_KNOTS('',1,(#7644,#7645),.UNSPECIFIED.,.F.,
  .F.,(2,2),(0.,3.2),.PIECEWISE_BEZIER_KNOTS.);
#7644 = CARTESIAN_POINT('',(0.,-54.44));
#7645 = CARTESIAN_POINT('',(3.2,-54.44));
#7646 = ( GEOMETRIC_REPRESENTATION_CONTEXT(2) 
PARAMETRIC_REPRESENTATION_CONTEXT() REPRESENTATION_CONTEXT('2D SPACE',''
  ) );
#7647 = ORIENTED_EDGE('',*,*,#7561,.T.);
#7648 = ORIENTED_EDGE('',*,*,#7649,.F.);
#7649 = EDGE_CURVE('',#968,#7564,#7650,.T.);
#7650 = SURFACE_CURVE('',#7651,(#7655,#7661),.PCURVE_S1.);
#7651 = LINE('',#7652,#7653);
#7652 = CARTESIAN_POINT('',(155.3,79.,0.));
#7653 = VECTOR('',#7654,1.);
#7654 = DIRECTION('',(0.,0.,1.));
#7655 = PCURVE('',#1009,#7656);
#7656 = DEFINITIONAL_REPRESENTATION('',(#7657),#7660);
#7657 = B_SPLINE_CURVE_WITH_KNOTS('',1,(#7658,#7659),.UNSPECIFIED.,.F.,
  .F.,(2,2),(0.,3.2),.PIECEWISE_BEZIER_KNOTS.);
#7658 = CARTESIAN_POINT('',(0.,15.3));
#7659 = CARTESIAN_POINT('',(3.2,15.3));
#7660 = ( GEOMETRIC_REPRESENTATION_CONTEXT(2) 
PARAMETRIC_REPRESENTATION_CONTEXT() REPRESENTATION_CONTEXT('2D SPACE',''
  ) );
#7661 = PCURVE('',#983,#7662);
#7662 = DEFINITIONAL_REPRESENTATION('',(#7663),#7666);
#7663 = B_SPLINE_CURVE_WITH_KNOTS('',1,(#7664,#7665),.UNSPECIFIED.,.F.,
  .F.,(2,2),(0.,3.2),.PIECEWISE_BEZIER_KNOTS.);
#7664 = CARTESIAN_POINT('',(0.,-18.96));
#7665 = CARTESIAN_POINT('',(3.2,-18.96));
#7666 = ( GEOMETRIC_REPRESENTATION_CONTEXT(2) 
PARAMETRIC_REPRESENTATION_CONTEXT() REPRESENTATION_CONTEXT('2D SPACE',''
  ) );
#7667 = ADVANCED_FACE('',(#7668),#983,.F.);
#7668 = FACE_BOUND('',#7669,.F.);
#7669 = EDGE_LOOP('',(#7670,#7691,#7692,#7713,#7714,#7715,#7716,#7717,
    #7718,#7737,#7738,#7739));
#7670 = ORIENTED_EDGE('',*,*,#7671,.T.);
#7671 = EDGE_CURVE('',#1339,#2984,#7672,.T.);
#7672 = SURFACE_CURVE('',#7673,(#7677,#7684),.PCURVE_S1.);
#7673 = LINE('',#7674,#7675);
#7674 = CARTESIAN_POINT('',(155.3,115.44,0.));
#7675 = VECTOR('',#7676,1.);
#7676 = DIRECTION('',(0.,0.,1.));
#7677 = PCURVE('',#983,#7678);
#7678 = DEFINITIONAL_REPRESENTATION('',(#7679),#7683);
#7679 = LINE('',#7680,#7681);
#7680 = CARTESIAN_POINT('',(0.,-55.4));
#7681 = VECTOR('',#7682,1.);
#7682 = DIRECTION('',(1.,0.));
#7683 = ( GEOMETRIC_REPRESENTATION_CONTEXT(2) 
PARAMETRIC_REPRESENTATION_CONTEXT() REPRESENTATION_CONTEXT('2D SPACE',''
  ) );
#7684 = PCURVE('',#565,#7685);
#7685 = DEFINITIONAL_REPRESENTATION('',(#7686),#7690);
#7686 = LINE('',#7687,#7688);
#7687 = CARTESIAN_POINT('',(0.,0.));
#7688 = VECTOR('',#7689,1.);
#7689 = DIRECTION('',(1.,0.));
#7690 = ( GEOMETRIC_REPRESENTATION_CONTEXT(2) 
PARAMETRIC_REPRESENTATION_CONTEXT() REPRESENTATION_CONTEXT('2D SPACE',''
  ) );
#7691 = ORIENTED_EDGE('',*,*,#2981,.F.);
#7692 = ORIENTED_EDGE('',*,*,#7693,.F.);
#7693 = EDGE_CURVE('',#1077,#2982,#7694,.T.);
#7694 = SURFACE_CURVE('',#7695,(#7699,#7706),.PCURVE_S1.);
#7695 = LINE('',#7696,#7697);
#7696 = CARTESIAN_POINT('',(155.3,60.04,0.));
#7697 = VECTOR('',#7698,1.);
#7698 = DIRECTION('',(0.,0.,1.));
#7699 = PCURVE('',#983,#7700);
#7700 = DEFINITIONAL_REPRESENTATION('',(#7701),#7705);
#7701 = LINE('',#7702,#7703);
#7702 = CARTESIAN_POINT('',(0.,0.));
#7703 = VECTOR('',#7704,1.);
#7704 = DIRECTION('',(1.,0.));
#7705 = ( GEOMETRIC_REPRESENTATION_CONTEXT(2) 
PARAMETRIC_REPRESENTATION_CONTEXT() REPRESENTATION_CONTEXT('2D SPACE',''
  ) );
#7706 = PCURVE('',#509,#7707);
#7707 = DEFINITIONAL_REPRESENTATION('',(#7708),#7712);
#7708 = LINE('',#7709,#7710);
#7709 = CARTESIAN_POINT('',(0.,0.));
#7710 = VECTOR('',#7711,1.);
#7711 = DIRECTION('',(1.,0.));
#7712 = ( GEOMETRIC_REPRESENTATION_CONTEXT(2) 
PARAMETRIC_REPRESENTATION_CONTEXT() REPRESENTATION_CONTEXT('2D SPACE',''
  ) );
#7713 = ORIENTED_EDGE('',*,*,#1076,.T.);
#7714 = ORIENTED_EDGE('',*,*,#7539,.T.);
#7715 = ORIENTED_EDGE('',*,*,#7606,.F.);
#7716 = ORIENTED_EDGE('',*,*,#7649,.F.);
#7717 = ORIENTED_EDGE('',*,*,#967,.T.);
#7718 = ORIENTED_EDGE('',*,*,#7719,.T.);
#7719 = EDGE_CURVE('',#940,#7259,#7720,.T.);
#7720 = SURFACE_CURVE('',#7721,(#7725,#7731),.PCURVE_S1.);
#7721 = LINE('',#7722,#7723);
#7722 = CARTESIAN_POINT('',(155.3,96.,0.));
#7723 = VECTOR('',#7724,1.);
#7724 = DIRECTION('',(0.,0.,1.));
#7725 = PCURVE('',#983,#7726);
#7726 = DEFINITIONAL_REPRESENTATION('',(#7727),#7730);
#7727 = B_SPLINE_CURVE_WITH_KNOTS('',1,(#7728,#7729),.UNSPECIFIED.,.F.,
  .F.,(2,2),(0.,3.2),.PIECEWISE_BEZIER_KNOTS.);
#7728 = CARTESIAN_POINT('',(0.,-35.96));
#7729 = CARTESIAN_POINT('',(3.2,-35.96));
#7730 = ( GEOMETRIC_REPRESENTATION_CONTEXT(2) 
PARAMETRIC_REPRESENTATION_CONTEXT() REPRESENTATION_CONTEXT('2D SPACE',''
  ) );
#7731 = PCURVE('',#955,#7732);
#7732 = DEFINITIONAL_REPRESENTATION('',(#7733),#7736);
#7733 = B_SPLINE_CURVE_WITH_KNOTS('',1,(#7734,#7735),.UNSPECIFIED.,.F.,
  .F.,(2,2),(0.,3.2),.PIECEWISE_BEZIER_KNOTS.);
#7734 = CARTESIAN_POINT('',(0.,15.3));
#7735 = CARTESIAN_POINT('',(3.2,15.3));
#7736 = ( GEOMETRIC_REPRESENTATION_CONTEXT(2) 
PARAMETRIC_REPRESENTATION_CONTEXT() REPRESENTATION_CONTEXT('2D SPACE',''
  ) );
#7737 = ORIENTED_EDGE('',*,*,#7281,.F.);
#7738 = ORIENTED_EDGE('',*,*,#7214,.F.);
#7739 = ORIENTED_EDGE('',*,*,#1361,.T.);
#7740 = ADVANCED_FACE('',(#7741),#955,.F.);
#7741 = FACE_BOUND('',#7742,.F.);
#7742 = EDGE_LOOP('',(#7743,#7744,#7763,#7764));
#7743 = ORIENTED_EDGE('',*,*,#939,.F.);
#7744 = ORIENTED_EDGE('',*,*,#7745,.T.);
#7745 = EDGE_CURVE('',#912,#7238,#7746,.T.);
#7746 = SURFACE_CURVE('',#7747,(#7751,#7757),.PCURVE_S1.);
#7747 = LINE('',#7748,#7749);
#7748 = CARTESIAN_POINT('',(142.58,96.,0.));
#7749 = VECTOR('',#7750,1.);
#7750 = DIRECTION('',(0.,0.,1.));
#7751 = PCURVE('',#955,#7752);
#7752 = DEFINITIONAL_REPRESENTATION('',(#7753),#7756);
#7753 = B_SPLINE_CURVE_WITH_KNOTS('',1,(#7754,#7755),.UNSPECIFIED.,.F.,
  .F.,(2,2),(0.,3.2),.PIECEWISE_BEZIER_KNOTS.);
#7754 = CARTESIAN_POINT('',(0.,2.58));
#7755 = CARTESIAN_POINT('',(3.2,2.58));
#7756 = ( GEOMETRIC_REPRESENTATION_CONTEXT(2) 
PARAMETRIC_REPRESENTATION_CONTEXT() REPRESENTATION_CONTEXT('2D SPACE',''
  ) );
#7757 = PCURVE('',#927,#7758);
#7758 = DEFINITIONAL_REPRESENTATION('',(#7759),#7762);
#7759 = B_SPLINE_CURVE_WITH_KNOTS('',1,(#7760,#7761),.UNSPECIFIED.,.F.,
  .F.,(2,2),(0.,3.2),.PIECEWISE_BEZIER_KNOTS.);
#7760 = CARTESIAN_POINT('',(0.,-71.44));
#7761 = CARTESIAN_POINT('',(3.2,-71.44));
#7762 = ( GEOMETRIC_REPRESENTATION_CONTEXT(2) 
PARAMETRIC_REPRESENTATION_CONTEXT() REPRESENTATION_CONTEXT('2D SPACE',''
  ) );
#7763 = ORIENTED_EDGE('',*,*,#7258,.T.);
#7764 = ORIENTED_EDGE('',*,*,#7719,.F.);
#7765 = ADVANCED_FACE('',(#7766),#927,.T.);
#7766 = FACE_BOUND('',#7767,.T.);
#7767 = EDGE_LOOP('',(#7768,#7789,#7790,#7791,#7792,#7793,#7794,#7795,
    #7796,#7797,#7798,#7819));
#7768 = ORIENTED_EDGE('',*,*,#7769,.F.);
#7769 = EDGE_CURVE('',#1024,#6929,#7770,.T.);
#7770 = SURFACE_CURVE('',#7771,(#7775,#7782),.PCURVE_S1.);
#7771 = LINE('',#7772,#7773);
#7772 = CARTESIAN_POINT('',(142.58,24.56,0.));
#7773 = VECTOR('',#7774,1.);
#7774 = DIRECTION('',(0.,0.,1.));
#7775 = PCURVE('',#927,#7776);
#7776 = DEFINITIONAL_REPRESENTATION('',(#7777),#7781);
#7777 = LINE('',#7778,#7779);
#7778 = CARTESIAN_POINT('',(0.,0.));
#7779 = VECTOR('',#7780,1.);
#7780 = DIRECTION('',(1.,0.));
#7781 = ( GEOMETRIC_REPRESENTATION_CONTEXT(2) 
PARAMETRIC_REPRESENTATION_CONTEXT() REPRESENTATION_CONTEXT('2D SPACE',''
  ) );
#7782 = PCURVE('',#66,#7783);
#7783 = DEFINITIONAL_REPRESENTATION('',(#7784),#7788);
#7784 = LINE('',#7785,#7786);
#7785 = CARTESIAN_POINT('',(0.,133.16));
#7786 = VECTOR('',#7787,1.);
#7787 = DIRECTION('',(1.,0.));
#7788 = ( GEOMETRIC_REPRESENTATION_CONTEXT(2) 
PARAMETRIC_REPRESENTATION_CONTEXT() REPRESENTATION_CONTEXT('2D SPACE',''
  ) );
#7789 = ORIENTED_EDGE('',*,*,#1023,.T.);
#7790 = ORIENTED_EDGE('',*,*,#7490,.T.);
#7791 = ORIENTED_EDGE('',*,*,#7586,.F.);
#7792 = ORIENTED_EDGE('',*,*,#7629,.F.);
#7793 = ORIENTED_EDGE('',*,*,#909,.T.);
#7794 = ORIENTED_EDGE('',*,*,#7745,.T.);
#7795 = ORIENTED_EDGE('',*,*,#7237,.F.);
#7796 = ORIENTED_EDGE('',*,*,#7165,.F.);
#7797 = ORIENTED_EDGE('',*,*,#1412,.T.);
#7798 = ORIENTED_EDGE('',*,*,#7799,.T.);
#7799 = EDGE_CURVE('',#1232,#6863,#7800,.T.);
#7800 = SURFACE_CURVE('',#7801,(#7805,#7812),.PCURVE_S1.);
#7801 = LINE('',#7802,#7803);
#7802 = CARTESIAN_POINT('',(142.58,115.44,0.));
#7803 = VECTOR('',#7804,1.);
#7804 = DIRECTION('',(0.,0.,1.));
#7805 = PCURVE('',#927,#7806);
#7806 = DEFINITIONAL_REPRESENTATION('',(#7807),#7811);
#7807 = LINE('',#7808,#7809);
#7808 = CARTESIAN_POINT('',(0.,-90.88));
#7809 = VECTOR('',#7810,1.);
#7810 = DIRECTION('',(1.,0.));
#7811 = ( GEOMETRIC_REPRESENTATION_CONTEXT(2) 
PARAMETRIC_REPRESENTATION_CONTEXT() REPRESENTATION_CONTEXT('2D SPACE',''
  ) );
#7812 = PCURVE('',#122,#7813);
#7813 = DEFINITIONAL_REPRESENTATION('',(#7814),#7818);
#7814 = LINE('',#7815,#7816);
#7815 = CARTESIAN_POINT('',(0.,133.16));
#7816 = VECTOR('',#7817,1.);
#7817 = DIRECTION('',(1.,0.));
#7818 = ( GEOMETRIC_REPRESENTATION_CONTEXT(2) 
PARAMETRIC_REPRESENTATION_CONTEXT() REPRESENTATION_CONTEXT('2D SPACE',''
  ) );
#7819 = ORIENTED_EDGE('',*,*,#6928,.F.);
#7820 = ADVANCED_FACE('',(#7821),#873,.F.);
#7821 = FACE_BOUND('',#7822,.F.);
#7822 = EDGE_LOOP('',(#7823,#7842,#7843,#7862));
#7823 = ORIENTED_EDGE('',*,*,#7824,.T.);
#7824 = EDGE_CURVE('',#3829,#858,#7825,.T.);
#7825 = SURFACE_CURVE('',#7826,(#7830,#7836),.PCURVE_S1.);
#7826 = LINE('',#7827,#7828);
#7827 = CARTESIAN_POINT('',(13.,115.44,0.));
#7828 = VECTOR('',#7829,1.);
#7829 = DIRECTION('',(-0.,0.,-1.));
#7830 = PCURVE('',#873,#7831);
#7831 = DEFINITIONAL_REPRESENTATION('',(#7832),#7835);
#7832 = B_SPLINE_CURVE_WITH_KNOTS('',1,(#7833,#7834),.UNSPECIFIED.,.F.,
  .F.,(2,2),(-3.2,0.),.PIECEWISE_BEZIER_KNOTS.);
#7833 = CARTESIAN_POINT('',(3.2,-97.44));
#7834 = CARTESIAN_POINT('',(0.,-97.44));
#7835 = ( GEOMETRIC_REPRESENTATION_CONTEXT(2) 
PARAMETRIC_REPRESENTATION_CONTEXT() REPRESENTATION_CONTEXT('2D SPACE',''
  ) );
#7836 = PCURVE('',#122,#7837);
#7837 = DEFINITIONAL_REPRESENTATION('',(#7838),#7841);
#7838 = B_SPLINE_CURVE_WITH_KNOTS('',1,(#7839,#7840),.UNSPECIFIED.,.F.,
  .F.,(2,2),(-3.2,0.),.PIECEWISE_BEZIER_KNOTS.);
#7839 = CARTESIAN_POINT('',(3.2,3.58));
#7840 = CARTESIAN_POINT('',(0.,3.58));
#7841 = ( GEOMETRIC_REPRESENTATION_CONTEXT(2) 
PARAMETRIC_REPRESENTATION_CONTEXT() REPRESENTATION_CONTEXT('2D SPACE',''
  ) );
#7842 = ORIENTED_EDGE('',*,*,#857,.T.);
#7843 = ORIENTED_EDGE('',*,*,#7844,.F.);
#7844 = EDGE_CURVE('',#3831,#830,#7845,.T.);
#7845 = SURFACE_CURVE('',#7846,(#7850,#7856),.PCURVE_S1.);
#7846 = LINE('',#7847,#7848);
#7847 = CARTESIAN_POINT('',(13.,120.,0.));
#7848 = VECTOR('',#7849,1.);
#7849 = DIRECTION('',(-0.,0.,-1.));
#7850 = PCURVE('',#873,#7851);
#7851 = DEFINITIONAL_REPRESENTATION('',(#7852),#7855);
#7852 = B_SPLINE_CURVE_WITH_KNOTS('',1,(#7853,#7854),.UNSPECIFIED.,.F.,
  .F.,(2,2),(-3.2,0.),.PIECEWISE_BEZIER_KNOTS.);
#7853 = CARTESIAN_POINT('',(3.2,-102.));
#7854 = CARTESIAN_POINT('',(0.,-102.));
#7855 = ( GEOMETRIC_REPRESENTATION_CONTEXT(2) 
PARAMETRIC_REPRESENTATION_CONTEXT() REPRESENTATION_CONTEXT('2D SPACE',''
  ) );
#7856 = PCURVE('',#845,#7857);
#7857 = DEFINITIONAL_REPRESENTATION('',(#7858),#7861);
#7858 = B_SPLINE_CURVE_WITH_KNOTS('',1,(#7859,#7860),.UNSPECIFIED.,.F.,
  .F.,(2,2),(-3.2,0.),.PIECEWISE_BEZIER_KNOTS.);
#7859 = CARTESIAN_POINT('',(3.2,9.));
#7860 = CARTESIAN_POINT('',(0.,9.));
#7861 = ( GEOMETRIC_REPRESENTATION_CONTEXT(2) 
PARAMETRIC_REPRESENTATION_CONTEXT() REPRESENTATION_CONTEXT('2D SPACE',''
  ) );
#7862 = ORIENTED_EDGE('',*,*,#3828,.F.);
#7863 = ADVANCED_FACE('',(#7864),#845,.F.);
#7864 = FACE_BOUND('',#7865,.F.);
#7865 = EDGE_LOOP('',(#7866,#7867,#7888,#7889));
#7866 = ORIENTED_EDGE('',*,*,#829,.F.);
#7867 = ORIENTED_EDGE('',*,*,#7868,.T.);
#7868 = EDGE_CURVE('',#802,#4151,#7869,.T.);
#7869 = SURFACE_CURVE('',#7870,(#7874,#7881),.PCURVE_S1.);
#7870 = LINE('',#7871,#7872);
#7871 = CARTESIAN_POINT('',(4.,120.,0.));
#7872 = VECTOR('',#7873,1.);
#7873 = DIRECTION('',(0.,0.,1.));
#7874 = PCURVE('',#845,#7875);
#7875 = DEFINITIONAL_REPRESENTATION('',(#7876),#7880);
#7876 = LINE('',#7877,#7878);
#7877 = CARTESIAN_POINT('',(0.,0.));
#7878 = VECTOR('',#7879,1.);
#7879 = DIRECTION('',(1.,0.));
#7880 = ( GEOMETRIC_REPRESENTATION_CONTEXT(2) 
PARAMETRIC_REPRESENTATION_CONTEXT() REPRESENTATION_CONTEXT('2D SPACE',''
  ) );
#7881 = PCURVE('',#817,#7882);
#7882 = DEFINITIONAL_REPRESENTATION('',(#7883),#7887);
#7883 = LINE('',#7884,#7885);
#7884 = CARTESIAN_POINT('',(0.,0.));
#7885 = VECTOR('',#7886,1.);
#7886 = DIRECTION('',(1.,0.));
#7887 = ( GEOMETRIC_REPRESENTATION_CONTEXT(2) 
PARAMETRIC_REPRESENTATION_CONTEXT() REPRESENTATION_CONTEXT('2D SPACE',''
  ) );
#7888 = ORIENTED_EDGE('',*,*,#4173,.T.);
#7889 = ORIENTED_EDGE('',*,*,#7844,.T.);
#7890 = ADVANCED_FACE('',(#7891),#817,.F.);
#7891 = FACE_BOUND('',#7892,.F.);
#7892 = EDGE_LOOP('',(#7893,#7894,#7895,#7916));
#7893 = ORIENTED_EDGE('',*,*,#7868,.F.);
#7894 = ORIENTED_EDGE('',*,*,#801,.T.);
#7895 = ORIENTED_EDGE('',*,*,#7896,.T.);
#7896 = EDGE_CURVE('',#774,#4128,#7897,.T.);
#7897 = SURFACE_CURVE('',#7898,(#7902,#7909),.PCURVE_S1.);
#7898 = LINE('',#7899,#7900);
#7899 = CARTESIAN_POINT('',(4.,136.,0.));
#7900 = VECTOR('',#7901,1.);
#7901 = DIRECTION('',(0.,0.,1.));
#7902 = PCURVE('',#817,#7903);
#7903 = DEFINITIONAL_REPRESENTATION('',(#7904),#7908);
#7904 = LINE('',#7905,#7906);
#7905 = CARTESIAN_POINT('',(0.,-16.));
#7906 = VECTOR('',#7907,1.);
#7907 = DIRECTION('',(1.,0.));
#7908 = ( GEOMETRIC_REPRESENTATION_CONTEXT(2) 
PARAMETRIC_REPRESENTATION_CONTEXT() REPRESENTATION_CONTEXT('2D SPACE',''
  ) );
#7909 = PCURVE('',#789,#7910);
#7910 = DEFINITIONAL_REPRESENTATION('',(#7911),#7915);
#7911 = LINE('',#7912,#7913);
#7912 = CARTESIAN_POINT('',(0.,0.));
#7913 = VECTOR('',#7914,1.);
#7914 = DIRECTION('',(1.,0.));
#7915 = ( GEOMETRIC_REPRESENTATION_CONTEXT(2) 
PARAMETRIC_REPRESENTATION_CONTEXT() REPRESENTATION_CONTEXT('2D SPACE',''
  ) );
#7916 = ORIENTED_EDGE('',*,*,#4150,.F.);
#7917 = ADVANCED_FACE('',(#7918),#789,.T.);
#7918 = FACE_BOUND('',#7919,.T.);
#7919 = EDGE_LOOP('',(#7920,#7921,#7922,#7923));
#7920 = ORIENTED_EDGE('',*,*,#773,.F.);
#7921 = ORIENTED_EDGE('',*,*,#7896,.T.);
#7922 = ORIENTED_EDGE('',*,*,#4127,.T.);
#7923 = ORIENTED_EDGE('',*,*,#7924,.F.);
#7924 = EDGE_CURVE('',#746,#4105,#7925,.T.);
#7925 = SURFACE_CURVE('',#7926,(#7930,#7937),.PCURVE_S1.);
#7926 = LINE('',#7927,#7928);
#7927 = CARTESIAN_POINT('',(28.,136.,0.));
#7928 = VECTOR('',#7929,1.);
#7929 = DIRECTION('',(0.,0.,1.));
#7930 = PCURVE('',#789,#7931);
#7931 = DEFINITIONAL_REPRESENTATION('',(#7932),#7936);
#7932 = LINE('',#7933,#7934);
#7933 = CARTESIAN_POINT('',(0.,24.));
#7934 = VECTOR('',#7935,1.);
#7935 = DIRECTION('',(1.,0.));
#7936 = ( GEOMETRIC_REPRESENTATION_CONTEXT(2) 
PARAMETRIC_REPRESENTATION_CONTEXT() REPRESENTATION_CONTEXT('2D SPACE',''
  ) );
#7937 = PCURVE('',#761,#7938);
#7938 = DEFINITIONAL_REPRESENTATION('',(#7939),#7943);
#7939 = LINE('',#7940,#7941);
#7940 = CARTESIAN_POINT('',(0.,-16.));
#7941 = VECTOR('',#7942,1.);
#7942 = DIRECTION('',(1.,0.));
#7943 = ( GEOMETRIC_REPRESENTATION_CONTEXT(2) 
PARAMETRIC_REPRESENTATION_CONTEXT() REPRESENTATION_CONTEXT('2D SPACE',''
  ) );
#7944 = ADVANCED_FACE('',(#7945),#761,.T.);
#7945 = FACE_BOUND('',#7946,.T.);
#7946 = EDGE_LOOP('',(#7947,#7948,#7967,#7968));
#7947 = ORIENTED_EDGE('',*,*,#4104,.F.);
#7948 = ORIENTED_EDGE('',*,*,#7949,.F.);
#7949 = EDGE_CURVE('',#718,#4082,#7950,.T.);
#7950 = SURFACE_CURVE('',#7951,(#7955,#7961),.PCURVE_S1.);
#7951 = LINE('',#7952,#7953);
#7952 = CARTESIAN_POINT('',(28.,125.,0.));
#7953 = VECTOR('',#7954,1.);
#7954 = DIRECTION('',(0.,0.,1.));
#7955 = PCURVE('',#761,#7956);
#7956 = DEFINITIONAL_REPRESENTATION('',(#7957),#7960);
#7957 = B_SPLINE_CURVE_WITH_KNOTS('',1,(#7958,#7959),.UNSPECIFIED.,.F.,
  .F.,(2,2),(0.,3.2),.PIECEWISE_BEZIER_KNOTS.);
#7958 = CARTESIAN_POINT('',(0.,-5.));
#7959 = CARTESIAN_POINT('',(3.2,-5.));
#7960 = ( GEOMETRIC_REPRESENTATION_CONTEXT(2) 
PARAMETRIC_REPRESENTATION_CONTEXT() REPRESENTATION_CONTEXT('2D SPACE',''
  ) );
#7961 = PCURVE('',#733,#7962);
#7962 = DEFINITIONAL_REPRESENTATION('',(#7963),#7966);
#7963 = B_SPLINE_CURVE_WITH_KNOTS('',1,(#7964,#7965),.UNSPECIFIED.,.F.,
  .F.,(2,2),(0.,3.2),.PIECEWISE_BEZIER_KNOTS.);
#7964 = CARTESIAN_POINT('',(0.,12.));
#7965 = CARTESIAN_POINT('',(3.2,12.));
#7966 = ( GEOMETRIC_REPRESENTATION_CONTEXT(2) 
PARAMETRIC_REPRESENTATION_CONTEXT() REPRESENTATION_CONTEXT('2D SPACE',''
  ) );
#7967 = ORIENTED_EDGE('',*,*,#745,.T.);
#7968 = ORIENTED_EDGE('',*,*,#7924,.T.);
#7969 = ADVANCED_FACE('',(#7970),#733,.T.);
#7970 = FACE_BOUND('',#7971,.T.);
#7971 = EDGE_LOOP('',(#7972,#7973,#7974,#7975));
#7972 = ORIENTED_EDGE('',*,*,#717,.F.);
#7973 = ORIENTED_EDGE('',*,*,#7949,.T.);
#7974 = ORIENTED_EDGE('',*,*,#4081,.T.);
#7975 = ORIENTED_EDGE('',*,*,#7976,.F.);
#7976 = EDGE_CURVE('',#690,#4059,#7977,.T.);
#7977 = SURFACE_CURVE('',#7978,(#7982,#7988),.PCURVE_S1.);
#7978 = LINE('',#7979,#7980);
#7979 = CARTESIAN_POINT('',(182.,125.,0.));
#7980 = VECTOR('',#7981,1.);
#7981 = DIRECTION('',(0.,0.,1.));
#7982 = PCURVE('',#733,#7983);
#7983 = DEFINITIONAL_REPRESENTATION('',(#7984),#7987);
#7984 = B_SPLINE_CURVE_WITH_KNOTS('',1,(#7985,#7986),.UNSPECIFIED.,.F.,
  .F.,(2,2),(0.,3.2),.PIECEWISE_BEZIER_KNOTS.);
#7985 = CARTESIAN_POINT('',(0.,166.));
#7986 = CARTESIAN_POINT('',(3.2,166.));
#7987 = ( GEOMETRIC_REPRESENTATION_CONTEXT(2) 
PARAMETRIC_REPRESENTATION_CONTEXT() REPRESENTATION_CONTEXT('2D SPACE',''
  ) );
#7988 = PCURVE('',#705,#7989);
#7989 = DEFINITIONAL_REPRESENTATION('',(#7990),#7993);
#7990 = B_SPLINE_CURVE_WITH_KNOTS('',1,(#7991,#7992),.UNSPECIFIED.,.F.,
  .F.,(2,2),(0.,3.2),.PIECEWISE_BEZIER_KNOTS.);
#7991 = CARTESIAN_POINT('',(0.,-5.));
#7992 = CARTESIAN_POINT('',(3.2,-5.));
#7993 = ( GEOMETRIC_REPRESENTATION_CONTEXT(2) 
PARAMETRIC_REPRESENTATION_CONTEXT() REPRESENTATION_CONTEXT('2D SPACE',''
  ) );
#7994 = ADVANCED_FACE('',(#7995),#705,.F.);
#7995 = FACE_BOUND('',#7996,.F.);
#7996 = EDGE_LOOP('',(#7997,#7998,#7999,#8000));
#7997 = ORIENTED_EDGE('',*,*,#4058,.F.);
#7998 = ORIENTED_EDGE('',*,*,#7976,.F.);
#7999 = ORIENTED_EDGE('',*,*,#689,.T.);
#8000 = ORIENTED_EDGE('',*,*,#8001,.T.);
#8001 = EDGE_CURVE('',#662,#4036,#8002,.T.);
#8002 = SURFACE_CURVE('',#8003,(#8007,#8014),.PCURVE_S1.);
#8003 = LINE('',#8004,#8005);
#8004 = CARTESIAN_POINT('',(182.,136.,0.));
#8005 = VECTOR('',#8006,1.);
#8006 = DIRECTION('',(0.,0.,1.));
#8007 = PCURVE('',#705,#8008);
#8008 = DEFINITIONAL_REPRESENTATION('',(#8009),#8013);
#8009 = LINE('',#8010,#8011);
#8010 = CARTESIAN_POINT('',(0.,-16.));
#8011 = VECTOR('',#8012,1.);
#8012 = DIRECTION('',(1.,0.));
#8013 = ( GEOMETRIC_REPRESENTATION_CONTEXT(2) 
PARAMETRIC_REPRESENTATION_CONTEXT() REPRESENTATION_CONTEXT('2D SPACE',''
  ) );
#8014 = PCURVE('',#677,#8015);
#8015 = DEFINITIONAL_REPRESENTATION('',(#8016),#8020);
#8016 = LINE('',#8017,#8018);
#8017 = CARTESIAN_POINT('',(0.,0.));
#8018 = VECTOR('',#8019,1.);
#8019 = DIRECTION('',(1.,0.));
#8020 = ( GEOMETRIC_REPRESENTATION_CONTEXT(2) 
PARAMETRIC_REPRESENTATION_CONTEXT() REPRESENTATION_CONTEXT('2D SPACE',''
  ) );
#8021 = ADVANCED_FACE('',(#8022),#677,.T.);
#8022 = FACE_BOUND('',#8023,.T.);
#8023 = EDGE_LOOP('',(#8024,#8025,#8026,#8027));
#8024 = ORIENTED_EDGE('',*,*,#661,.F.);
#8025 = ORIENTED_EDGE('',*,*,#8001,.T.);
#8026 = ORIENTED_EDGE('',*,*,#4035,.T.);
#8027 = ORIENTED_EDGE('',*,*,#8028,.F.);
#8028 = EDGE_CURVE('',#634,#4013,#8029,.T.);
#8029 = SURFACE_CURVE('',#8030,(#8034,#8041),.PCURVE_S1.);
#8030 = LINE('',#8031,#8032);
#8031 = CARTESIAN_POINT('',(206.,136.,0.));
#8032 = VECTOR('',#8033,1.);
#8033 = DIRECTION('',(0.,0.,1.));
#8034 = PCURVE('',#677,#8035);
#8035 = DEFINITIONAL_REPRESENTATION('',(#8036),#8040);
#8036 = LINE('',#8037,#8038);
#8037 = CARTESIAN_POINT('',(0.,24.));
#8038 = VECTOR('',#8039,1.);
#8039 = DIRECTION('',(1.,0.));
#8040 = ( GEOMETRIC_REPRESENTATION_CONTEXT(2) 
PARAMETRIC_REPRESENTATION_CONTEXT() REPRESENTATION_CONTEXT('2D SPACE',''
  ) );
#8041 = PCURVE('',#649,#8042);
#8042 = DEFINITIONAL_REPRESENTATION('',(#8043),#8047);
#8043 = LINE('',#8044,#8045);
#8044 = CARTESIAN_POINT('',(0.,-16.));
#8045 = VECTOR('',#8046,1.);
#8046 = DIRECTION('',(1.,0.));
#8047 = ( GEOMETRIC_REPRESENTATION_CONTEXT(2) 
PARAMETRIC_REPRESENTATION_CONTEXT() REPRESENTATION_CONTEXT('2D SPACE',''
  ) );
#8048 = ADVANCED_FACE('',(#8049),#649,.T.);
#8049 = FACE_BOUND('',#8050,.T.);
#8050 = EDGE_LOOP('',(#8051,#8072,#8073,#8074));
#8051 = ORIENTED_EDGE('',*,*,#8052,.F.);
#8052 = EDGE_CURVE('',#606,#3990,#8053,.T.);
#8053 = SURFACE_CURVE('',#8054,(#8058,#8065),.PCURVE_S1.);
#8054 = LINE('',#8055,#8056);
#8055 = CARTESIAN_POINT('',(206.,120.,0.));
#8056 = VECTOR('',#8057,1.);
#8057 = DIRECTION('',(0.,0.,1.));
#8058 = PCURVE('',#649,#8059);
#8059 = DEFINITIONAL_REPRESENTATION('',(#8060),#8064);
#8060 = LINE('',#8061,#8062);
#8061 = CARTESIAN_POINT('',(0.,0.));
#8062 = VECTOR('',#8063,1.);
#8063 = DIRECTION('',(1.,0.));
#8064 = ( GEOMETRIC_REPRESENTATION_CONTEXT(2) 
PARAMETRIC_REPRESENTATION_CONTEXT() REPRESENTATION_CONTEXT('2D SPACE',''
  ) );
#8065 = PCURVE('',#621,#8066);
#8066 = DEFINITIONAL_REPRESENTATION('',(#8067),#8071);
#8067 = LINE('',#8068,#8069);
#8068 = CARTESIAN_POINT('',(0.,24.));
#8069 = VECTOR('',#8070,1.);
#8070 = DIRECTION('',(1.,0.));
#8071 = ( GEOMETRIC_REPRESENTATION_CONTEXT(2) 
PARAMETRIC_REPRESENTATION_CONTEXT() REPRESENTATION_CONTEXT('2D SPACE',''
  ) );
#8072 = ORIENTED_EDGE('',*,*,#633,.T.);
#8073 = ORIENTED_EDGE('',*,*,#8028,.T.);
#8074 = ORIENTED_EDGE('',*,*,#4012,.F.);
#8075 = ADVANCED_FACE('',(#8076),#621,.F.);
#8076 = FACE_BOUND('',#8077,.F.);
#8077 = EDGE_LOOP('',(#8078,#8079,#8098,#8099));
#8078 = ORIENTED_EDGE('',*,*,#605,.F.);
#8079 = ORIENTED_EDGE('',*,*,#8080,.F.);
#8080 = EDGE_CURVE('',#3967,#578,#8081,.T.);
#8081 = SURFACE_CURVE('',#8082,(#8086,#8092),.PCURVE_S1.);
#8082 = LINE('',#8083,#8084);
#8083 = CARTESIAN_POINT('',(197.,120.,0.));
#8084 = VECTOR('',#8085,1.);
#8085 = DIRECTION('',(-0.,0.,-1.));
#8086 = PCURVE('',#621,#8087);
#8087 = DEFINITIONAL_REPRESENTATION('',(#8088),#8091);
#8088 = B_SPLINE_CURVE_WITH_KNOTS('',1,(#8089,#8090),.UNSPECIFIED.,.F.,
  .F.,(2,2),(-3.2,0.),.PIECEWISE_BEZIER_KNOTS.);
#8089 = CARTESIAN_POINT('',(3.2,15.));
#8090 = CARTESIAN_POINT('',(0.,15.));
#8091 = ( GEOMETRIC_REPRESENTATION_CONTEXT(2) 
PARAMETRIC_REPRESENTATION_CONTEXT() REPRESENTATION_CONTEXT('2D SPACE',''
  ) );
#8092 = PCURVE('',#593,#8093);
#8093 = DEFINITIONAL_REPRESENTATION('',(#8094),#8097);
#8094 = B_SPLINE_CURVE_WITH_KNOTS('',1,(#8095,#8096),.UNSPECIFIED.,.F.,
  .F.,(2,2),(-3.2,0.),.PIECEWISE_BEZIER_KNOTS.);
#8095 = CARTESIAN_POINT('',(3.2,-102.));
#8096 = CARTESIAN_POINT('',(0.,-102.));
#8097 = ( GEOMETRIC_REPRESENTATION_CONTEXT(2) 
PARAMETRIC_REPRESENTATION_CONTEXT() REPRESENTATION_CONTEXT('2D SPACE',''
  ) );
#8098 = ORIENTED_EDGE('',*,*,#3989,.T.);
#8099 = ORIENTED_EDGE('',*,*,#8052,.F.);
#8100 = ADVANCED_FACE('',(#8101),#593,.T.);
#8101 = FACE_BOUND('',#8102,.T.);
#8102 = EDGE_LOOP('',(#8103,#8104,#8123,#8124));
#8103 = ORIENTED_EDGE('',*,*,#3966,.F.);
#8104 = ORIENTED_EDGE('',*,*,#8105,.T.);
#8105 = EDGE_CURVE('',#3945,#550,#8106,.T.);
#8106 = SURFACE_CURVE('',#8107,(#8111,#8117),.PCURVE_S1.);
#8107 = LINE('',#8108,#8109);
#8108 = CARTESIAN_POINT('',(197.,115.44,0.));
#8109 = VECTOR('',#8110,1.);
#8110 = DIRECTION('',(-0.,0.,-1.));
#8111 = PCURVE('',#593,#8112);
#8112 = DEFINITIONAL_REPRESENTATION('',(#8113),#8116);
#8113 = B_SPLINE_CURVE_WITH_KNOTS('',1,(#8114,#8115),.UNSPECIFIED.,.F.,
  .F.,(2,2),(-3.2,0.),.PIECEWISE_BEZIER_KNOTS.);
#8114 = CARTESIAN_POINT('',(3.2,-97.44));
#8115 = CARTESIAN_POINT('',(0.,-97.44));
#8116 = ( GEOMETRIC_REPRESENTATION_CONTEXT(2) 
PARAMETRIC_REPRESENTATION_CONTEXT() REPRESENTATION_CONTEXT('2D SPACE',''
  ) );
#8117 = PCURVE('',#565,#8118);
#8118 = DEFINITIONAL_REPRESENTATION('',(#8119),#8122);
#8119 = B_SPLINE_CURVE_WITH_KNOTS('',1,(#8120,#8121),.UNSPECIFIED.,.F.,
  .F.,(2,2),(-3.2,0.),.PIECEWISE_BEZIER_KNOTS.);
#8120 = CARTESIAN_POINT('',(3.2,41.7));
#8121 = CARTESIAN_POINT('',(0.,41.7));
#8122 = ( GEOMETRIC_REPRESENTATION_CONTEXT(2) 
PARAMETRIC_REPRESENTATION_CONTEXT() REPRESENTATION_CONTEXT('2D SPACE',''
  ) );
#8123 = ORIENTED_EDGE('',*,*,#577,.T.);
#8124 = ORIENTED_EDGE('',*,*,#8080,.F.);
#8125 = ADVANCED_FACE('',(#8126),#565,.T.);
#8126 = FACE_BOUND('',#8127,.T.);
#8127 = EDGE_LOOP('',(#8128,#8129,#8130,#8131,#8152,#8153,#8154,#8155));
#8128 = ORIENTED_EDGE('',*,*,#1338,.F.);
#8129 = ORIENTED_EDGE('',*,*,#7671,.T.);
#8130 = ORIENTED_EDGE('',*,*,#3052,.T.);
#8131 = ORIENTED_EDGE('',*,*,#8132,.F.);
#8132 = EDGE_CURVE('',#522,#3030,#8133,.T.);
#8133 = SURFACE_CURVE('',#8134,(#8138,#8145),.PCURVE_S1.);
#8134 = LINE('',#8135,#8136);
#8135 = CARTESIAN_POINT('',(210.7,115.44,0.));
#8136 = VECTOR('',#8137,1.);
#8137 = DIRECTION('',(0.,0.,1.));
#8138 = PCURVE('',#565,#8139);
#8139 = DEFINITIONAL_REPRESENTATION('',(#8140),#8144);
#8140 = LINE('',#8141,#8142);
#8141 = CARTESIAN_POINT('',(0.,55.4));
#8142 = VECTOR('',#8143,1.);
#8143 = DIRECTION('',(1.,0.));
#8144 = ( GEOMETRIC_REPRESENTATION_CONTEXT(2) 
PARAMETRIC_REPRESENTATION_CONTEXT() REPRESENTATION_CONTEXT('2D SPACE',''
  ) );
#8145 = PCURVE('',#537,#8146);
#8146 = DEFINITIONAL_REPRESENTATION('',(#8147),#8151);
#8147 = LINE('',#8148,#8149);
#8148 = CARTESIAN_POINT('',(0.,-55.4));
#8149 = VECTOR('',#8150,1.);
#8150 = DIRECTION('',(1.,0.));
#8151 = ( GEOMETRIC_REPRESENTATION_CONTEXT(2) 
PARAMETRIC_REPRESENTATION_CONTEXT() REPRESENTATION_CONTEXT('2D SPACE',''
  ) );
#8152 = ORIENTED_EDGE('',*,*,#549,.F.);
#8153 = ORIENTED_EDGE('',*,*,#8105,.F.);
#8154 = ORIENTED_EDGE('',*,*,#3944,.F.);
#8155 = ORIENTED_EDGE('',*,*,#7304,.T.);
#8156 = ADVANCED_FACE('',(#8157),#537,.T.);
#8157 = FACE_BOUND('',#8158,.T.);
#8158 = EDGE_LOOP('',(#8159,#8180,#8181,#8182));
#8159 = ORIENTED_EDGE('',*,*,#8160,.F.);
#8160 = EDGE_CURVE('',#494,#3007,#8161,.T.);
#8161 = SURFACE_CURVE('',#8162,(#8166,#8173),.PCURVE_S1.);
#8162 = LINE('',#8163,#8164);
#8163 = CARTESIAN_POINT('',(210.7,60.04,0.));
#8164 = VECTOR('',#8165,1.);
#8165 = DIRECTION('',(0.,0.,1.));
#8166 = PCURVE('',#537,#8167);
#8167 = DEFINITIONAL_REPRESENTATION('',(#8168),#8172);
#8168 = LINE('',#8169,#8170);
#8169 = CARTESIAN_POINT('',(0.,0.));
#8170 = VECTOR('',#8171,1.);
#8171 = DIRECTION('',(1.,0.));
#8172 = ( GEOMETRIC_REPRESENTATION_CONTEXT(2) 
PARAMETRIC_REPRESENTATION_CONTEXT() REPRESENTATION_CONTEXT('2D SPACE',''
  ) );
#8173 = PCURVE('',#509,#8174);
#8174 = DEFINITIONAL_REPRESENTATION('',(#8175),#8179);
#8175 = LINE('',#8176,#8177);
#8176 = CARTESIAN_POINT('',(0.,55.4));
#8177 = VECTOR('',#8178,1.);
#8178 = DIRECTION('',(1.,0.));
#8179 = ( GEOMETRIC_REPRESENTATION_CONTEXT(2) 
PARAMETRIC_REPRESENTATION_CONTEXT() REPRESENTATION_CONTEXT('2D SPACE',''
  ) );
#8180 = ORIENTED_EDGE('',*,*,#521,.T.);
#8181 = ORIENTED_EDGE('',*,*,#8132,.T.);
#8182 = ORIENTED_EDGE('',*,*,#3029,.F.);
#8183 = ADVANCED_FACE('',(#8184),#509,.F.);
#8184 = FACE_BOUND('',#8185,.F.);
#8185 = EDGE_LOOP('',(#8186,#8187,#8188,#8189,#8190,#8191,#8210,#8211));
#8186 = ORIENTED_EDGE('',*,*,#1099,.F.);
#8187 = ORIENTED_EDGE('',*,*,#7693,.T.);
#8188 = ORIENTED_EDGE('',*,*,#3006,.T.);
#8189 = ORIENTED_EDGE('',*,*,#8160,.F.);
#8190 = ORIENTED_EDGE('',*,*,#493,.F.);
#8191 = ORIENTED_EDGE('',*,*,#8192,.F.);
#8192 = EDGE_CURVE('',#4753,#466,#8193,.T.);
#8193 = SURFACE_CURVE('',#8194,(#8198,#8204),.PCURVE_S1.);
#8194 = LINE('',#8195,#8196);
#8195 = CARTESIAN_POINT('',(197.,60.04,0.));
#8196 = VECTOR('',#8197,1.);
#8197 = DIRECTION('',(-0.,0.,-1.));
#8198 = PCURVE('',#509,#8199);
#8199 = DEFINITIONAL_REPRESENTATION('',(#8200),#8203);
#8200 = B_SPLINE_CURVE_WITH_KNOTS('',1,(#8201,#8202),.UNSPECIFIED.,.F.,
  .F.,(2,2),(-3.2,0.),.PIECEWISE_BEZIER_KNOTS.);
#8201 = CARTESIAN_POINT('',(3.2,41.7));
#8202 = CARTESIAN_POINT('',(0.,41.7));
#8203 = ( GEOMETRIC_REPRESENTATION_CONTEXT(2) 
PARAMETRIC_REPRESENTATION_CONTEXT() REPRESENTATION_CONTEXT('2D SPACE',''
  ) );
#8204 = PCURVE('',#481,#8205);
#8205 = DEFINITIONAL_REPRESENTATION('',(#8206),#8209);
#8206 = B_SPLINE_CURVE_WITH_KNOTS('',1,(#8207,#8208),.UNSPECIFIED.,.F.,
  .F.,(2,2),(-3.2,0.),.PIECEWISE_BEZIER_KNOTS.);
#8207 = CARTESIAN_POINT('',(3.2,-42.04));
#8208 = CARTESIAN_POINT('',(0.,-42.04));
#8209 = ( GEOMETRIC_REPRESENTATION_CONTEXT(2) 
PARAMETRIC_REPRESENTATION_CONTEXT() REPRESENTATION_CONTEXT('2D SPACE',''
  ) );
#8210 = ORIENTED_EDGE('',*,*,#4775,.F.);
#8211 = ORIENTED_EDGE('',*,*,#7467,.T.);
#8212 = ADVANCED_FACE('',(#8213),#481,.T.);
#8213 = FACE_BOUND('',#8214,.T.);
#8214 = EDGE_LOOP('',(#8215,#8216,#8235,#8236));
#8215 = ORIENTED_EDGE('',*,*,#4752,.F.);
#8216 = ORIENTED_EDGE('',*,*,#8217,.T.);
#8217 = EDGE_CURVE('',#4730,#438,#8218,.T.);
#8218 = SURFACE_CURVE('',#8219,(#8223,#8229),.PCURVE_S1.);
#8219 = LINE('',#8220,#8221);
#8220 = CARTESIAN_POINT('',(197.,20.,0.));
#8221 = VECTOR('',#8222,1.);
#8222 = DIRECTION('',(-0.,0.,-1.));
#8223 = PCURVE('',#481,#8224);
#8224 = DEFINITIONAL_REPRESENTATION('',(#8225),#8228);
#8225 = B_SPLINE_CURVE_WITH_KNOTS('',1,(#8226,#8227),.UNSPECIFIED.,.F.,
  .F.,(2,2),(-3.2,0.),.PIECEWISE_BEZIER_KNOTS.);
#8226 = CARTESIAN_POINT('',(3.2,-2.));
#8227 = CARTESIAN_POINT('',(0.,-2.));
#8228 = ( GEOMETRIC_REPRESENTATION_CONTEXT(2) 
PARAMETRIC_REPRESENTATION_CONTEXT() REPRESENTATION_CONTEXT('2D SPACE',''
  ) );
#8229 = PCURVE('',#453,#8230);
#8230 = DEFINITIONAL_REPRESENTATION('',(#8231),#8234);
#8231 = B_SPLINE_CURVE_WITH_KNOTS('',1,(#8232,#8233),.UNSPECIFIED.,.F.,
  .F.,(2,2),(-3.2,0.),.PIECEWISE_BEZIER_KNOTS.);
#8232 = CARTESIAN_POINT('',(3.2,15.));
#8233 = CARTESIAN_POINT('',(0.,15.));
#8234 = ( GEOMETRIC_REPRESENTATION_CONTEXT(2) 
PARAMETRIC_REPRESENTATION_CONTEXT() REPRESENTATION_CONTEXT('2D SPACE',''
  ) );
#8235 = ORIENTED_EDGE('',*,*,#465,.T.);
#8236 = ORIENTED_EDGE('',*,*,#8192,.F.);
#8237 = ADVANCED_FACE('',(#8238),#453,.T.);
#8238 = FACE_BOUND('',#8239,.T.);
#8239 = EDGE_LOOP('',(#8240,#8241,#8242,#8243));
#8240 = ORIENTED_EDGE('',*,*,#437,.F.);
#8241 = ORIENTED_EDGE('',*,*,#8217,.F.);
#8242 = ORIENTED_EDGE('',*,*,#4729,.T.);
#8243 = ORIENTED_EDGE('',*,*,#8244,.F.);
#8244 = EDGE_CURVE('',#410,#4707,#8245,.T.);
#8245 = SURFACE_CURVE('',#8246,(#8250,#8257),.PCURVE_S1.);
#8246 = LINE('',#8247,#8248);
#8247 = CARTESIAN_POINT('',(206.,20.,0.));
#8248 = VECTOR('',#8249,1.);
#8249 = DIRECTION('',(0.,0.,1.));
#8250 = PCURVE('',#453,#8251);
#8251 = DEFINITIONAL_REPRESENTATION('',(#8252),#8256);
#8252 = LINE('',#8253,#8254);
#8253 = CARTESIAN_POINT('',(0.,24.));
#8254 = VECTOR('',#8255,1.);
#8255 = DIRECTION('',(1.,0.));
#8256 = ( GEOMETRIC_REPRESENTATION_CONTEXT(2) 
PARAMETRIC_REPRESENTATION_CONTEXT() REPRESENTATION_CONTEXT('2D SPACE',''
  ) );
#8257 = PCURVE('',#425,#8258);
#8258 = DEFINITIONAL_REPRESENTATION('',(#8259),#8263);
#8259 = LINE('',#8260,#8261);
#8260 = CARTESIAN_POINT('',(0.,-16.));
#8261 = VECTOR('',#8262,1.);
#8262 = DIRECTION('',(1.,0.));
#8263 = ( GEOMETRIC_REPRESENTATION_CONTEXT(2) 
PARAMETRIC_REPRESENTATION_CONTEXT() REPRESENTATION_CONTEXT('2D SPACE',''
  ) );
#8264 = ADVANCED_FACE('',(#8265),#425,.T.);
#8265 = FACE_BOUND('',#8266,.T.);
#8266 = EDGE_LOOP('',(#8267,#8288,#8289,#8290));
#8267 = ORIENTED_EDGE('',*,*,#8268,.F.);
#8268 = EDGE_CURVE('',#382,#4684,#8269,.T.);
#8269 = SURFACE_CURVE('',#8270,(#8274,#8281),.PCURVE_S1.);
#8270 = LINE('',#8271,#8272);
#8271 = CARTESIAN_POINT('',(206.,4.,0.));
#8272 = VECTOR('',#8273,1.);
#8273 = DIRECTION('',(0.,0.,1.));
#8274 = PCURVE('',#425,#8275);
#8275 = DEFINITIONAL_REPRESENTATION('',(#8276),#8280);
#8276 = LINE('',#8277,#8278);
#8277 = CARTESIAN_POINT('',(0.,0.));
#8278 = VECTOR('',#8279,1.);
#8279 = DIRECTION('',(1.,0.));
#8280 = ( GEOMETRIC_REPRESENTATION_CONTEXT(2) 
PARAMETRIC_REPRESENTATION_CONTEXT() REPRESENTATION_CONTEXT('2D SPACE',''
  ) );
#8281 = PCURVE('',#397,#8282);
#8282 = DEFINITIONAL_REPRESENTATION('',(#8283),#8287);
#8283 = LINE('',#8284,#8285);
#8284 = CARTESIAN_POINT('',(0.,24.));
#8285 = VECTOR('',#8286,1.);
#8286 = DIRECTION('',(1.,0.));
#8287 = ( GEOMETRIC_REPRESENTATION_CONTEXT(2) 
PARAMETRIC_REPRESENTATION_CONTEXT() REPRESENTATION_CONTEXT('2D SPACE',''
  ) );
#8288 = ORIENTED_EDGE('',*,*,#409,.T.);
#8289 = ORIENTED_EDGE('',*,*,#8244,.T.);
#8290 = ORIENTED_EDGE('',*,*,#4706,.F.);
#8291 = ADVANCED_FACE('',(#8292),#397,.F.);
#8292 = FACE_BOUND('',#8293,.F.);
#8293 = EDGE_LOOP('',(#8294,#8295,#8316,#8317));
#8294 = ORIENTED_EDGE('',*,*,#381,.F.);
#8295 = ORIENTED_EDGE('',*,*,#8296,.T.);
#8296 = EDGE_CURVE('',#354,#4661,#8297,.T.);
#8297 = SURFACE_CURVE('',#8298,(#8302,#8309),.PCURVE_S1.);
#8298 = LINE('',#8299,#8300);
#8299 = CARTESIAN_POINT('',(182.,4.,0.));
#8300 = VECTOR('',#8301,1.);
#8301 = DIRECTION('',(0.,0.,1.));
#8302 = PCURVE('',#397,#8303);
#8303 = DEFINITIONAL_REPRESENTATION('',(#8304),#8308);
#8304 = LINE('',#8305,#8306);
#8305 = CARTESIAN_POINT('',(0.,0.));
#8306 = VECTOR('',#8307,1.);
#8307 = DIRECTION('',(1.,0.));
#8308 = ( GEOMETRIC_REPRESENTATION_CONTEXT(2) 
PARAMETRIC_REPRESENTATION_CONTEXT() REPRESENTATION_CONTEXT('2D SPACE',''
  ) );
#8309 = PCURVE('',#369,#8310);
#8310 = DEFINITIONAL_REPRESENTATION('',(#8311),#8315);
#8311 = LINE('',#8312,#8313);
#8312 = CARTESIAN_POINT('',(0.,0.));
#8313 = VECTOR('',#8314,1.);
#8314 = DIRECTION('',(1.,0.));
#8315 = ( GEOMETRIC_REPRESENTATION_CONTEXT(2) 
PARAMETRIC_REPRESENTATION_CONTEXT() REPRESENTATION_CONTEXT('2D SPACE',''
  ) );
#8316 = ORIENTED_EDGE('',*,*,#4683,.T.);
#8317 = ORIENTED_EDGE('',*,*,#8268,.F.);
#8318 = ADVANCED_FACE('',(#8319),#369,.F.);
#8319 = FACE_BOUND('',#8320,.F.);
#8320 = EDGE_LOOP('',(#8321,#8322,#8323,#8324));
#8321 = ORIENTED_EDGE('',*,*,#4660,.F.);
#8322 = ORIENTED_EDGE('',*,*,#8296,.F.);
#8323 = ORIENTED_EDGE('',*,*,#353,.T.);
#8324 = ORIENTED_EDGE('',*,*,#8325,.T.);
#8325 = EDGE_CURVE('',#326,#4638,#8326,.T.);
#8326 = SURFACE_CURVE('',#8327,(#8331,#8337),.PCURVE_S1.);
#8327 = LINE('',#8328,#8329);
#8328 = CARTESIAN_POINT('',(182.,15.,0.));
#8329 = VECTOR('',#8330,1.);
#8330 = DIRECTION('',(0.,0.,1.));
#8331 = PCURVE('',#369,#8332);
#8332 = DEFINITIONAL_REPRESENTATION('',(#8333),#8336);
#8333 = B_SPLINE_CURVE_WITH_KNOTS('',1,(#8334,#8335),.UNSPECIFIED.,.F.,
  .F.,(2,2),(0.,3.2),.PIECEWISE_BEZIER_KNOTS.);
#8334 = CARTESIAN_POINT('',(0.,-11.));
#8335 = CARTESIAN_POINT('',(3.2,-11.));
#8336 = ( GEOMETRIC_REPRESENTATION_CONTEXT(2) 
PARAMETRIC_REPRESENTATION_CONTEXT() REPRESENTATION_CONTEXT('2D SPACE',''
  ) );
#8337 = PCURVE('',#341,#8338);
#8338 = DEFINITIONAL_REPRESENTATION('',(#8339),#8342);
#8339 = B_SPLINE_CURVE_WITH_KNOTS('',1,(#8340,#8341),.UNSPECIFIED.,.F.,
  .F.,(2,2),(0.,3.2),.PIECEWISE_BEZIER_KNOTS.);
#8340 = CARTESIAN_POINT('',(0.,166.));
#8341 = CARTESIAN_POINT('',(3.2,166.));
#8342 = ( GEOMETRIC_REPRESENTATION_CONTEXT(2) 
PARAMETRIC_REPRESENTATION_CONTEXT() REPRESENTATION_CONTEXT('2D SPACE',''
  ) );
#8343 = ADVANCED_FACE('',(#8344),#341,.F.);
#8344 = FACE_BOUND('',#8345,.F.);
#8345 = EDGE_LOOP('',(#8346,#8347,#8366,#8367));
#8346 = ORIENTED_EDGE('',*,*,#325,.F.);
#8347 = ORIENTED_EDGE('',*,*,#8348,.T.);
#8348 = EDGE_CURVE('',#298,#4615,#8349,.T.);
#8349 = SURFACE_CURVE('',#8350,(#8354,#8360),.PCURVE_S1.);
#8350 = LINE('',#8351,#8352);
#8351 = CARTESIAN_POINT('',(28.,15.,0.));
#8352 = VECTOR('',#8353,1.);
#8353 = DIRECTION('',(0.,0.,1.));
#8354 = PCURVE('',#341,#8355);
#8355 = DEFINITIONAL_REPRESENTATION('',(#8356),#8359);
#8356 = B_SPLINE_CURVE_WITH_KNOTS('',1,(#8357,#8358),.UNSPECIFIED.,.F.,
  .F.,(2,2),(0.,3.2),.PIECEWISE_BEZIER_KNOTS.);
#8357 = CARTESIAN_POINT('',(0.,12.));
#8358 = CARTESIAN_POINT('',(3.2,12.));
#8359 = ( GEOMETRIC_REPRESENTATION_CONTEXT(2) 
PARAMETRIC_REPRESENTATION_CONTEXT() REPRESENTATION_CONTEXT('2D SPACE',''
  ) );
#8360 = PCURVE('',#313,#8361);
#8361 = DEFINITIONAL_REPRESENTATION('',(#8362),#8365);
#8362 = B_SPLINE_CURVE_WITH_KNOTS('',1,(#8363,#8364),.UNSPECIFIED.,.F.,
  .F.,(2,2),(0.,3.2),.PIECEWISE_BEZIER_KNOTS.);
#8363 = CARTESIAN_POINT('',(0.,-11.));
#8364 = CARTESIAN_POINT('',(3.2,-11.));
#8365 = ( GEOMETRIC_REPRESENTATION_CONTEXT(2) 
PARAMETRIC_REPRESENTATION_CONTEXT() REPRESENTATION_CONTEXT('2D SPACE',''
  ) );
#8366 = ORIENTED_EDGE('',*,*,#4637,.T.);
#8367 = ORIENTED_EDGE('',*,*,#8325,.F.);
#8368 = ADVANCED_FACE('',(#8369),#313,.T.);
#8369 = FACE_BOUND('',#8370,.T.);
#8370 = EDGE_LOOP('',(#8371,#8372,#8393,#8394));
#8371 = ORIENTED_EDGE('',*,*,#4614,.F.);
#8372 = ORIENTED_EDGE('',*,*,#8373,.F.);
#8373 = EDGE_CURVE('',#270,#4592,#8374,.T.);
#8374 = SURFACE_CURVE('',#8375,(#8379,#8386),.PCURVE_S1.);
#8375 = LINE('',#8376,#8377);
#8376 = CARTESIAN_POINT('',(28.,4.,0.));
#8377 = VECTOR('',#8378,1.);
#8378 = DIRECTION('',(0.,0.,1.));
#8379 = PCURVE('',#313,#8380);
#8380 = DEFINITIONAL_REPRESENTATION('',(#8381),#8385);
#8381 = LINE('',#8382,#8383);
#8382 = CARTESIAN_POINT('',(0.,0.));
#8383 = VECTOR('',#8384,1.);
#8384 = DIRECTION('',(1.,0.));
#8385 = ( GEOMETRIC_REPRESENTATION_CONTEXT(2) 
PARAMETRIC_REPRESENTATION_CONTEXT() REPRESENTATION_CONTEXT('2D SPACE',''
  ) );
#8386 = PCURVE('',#285,#8387);
#8387 = DEFINITIONAL_REPRESENTATION('',(#8388),#8392);
#8388 = LINE('',#8389,#8390);
#8389 = CARTESIAN_POINT('',(0.,24.));
#8390 = VECTOR('',#8391,1.);
#8391 = DIRECTION('',(1.,0.));
#8392 = ( GEOMETRIC_REPRESENTATION_CONTEXT(2) 
PARAMETRIC_REPRESENTATION_CONTEXT() REPRESENTATION_CONTEXT('2D SPACE',''
  ) );
#8393 = ORIENTED_EDGE('',*,*,#297,.T.);
#8394 = ORIENTED_EDGE('',*,*,#8348,.T.);
#8395 = ADVANCED_FACE('',(#8396),#285,.F.);
#8396 = FACE_BOUND('',#8397,.F.);
#8397 = EDGE_LOOP('',(#8398,#8399,#8420,#8421));
#8398 = ORIENTED_EDGE('',*,*,#269,.F.);
#8399 = ORIENTED_EDGE('',*,*,#8400,.T.);
#8400 = EDGE_CURVE('',#242,#4569,#8401,.T.);
#8401 = SURFACE_CURVE('',#8402,(#8406,#8413),.PCURVE_S1.);
#8402 = LINE('',#8403,#8404);
#8403 = CARTESIAN_POINT('',(4.,4.,0.));
#8404 = VECTOR('',#8405,1.);
#8405 = DIRECTION('',(0.,0.,1.));
#8406 = PCURVE('',#285,#8407);
#8407 = DEFINITIONAL_REPRESENTATION('',(#8408),#8412);
#8408 = LINE('',#8409,#8410);
#8409 = CARTESIAN_POINT('',(0.,0.));
#8410 = VECTOR('',#8411,1.);
#8411 = DIRECTION('',(1.,0.));
#8412 = ( GEOMETRIC_REPRESENTATION_CONTEXT(2) 
PARAMETRIC_REPRESENTATION_CONTEXT() REPRESENTATION_CONTEXT('2D SPACE',''
  ) );
#8413 = PCURVE('',#257,#8414);
#8414 = DEFINITIONAL_REPRESENTATION('',(#8415),#8419);
#8415 = LINE('',#8416,#8417);
#8416 = CARTESIAN_POINT('',(0.,0.));
#8417 = VECTOR('',#8418,1.);
#8418 = DIRECTION('',(1.,0.));
#8419 = ( GEOMETRIC_REPRESENTATION_CONTEXT(2) 
PARAMETRIC_REPRESENTATION_CONTEXT() REPRESENTATION_CONTEXT('2D SPACE',''
  ) );
#8420 = ORIENTED_EDGE('',*,*,#4591,.T.);
#8421 = ORIENTED_EDGE('',*,*,#8373,.F.);
#8422 = ADVANCED_FACE('',(#8423),#257,.F.);
#8423 = FACE_BOUND('',#8424,.F.);
#8424 = EDGE_LOOP('',(#8425,#8426,#8427,#8448));
#8425 = ORIENTED_EDGE('',*,*,#8400,.F.);
#8426 = ORIENTED_EDGE('',*,*,#241,.T.);
#8427 = ORIENTED_EDGE('',*,*,#8428,.T.);
#8428 = EDGE_CURVE('',#214,#4546,#8429,.T.);
#8429 = SURFACE_CURVE('',#8430,(#8434,#8441),.PCURVE_S1.);
#8430 = LINE('',#8431,#8432);
#8431 = CARTESIAN_POINT('',(4.,20.,0.));
#8432 = VECTOR('',#8433,1.);
#8433 = DIRECTION('',(0.,0.,1.));
#8434 = PCURVE('',#257,#8435);
#8435 = DEFINITIONAL_REPRESENTATION('',(#8436),#8440);
#8436 = LINE('',#8437,#8438);
#8437 = CARTESIAN_POINT('',(0.,-16.));
#8438 = VECTOR('',#8439,1.);
#8439 = DIRECTION('',(1.,0.));
#8440 = ( GEOMETRIC_REPRESENTATION_CONTEXT(2) 
PARAMETRIC_REPRESENTATION_CONTEXT() REPRESENTATION_CONTEXT('2D SPACE',''
  ) );
#8441 = PCURVE('',#229,#8442);
#8442 = DEFINITIONAL_REPRESENTATION('',(#8443),#8447);
#8443 = LINE('',#8444,#8445);
#8444 = CARTESIAN_POINT('',(0.,0.));
#8445 = VECTOR('',#8446,1.);
#8446 = DIRECTION('',(1.,0.));
#8447 = ( GEOMETRIC_REPRESENTATION_CONTEXT(2) 
PARAMETRIC_REPRESENTATION_CONTEXT() REPRESENTATION_CONTEXT('2D SPACE',''
  ) );
#8448 = ORIENTED_EDGE('',*,*,#4568,.F.);
#8449 = ADVANCED_FACE('',(#8450),#229,.T.);
#8450 = FACE_BOUND('',#8451,.T.);
#8451 = EDGE_LOOP('',(#8452,#8453,#8454,#8455));
#8452 = ORIENTED_EDGE('',*,*,#213,.F.);
#8453 = ORIENTED_EDGE('',*,*,#8428,.T.);
#8454 = ORIENTED_EDGE('',*,*,#4545,.T.);
#8455 = ORIENTED_EDGE('',*,*,#8456,.T.);
#8456 = EDGE_CURVE('',#4521,#186,#8457,.T.);
#8457 = SURFACE_CURVE('',#8458,(#8462,#8468),.PCURVE_S1.);
#8458 = LINE('',#8459,#8460);
#8459 = CARTESIAN_POINT('',(13.,20.,0.));
#8460 = VECTOR('',#8461,1.);
#8461 = DIRECTION('',(-0.,0.,-1.));
#8462 = PCURVE('',#229,#8463);
#8463 = DEFINITIONAL_REPRESENTATION('',(#8464),#8467);
#8464 = B_SPLINE_CURVE_WITH_KNOTS('',1,(#8465,#8466),.UNSPECIFIED.,.F.,
  .F.,(2,2),(-3.2,0.),.PIECEWISE_BEZIER_KNOTS.);
#8465 = CARTESIAN_POINT('',(3.2,9.));
#8466 = CARTESIAN_POINT('',(0.,9.));
#8467 = ( GEOMETRIC_REPRESENTATION_CONTEXT(2) 
PARAMETRIC_REPRESENTATION_CONTEXT() REPRESENTATION_CONTEXT('2D SPACE',''
  ) );
#8468 = PCURVE('',#201,#8469);
#8469 = DEFINITIONAL_REPRESENTATION('',(#8470),#8473);
#8470 = B_SPLINE_CURVE_WITH_KNOTS('',1,(#8471,#8472),.UNSPECIFIED.,.F.,
  .F.,(2,2),(-3.2,0.),.PIECEWISE_BEZIER_KNOTS.);
#8471 = CARTESIAN_POINT('',(3.2,-2.));
#8472 = CARTESIAN_POINT('',(0.,-2.));
#8473 = ( GEOMETRIC_REPRESENTATION_CONTEXT(2) 
PARAMETRIC_REPRESENTATION_CONTEXT() REPRESENTATION_CONTEXT('2D SPACE',''
  ) );
#8474 = ADVANCED_FACE('',(#8475),#201,.F.);
#8475 = FACE_BOUND('',#8476,.F.);
#8476 = EDGE_LOOP('',(#8477,#8478,#8479,#8480));
#8477 = ORIENTED_EDGE('',*,*,#4520,.F.);
#8478 = ORIENTED_EDGE('',*,*,#8456,.T.);
#8479 = ORIENTED_EDGE('',*,*,#185,.T.);
#8480 = ORIENTED_EDGE('',*,*,#8481,.F.);
#8481 = EDGE_CURVE('',#4523,#163,#8482,.T.);
#8482 = SURFACE_CURVE('',#8483,(#8487,#8493),.PCURVE_S1.);
#8483 = LINE('',#8484,#8485);
#8484 = CARTESIAN_POINT('',(13.,24.56,0.));
#8485 = VECTOR('',#8486,1.);
#8486 = DIRECTION('',(-0.,0.,-1.));
#8487 = PCURVE('',#201,#8488);
#8488 = DEFINITIONAL_REPRESENTATION('',(#8489),#8492);
#8489 = B_SPLINE_CURVE_WITH_KNOTS('',1,(#8490,#8491),.UNSPECIFIED.,.F.,
  .F.,(2,2),(-3.2,0.),.PIECEWISE_BEZIER_KNOTS.);
#8490 = CARTESIAN_POINT('',(3.2,-6.56));
#8491 = CARTESIAN_POINT('',(0.,-6.56));
#8492 = ( GEOMETRIC_REPRESENTATION_CONTEXT(2) 
PARAMETRIC_REPRESENTATION_CONTEXT() REPRESENTATION_CONTEXT('2D SPACE',''
  ) );
#8493 = PCURVE('',#66,#8494);
#8494 = DEFINITIONAL_REPRESENTATION('',(#8495),#8498);
#8495 = B_SPLINE_CURVE_WITH_KNOTS('',1,(#8496,#8497),.UNSPECIFIED.,.F.,
  .F.,(2,2),(-3.2,0.),.PIECEWISE_BEZIER_KNOTS.);
#8496 = CARTESIAN_POINT('',(3.2,3.58));
#8497 = CARTESIAN_POINT('',(0.,3.58));
#8498 = ( GEOMETRIC_REPRESENTATION_CONTEXT(2) 
PARAMETRIC_REPRESENTATION_CONTEXT() REPRESENTATION_CONTEXT('2D SPACE',''
  ) );
#8499 = ADVANCED_FACE('',(#8500),#122,.T.);
#8500 = FACE_BOUND('',#8501,.T.);
#8501 = EDGE_LOOP('',(#8502,#8503,#8504,#8505,#8506,#8507,#8508,#8509));
#8502 = ORIENTED_EDGE('',*,*,#885,.F.);
#8503 = ORIENTED_EDGE('',*,*,#106,.T.);
#8504 = ORIENTED_EDGE('',*,*,#6862,.T.);
#8505 = ORIENTED_EDGE('',*,*,#7799,.F.);
#8506 = ORIENTED_EDGE('',*,*,#1229,.F.);
#8507 = ORIENTED_EDGE('',*,*,#7372,.F.);
#8508 = ORIENTED_EDGE('',*,*,#3853,.F.);
#8509 = ORIENTED_EDGE('',*,*,#7824,.T.);
#8510 = ADVANCED_FACE('',(#8511),#148,.T.);
#8511 = FACE_BOUND('',#8512,.T.);
#8512 = EDGE_LOOP('',(#8513,#8514,#8515,#8516));
#8513 = ORIENTED_EDGE('',*,*,#134,.F.);
#8514 = ORIENTED_EDGE('',*,*,#6997,.T.);
#8515 = ORIENTED_EDGE('',*,*,#6756,.F.);
#8516 = ORIENTED_EDGE('',*,*,#6884,.F.);
#8517 = ADVANCED_FACE('',(#8518),#66,.F.);
#8518 = FACE_BOUND('',#8519,.F.);
#8519 = EDGE_LOOP('',(#8520,#8521,#8522,#8523,#8524,#8525,#8526,#8527));
#8520 = ORIENTED_EDGE('',*,*,#162,.F.);
#8521 = ORIENTED_EDGE('',*,*,#43,.T.);
#8522 = ORIENTED_EDGE('',*,*,#6975,.T.);
#8523 = ORIENTED_EDGE('',*,*,#7769,.F.);
#8524 = ORIENTED_EDGE('',*,*,#1206,.F.);
#8525 = ORIENTED_EDGE('',*,*,#7417,.F.);
#8526 = ORIENTED_EDGE('',*,*,#4866,.F.);
#8527 = ORIENTED_EDGE('',*,*,#8481,.T.);
#8528 = ( GEOMETRIC_REPRESENTATION_CONTEXT(3) 
GLOBAL_UNCERTAINTY_ASSIGNED_CONTEXT((#8532)) 
GLOBAL_UNIT_ASSIGNED_CONTEXT((#8529,#8530,#8531)) REPRESENTATION_CONTEXT
('Context #1','3D Context with UNIT and UNCERTAINTY') );
#8529 = ( LENGTH_UNIT() NAMED_UNIT(*) SI_UNIT(.MILLI.,.METRE.) );
#8530 = ( NAMED_UNIT(*) PLANE_ANGLE_UNIT() SI_UNIT($,.RADIAN.) );
#8531 = ( NAMED_UNIT(*) SI_UNIT($,.STERADIAN.) SOLID_ANGLE_UNIT() );
#8532 = UNCERTAINTY_MEASURE_WITH_UNIT(LENGTH_MEASURE(1.E-07),#8529,
  'distance_accuracy_value','confusion accuracy');
#8533 = CONTEXT_DEPENDENT_SHAPE_REPRESENTATION(#8534,#8536);
#8534 = ( REPRESENTATION_RELATIONSHIP('','',#36,#10) 
REPRESENTATION_RELATIONSHIP_WITH_TRANSFORMATION(#8535) 
SHAPE_REPRESENTATION_RELATIONSHIP() );
#8535 = ITEM_DEFINED_TRANSFORMATION('','',#11,#15);
#8536 = PRODUCT_DEFINITION_SHAPE('Placement','Placement of an item',
  #8537);
#8537 = NEXT_ASSEMBLY_USAGE_OCCURRENCE('1','Deck','',#5,#31,$);
#8538 = PRODUCT_RELATED_PRODUCT_CATEGORY('part',$,(#33));
#8539 = SHAPE_DEFINITION_REPRESENTATION(#8540,#8546);
#8540 = PRODUCT_DEFINITION_SHAPE('','',#8541);
#8541 = PRODUCT_DEFINITION('design','',#8542,#8545);
#8542 = PRODUCT_DEFINITION_FORMATION('','',#8543);
#8543 = PRODUCT('Removable_reservoir','Removable_reservoir','',(#8544));
#8544 = PRODUCT_CONTEXT('',#2,'mechanical');
#8545 = PRODUCT_DEFINITION_CONTEXT('part definition',#2,'design');
#8546 = ADVANCED_BREP_SHAPE_REPRESENTATION('',(#11,#8547),#9505);
#8547 = MANIFOLD_SOLID_BREP('',#8548);
#8548 = CLOSED_SHELL('',(#8549,#8669,#8851,#9006,#9055,#9082,#9089,#9165
    ,#9214,#9263,#9290,#9366,#9415,#9464,#9491,#9498));
#8549 = ADVANCED_FACE('',(#8550),#8564,.F.);
#8550 = FACE_BOUND('',#8551,.F.);
#8551 = EDGE_LOOP('',(#8552,#8587,#8615,#8643));
#8552 = ORIENTED_EDGE('',*,*,#8553,.F.);
#8553 = EDGE_CURVE('',#8554,#8556,#8558,.T.);
#8554 = VERTEX_POINT('',#8555);
#8555 = CARTESIAN_POINT('',(-25.,-25.,0.));
#8556 = VERTEX_POINT('',#8557);
#8557 = CARTESIAN_POINT('',(-25.,-25.,40.));
#8558 = SURFACE_CURVE('',#8559,(#8563,#8575),.PCURVE_S1.);
#8559 = LINE('',#8560,#8561);
#8560 = CARTESIAN_POINT('',(-25.,-25.,0.));
#8561 = VECTOR('',#8562,1.);
#8562 = DIRECTION('',(0.,0.,1.));
#8563 = PCURVE('',#8564,#8569);
#8564 = PLANE('',#8565);
#8565 = AXIS2_PLACEMENT_3D('',#8566,#8567,#8568);
#8566 = CARTESIAN_POINT('',(-25.,-25.,0.));
#8567 = DIRECTION('',(1.,0.,-0.));
#8568 = DIRECTION('',(0.,0.,1.));
#8569 = DEFINITIONAL_REPRESENTATION('',(#8570),#8574);
#8570 = LINE('',#8571,#8572);
#8571 = CARTESIAN_POINT('',(0.,0.));
#8572 = VECTOR('',#8573,1.);
#8573 = DIRECTION('',(1.,0.));
#8574 = ( GEOMETRIC_REPRESENTATION_CONTEXT(2) 
PARAMETRIC_REPRESENTATION_CONTEXT() REPRESENTATION_CONTEXT('2D SPACE',''
  ) );
#8575 = PCURVE('',#8576,#8581);
#8576 = PLANE('',#8577);
#8577 = AXIS2_PLACEMENT_3D('',#8578,#8579,#8580);
#8578 = CARTESIAN_POINT('',(-25.,-25.,0.));
#8579 = DIRECTION('',(-0.,1.,0.));
#8580 = DIRECTION('',(0.,0.,1.));
#8581 = DEFINITIONAL_REPRESENTATION('',(#8582),#8586);
#8582 = LINE('',#8583,#8584);
#8583 = CARTESIAN_POINT('',(0.,0.));
#8584 = VECTOR('',#8585,1.);
#8585 = DIRECTION('',(1.,0.));
#8586 = ( GEOMETRIC_REPRESENTATION_CONTEXT(2) 
PARAMETRIC_REPRESENTATION_CONTEXT() REPRESENTATION_CONTEXT('2D SPACE',''
  ) );
#8587 = ORIENTED_EDGE('',*,*,#8588,.T.);
#8588 = EDGE_CURVE('',#8554,#8589,#8591,.T.);
#8589 = VERTEX_POINT('',#8590);
#8590 = CARTESIAN_POINT('',(-25.,25.,0.));
#8591 = SURFACE_CURVE('',#8592,(#8596,#8603),.PCURVE_S1.);
#8592 = LINE('',#8593,#8594);
#8593 = CARTESIAN_POINT('',(-25.,-25.,0.));
#8594 = VECTOR('',#8595,1.);
#8595 = DIRECTION('',(-0.,1.,0.));
#8596 = PCURVE('',#8564,#8597);
#8597 = DEFINITIONAL_REPRESENTATION('',(#8598),#8602);
#8598 = LINE('',#8599,#8600);
#8599 = CARTESIAN_POINT('',(0.,0.));
#8600 = VECTOR('',#8601,1.);
#8601 = DIRECTION('',(0.,-1.));
#8602 = ( GEOMETRIC_REPRESENTATION_CONTEXT(2) 
PARAMETRIC_REPRESENTATION_CONTEXT() REPRESENTATION_CONTEXT('2D SPACE',''
  ) );
#8603 = PCURVE('',#8604,#8609);
#8604 = PLANE('',#8605);
#8605 = AXIS2_PLACEMENT_3D('',#8606,#8607,#8608);
#8606 = CARTESIAN_POINT('',(-25.,-25.,0.));
#8607 = DIRECTION('',(0.,0.,1.));
#8608 = DIRECTION('',(1.,0.,-0.));
#8609 = DEFINITIONAL_REPRESENTATION('',(#8610),#8614);
#8610 = LINE('',#8611,#8612);
#8611 = CARTESIAN_POINT('',(0.,0.));
#8612 = VECTOR('',#8613,1.);
#8613 = DIRECTION('',(0.,1.));
#8614 = ( GEOMETRIC_REPRESENTATION_CONTEXT(2) 
PARAMETRIC_REPRESENTATION_CONTEXT() REPRESENTATION_CONTEXT('2D SPACE',''
  ) );
#8615 = ORIENTED_EDGE('',*,*,#8616,.T.);
#8616 = EDGE_CURVE('',#8589,#8617,#8619,.T.);
#8617 = VERTEX_POINT('',#8618);
#8618 = CARTESIAN_POINT('',(-25.,25.,40.));
#8619 = SURFACE_CURVE('',#8620,(#8624,#8631),.PCURVE_S1.);
#8620 = LINE('',#8621,#8622);
#8621 = CARTESIAN_POINT('',(-25.,25.,0.));
#8622 = VECTOR('',#8623,1.);
#8623 = DIRECTION('',(0.,0.,1.));
#8624 = PCURVE('',#8564,#8625);
#8625 = DEFINITIONAL_REPRESENTATION('',(#8626),#8630);
#8626 = LINE('',#8627,#8628);
#8627 = CARTESIAN_POINT('',(0.,-50.));
#8628 = VECTOR('',#8629,1.);
#8629 = DIRECTION('',(1.,0.));
#8630 = ( GEOMETRIC_REPRESENTATION_CONTEXT(2) 
PARAMETRIC_REPRESENTATION_CONTEXT() REPRESENTATION_CONTEXT('2D SPACE',''
  ) );
#8631 = PCURVE('',#8632,#8637);
#8632 = PLANE('',#8633);
#8633 = AXIS2_PLACEMENT_3D('',#8634,#8635,#8636);
#8634 = CARTESIAN_POINT('',(-25.,25.,0.));
#8635 = DIRECTION('',(-0.,1.,0.));
#8636 = DIRECTION('',(0.,0.,1.));
#8637 = DEFINITIONAL_REPRESENTATION('',(#8638),#8642);
#8638 = LINE('',#8639,#8640);
#8639 = CARTESIAN_POINT('',(0.,0.));
#8640 = VECTOR('',#8641,1.);
#8641 = DIRECTION('',(1.,0.));
#8642 = ( GEOMETRIC_REPRESENTATION_CONTEXT(2) 
PARAMETRIC_REPRESENTATION_CONTEXT() REPRESENTATION_CONTEXT('2D SPACE',''
  ) );
#8643 = ORIENTED_EDGE('',*,*,#8644,.F.);
#8644 = EDGE_CURVE('',#8556,#8617,#8645,.T.);
#8645 = SURFACE_CURVE('',#8646,(#8650,#8657),.PCURVE_S1.);
#8646 = LINE('',#8647,#8648);
#8647 = CARTESIAN_POINT('',(-25.,-25.,40.));
#8648 = VECTOR('',#8649,1.);
#8649 = DIRECTION('',(-0.,1.,0.));
#8650 = PCURVE('',#8564,#8651);
#8651 = DEFINITIONAL_REPRESENTATION('',(#8652),#8656);
#8652 = LINE('',#8653,#8654);
#8653 = CARTESIAN_POINT('',(40.,0.));
#8654 = VECTOR('',#8655,1.);
#8655 = DIRECTION('',(0.,-1.));
#8656 = ( GEOMETRIC_REPRESENTATION_CONTEXT(2) 
PARAMETRIC_REPRESENTATION_CONTEXT() REPRESENTATION_CONTEXT('2D SPACE',''
  ) );
#8657 = PCURVE('',#8658,#8663);
#8658 = PLANE('',#8659);
#8659 = AXIS2_PLACEMENT_3D('',#8660,#8661,#8662);
#8660 = CARTESIAN_POINT('',(-25.,-25.,40.));
#8661 = DIRECTION('',(0.,0.,1.));
#8662 = DIRECTION('',(1.,0.,-0.));
#8663 = DEFINITIONAL_REPRESENTATION('',(#8664),#8668);
#8664 = LINE('',#8665,#8666);
#8665 = CARTESIAN_POINT('',(0.,0.));
#8666 = VECTOR('',#8667,1.);
#8667 = DIRECTION('',(0.,1.));
#8668 = ( GEOMETRIC_REPRESENTATION_CONTEXT(2) 
PARAMETRIC_REPRESENTATION_CONTEXT() REPRESENTATION_CONTEXT('2D SPACE',''
  ) );
#8669 = ADVANCED_FACE('',(#8670,#8745),#8576,.F.);
#8670 = FACE_BOUND('',#8671,.F.);
#8671 = EDGE_LOOP('',(#8672,#8695,#8696,#8719));
#8672 = ORIENTED_EDGE('',*,*,#8673,.F.);
#8673 = EDGE_CURVE('',#8554,#8674,#8676,.T.);
#8674 = VERTEX_POINT('',#8675);
#8675 = CARTESIAN_POINT('',(25.,-25.,0.));
#8676 = SURFACE_CURVE('',#8677,(#8681,#8688),.PCURVE_S1.);
#8677 = LINE('',#8678,#8679);
#8678 = CARTESIAN_POINT('',(-25.,-25.,0.));
#8679 = VECTOR('',#8680,1.);
#8680 = DIRECTION('',(1.,0.,-0.));
#8681 = PCURVE('',#8576,#8682);
#8682 = DEFINITIONAL_REPRESENTATION('',(#8683),#8687);
#8683 = LINE('',#8684,#8685);
#8684 = CARTESIAN_POINT('',(0.,0.));
#8685 = VECTOR('',#8686,1.);
#8686 = DIRECTION('',(0.,1.));
#8687 = ( GEOMETRIC_REPRESENTATION_CONTEXT(2) 
PARAMETRIC_REPRESENTATION_CONTEXT() REPRESENTATION_CONTEXT('2D SPACE',''
  ) );
#8688 = PCURVE('',#8604,#8689);
#8689 = DEFINITIONAL_REPRESENTATION('',(#8690),#8694);
#8690 = LINE('',#8691,#8692);
#8691 = CARTESIAN_POINT('',(0.,0.));
#8692 = VECTOR('',#8693,1.);
#8693 = DIRECTION('',(1.,0.));
#8694 = ( GEOMETRIC_REPRESENTATION_CONTEXT(2) 
PARAMETRIC_REPRESENTATION_CONTEXT() REPRESENTATION_CONTEXT('2D SPACE',''
  ) );
#8695 = ORIENTED_EDGE('',*,*,#8553,.T.);
#8696 = ORIENTED_EDGE('',*,*,#8697,.T.);
#8697 = EDGE_CURVE('',#8556,#8698,#8700,.T.);
#8698 = VERTEX_POINT('',#8699);
#8699 = CARTESIAN_POINT('',(25.,-25.,40.));
#8700 = SURFACE_CURVE('',#8701,(#8705,#8712),.PCURVE_S1.);
#8701 = LINE('',#8702,#8703);
#8702 = CARTESIAN_POINT('',(-25.,-25.,40.));
#8703 = VECTOR('',#8704,1.);
#8704 = DIRECTION('',(1.,0.,-0.));
#8705 = PCURVE('',#8576,#8706);
#8706 = DEFINITIONAL_REPRESENTATION('',(#8707),#8711);
#8707 = LINE('',#8708,#8709);
#8708 = CARTESIAN_POINT('',(40.,0.));
#8709 = VECTOR('',#8710,1.);
#8710 = DIRECTION('',(0.,1.));
#8711 = ( GEOMETRIC_REPRESENTATION_CONTEXT(2) 
PARAMETRIC_REPRESENTATION_CONTEXT() REPRESENTATION_CONTEXT('2D SPACE',''
  ) );
#8712 = PCURVE('',#8658,#8713);
#8713 = DEFINITIONAL_REPRESENTATION('',(#8714),#8718);
#8714 = LINE('',#8715,#8716);
#8715 = CARTESIAN_POINT('',(0.,0.));
#8716 = VECTOR('',#8717,1.);
#8717 = DIRECTION('',(1.,0.));
#8718 = ( GEOMETRIC_REPRESENTATION_CONTEXT(2) 
PARAMETRIC_REPRESENTATION_CONTEXT() REPRESENTATION_CONTEXT('2D SPACE',''
  ) );
#8719 = ORIENTED_EDGE('',*,*,#8720,.F.);
#8720 = EDGE_CURVE('',#8674,#8698,#8721,.T.);
#8721 = SURFACE_CURVE('',#8722,(#8726,#8733),.PCURVE_S1.);
#8722 = LINE('',#8723,#8724);
#8723 = CARTESIAN_POINT('',(25.,-25.,0.));
#8724 = VECTOR('',#8725,1.);
#8725 = DIRECTION('',(0.,0.,1.));
#8726 = PCURVE('',#8576,#8727);
#8727 = DEFINITIONAL_REPRESENTATION('',(#8728),#8732);
#8728 = LINE('',#8729,#8730);
#8729 = CARTESIAN_POINT('',(0.,50.));
#8730 = VECTOR('',#8731,1.);
#8731 = DIRECTION('',(1.,0.));
#8732 = ( GEOMETRIC_REPRESENTATION_CONTEXT(2) 
PARAMETRIC_REPRESENTATION_CONTEXT() REPRESENTATION_CONTEXT('2D SPACE',''
  ) );
#8733 = PCURVE('',#8734,#8739);
#8734 = PLANE('',#8735);
#8735 = AXIS2_PLACEMENT_3D('',#8736,#8737,#8738);
#8736 = CARTESIAN_POINT('',(25.,-25.,0.));
#8737 = DIRECTION('',(1.,0.,-0.));
#8738 = DIRECTION('',(0.,0.,1.));
#8739 = DEFINITIONAL_REPRESENTATION('',(#8740),#8744);
#8740 = LINE('',#8741,#8742);
#8741 = CARTESIAN_POINT('',(0.,0.));
#8742 = VECTOR('',#8743,1.);
#8743 = DIRECTION('',(1.,0.));
#8744 = ( GEOMETRIC_REPRESENTATION_CONTEXT(2) 
PARAMETRIC_REPRESENTATION_CONTEXT() REPRESENTATION_CONTEXT('2D SPACE',''
  ) );
#8745 = FACE_BOUND('',#8746,.F.);
#8746 = EDGE_LOOP('',(#8747,#8775,#8801,#8827));
#8747 = ORIENTED_EDGE('',*,*,#8748,.F.);
#8748 = EDGE_CURVE('',#8749,#8751,#8753,.T.);
#8749 = VERTEX_POINT('',#8750);
#8750 = CARTESIAN_POINT('',(-8.,-25.,6.975897920605));
#8751 = VERTEX_POINT('',#8752);
#8752 = CARTESIAN_POINT('',(8.,-25.,6.975897920605));
#8753 = SURFACE_CURVE('',#8754,(#8758,#8764),.PCURVE_S1.);
#8754 = LINE('',#8755,#8756);
#8755 = CARTESIAN_POINT('',(-16.5,-25.,6.975897920605));
#8756 = VECTOR('',#8757,1.);
#8757 = DIRECTION('',(1.,0.,-0.));
#8758 = PCURVE('',#8576,#8759);
#8759 = DEFINITIONAL_REPRESENTATION('',(#8760),#8763);
#8760 = B_SPLINE_CURVE_WITH_KNOTS('',1,(#8761,#8762),.UNSPECIFIED.,.F.,
  .F.,(2,2),(8.5,24.5),.PIECEWISE_BEZIER_KNOTS.);
#8761 = CARTESIAN_POINT('',(6.975897920605,17.));
#8762 = CARTESIAN_POINT('',(6.975897920605,33.));
#8763 = ( GEOMETRIC_REPRESENTATION_CONTEXT(2) 
PARAMETRIC_REPRESENTATION_CONTEXT() REPRESENTATION_CONTEXT('2D SPACE',''
  ) );
#8764 = PCURVE('',#8765,#8770);
#8765 = PLANE('',#8766);
#8766 = AXIS2_PLACEMENT_3D('',#8767,#8768,#8769);
#8767 = CARTESIAN_POINT('',(-8.,-25.1,6.975897920605));
#8768 = DIRECTION('',(0.,0.,1.));
#8769 = DIRECTION('',(1.,0.,-0.));
#8770 = DEFINITIONAL_REPRESENTATION('',(#8771),#8774);
#8771 = B_SPLINE_CURVE_WITH_KNOTS('',1,(#8772,#8773),.UNSPECIFIED.,.F.,
  .F.,(2,2),(8.5,24.5),.PIECEWISE_BEZIER_KNOTS.);
#8772 = CARTESIAN_POINT('',(0.,0.1));
#8773 = CARTESIAN_POINT('',(16.,0.1));
#8774 = ( GEOMETRIC_REPRESENTATION_CONTEXT(2) 
PARAMETRIC_REPRESENTATION_CONTEXT() REPRESENTATION_CONTEXT('2D SPACE',''
  ) );
#8775 = ORIENTED_EDGE('',*,*,#8776,.T.);
#8776 = EDGE_CURVE('',#8749,#8777,#8779,.T.);
#8777 = VERTEX_POINT('',#8778);
#8778 = CARTESIAN_POINT('',(-8.,-25.,6.475897920605));
#8779 = SURFACE_CURVE('',#8780,(#8784,#8790),.PCURVE_S1.);
#8780 = LINE('',#8781,#8782);
#8781 = CARTESIAN_POINT('',(-8.,-25.,3.237948960302));
#8782 = VECTOR('',#8783,1.);
#8783 = DIRECTION('',(-0.,0.,-1.));
#8784 = PCURVE('',#8576,#8785);
#8785 = DEFINITIONAL_REPRESENTATION('',(#8786),#8789);
#8786 = B_SPLINE_CURVE_WITH_KNOTS('',1,(#8787,#8788),.UNSPECIFIED.,.F.,
  .F.,(2,2),(-3.737948960302,-3.237948960302),.PIECEWISE_BEZIER_KNOTS.);
#8787 = CARTESIAN_POINT('',(6.975897920605,17.));
#8788 = CARTESIAN_POINT('',(6.475897920605,17.));
#8789 = ( GEOMETRIC_REPRESENTATION_CONTEXT(2) 
PARAMETRIC_REPRESENTATION_CONTEXT() REPRESENTATION_CONTEXT('2D SPACE',''
  ) );
#8790 = PCURVE('',#8791,#8796);
#8791 = PLANE('',#8792);
#8792 = AXIS2_PLACEMENT_3D('',#8793,#8794,#8795);
#8793 = CARTESIAN_POINT('',(-8.,-25.1,6.475897920605));
#8794 = DIRECTION('',(1.,0.,-0.));
#8795 = DIRECTION('',(0.,0.,1.));
#8796 = DEFINITIONAL_REPRESENTATION('',(#8797),#8800);
#8797 = B_SPLINE_CURVE_WITH_KNOTS('',1,(#8798,#8799),.UNSPECIFIED.,.F.,
  .F.,(2,2),(-3.737948960302,-3.237948960302),.PIECEWISE_BEZIER_KNOTS.);
#8798 = CARTESIAN_POINT('',(0.5,-0.1));
#8799 = CARTESIAN_POINT('',(0.,-0.1));
#8800 = ( GEOMETRIC_REPRESENTATION_CONTEXT(2) 
PARAMETRIC_REPRESENTATION_CONTEXT() REPRESENTATION_CONTEXT('2D SPACE',''
  ) );
#8801 = ORIENTED_EDGE('',*,*,#8802,.T.);
#8802 = EDGE_CURVE('',#8777,#8803,#8805,.T.);
#8803 = VERTEX_POINT('',#8804);
#8804 = CARTESIAN_POINT('',(8.,-25.,6.475897920605));
#8805 = SURFACE_CURVE('',#8806,(#8810,#8816),.PCURVE_S1.);
#8806 = LINE('',#8807,#8808);
#8807 = CARTESIAN_POINT('',(-16.5,-25.,6.475897920605));
#8808 = VECTOR('',#8809,1.);
#8809 = DIRECTION('',(1.,0.,-0.));
#8810 = PCURVE('',#8576,#8811);
#8811 = DEFINITIONAL_REPRESENTATION('',(#8812),#8815);
#8812 = B_SPLINE_CURVE_WITH_KNOTS('',1,(#8813,#8814),.UNSPECIFIED.,.F.,
  .F.,(2,2),(8.5,24.5),.PIECEWISE_BEZIER_KNOTS.);
#8813 = CARTESIAN_POINT('',(6.475897920605,17.));
#8814 = CARTESIAN_POINT('',(6.475897920605,33.));
#8815 = ( GEOMETRIC_REPRESENTATION_CONTEXT(2) 
PARAMETRIC_REPRESENTATION_CONTEXT() REPRESENTATION_CONTEXT('2D SPACE',''
  ) );
#8816 = PCURVE('',#8817,#8822);
#8817 = PLANE('',#8818);
#8818 = AXIS2_PLACEMENT_3D('',#8819,#8820,#8821);
#8819 = CARTESIAN_POINT('',(-8.,-25.1,6.475897920605));
#8820 = DIRECTION('',(0.,0.,1.));
#8821 = DIRECTION('',(1.,0.,-0.));
#8822 = DEFINITIONAL_REPRESENTATION('',(#8823),#8826);
#8823 = B_SPLINE_CURVE_WITH_KNOTS('',1,(#8824,#8825),.UNSPECIFIED.,.F.,
  .F.,(2,2),(8.5,24.5),.PIECEWISE_BEZIER_KNOTS.);
#8824 = CARTESIAN_POINT('',(0.,0.1));
#8825 = CARTESIAN_POINT('',(16.,0.1));
#8826 = ( GEOMETRIC_REPRESENTATION_CONTEXT(2) 
PARAMETRIC_REPRESENTATION_CONTEXT() REPRESENTATION_CONTEXT('2D SPACE',''
  ) );
#8827 = ORIENTED_EDGE('',*,*,#8828,.F.);
#8828 = EDGE_CURVE('',#8751,#8803,#8829,.T.);
#8829 = SURFACE_CURVE('',#8830,(#8834,#8840),.PCURVE_S1.);
#8830 = LINE('',#8831,#8832);
#8831 = CARTESIAN_POINT('',(8.,-25.,3.237948960302));
#8832 = VECTOR('',#8833,1.);
#8833 = DIRECTION('',(-0.,0.,-1.));
#8834 = PCURVE('',#8576,#8835);
#8835 = DEFINITIONAL_REPRESENTATION('',(#8836),#8839);
#8836 = B_SPLINE_CURVE_WITH_KNOTS('',1,(#8837,#8838),.UNSPECIFIED.,.F.,
  .F.,(2,2),(-3.737948960302,-3.237948960302),.PIECEWISE_BEZIER_KNOTS.);
#8837 = CARTESIAN_POINT('',(6.975897920605,33.));
#8838 = CARTESIAN_POINT('',(6.475897920605,33.));
#8839 = ( GEOMETRIC_REPRESENTATION_CONTEXT(2) 
PARAMETRIC_REPRESENTATION_CONTEXT() REPRESENTATION_CONTEXT('2D SPACE',''
  ) );
#8840 = PCURVE('',#8841,#8846);
#8841 = PLANE('',#8842);
#8842 = AXIS2_PLACEMENT_3D('',#8843,#8844,#8845);
#8843 = CARTESIAN_POINT('',(8.,-25.1,6.475897920605));
#8844 = DIRECTION('',(1.,0.,-0.));
#8845 = DIRECTION('',(0.,0.,1.));
#8846 = DEFINITIONAL_REPRESENTATION('',(#8847),#8850);
#8847 = B_SPLINE_CURVE_WITH_KNOTS('',1,(#8848,#8849),.UNSPECIFIED.,.F.,
  .F.,(2,2),(-3.737948960302,-3.237948960302),.PIECEWISE_BEZIER_KNOTS.);
#8848 = CARTESIAN_POINT('',(0.5,-0.1));
#8849 = CARTESIAN_POINT('',(0.,-0.1));
#8850 = ( GEOMETRIC_REPRESENTATION_CONTEXT(2) 
PARAMETRIC_REPRESENTATION_CONTEXT() REPRESENTATION_CONTEXT('2D SPACE',''
  ) );
#8851 = ADVANCED_FACE('',(#8852,#8900),#8658,.T.);
#8852 = FACE_BOUND('',#8853,.T.);
#8853 = EDGE_LOOP('',(#8854,#8855,#8856,#8879));
#8854 = ORIENTED_EDGE('',*,*,#8644,.F.);
#8855 = ORIENTED_EDGE('',*,*,#8697,.T.);
#8856 = ORIENTED_EDGE('',*,*,#8857,.T.);
#8857 = EDGE_CURVE('',#8698,#8858,#8860,.T.);
#8858 = VERTEX_POINT('',#8859);
#8859 = CARTESIAN_POINT('',(25.,25.,40.));
#8860 = SURFACE_CURVE('',#8861,(#8865,#8872),.PCURVE_S1.);
#8861 = LINE('',#8862,#8863);
#8862 = CARTESIAN_POINT('',(25.,-25.,40.));
#8863 = VECTOR('',#8864,1.);
#8864 = DIRECTION('',(-0.,1.,0.));
#8865 = PCURVE('',#8658,#8866);
#8866 = DEFINITIONAL_REPRESENTATION('',(#8867),#8871);
#8867 = LINE('',#8868,#8869);
#8868 = CARTESIAN_POINT('',(50.,0.));
#8869 = VECTOR('',#8870,1.);
#8870 = DIRECTION('',(0.,1.));
#8871 = ( GEOMETRIC_REPRESENTATION_CONTEXT(2) 
PARAMETRIC_REPRESENTATION_CONTEXT() REPRESENTATION_CONTEXT('2D SPACE',''
  ) );
#8872 = PCURVE('',#8734,#8873);
#8873 = DEFINITIONAL_REPRESENTATION('',(#8874),#8878);
#8874 = LINE('',#8875,#8876);
#8875 = CARTESIAN_POINT('',(40.,0.));
#8876 = VECTOR('',#8877,1.);
#8877 = DIRECTION('',(0.,-1.));
#8878 = ( GEOMETRIC_REPRESENTATION_CONTEXT(2) 
PARAMETRIC_REPRESENTATION_CONTEXT() REPRESENTATION_CONTEXT('2D SPACE',''
  ) );
#8879 = ORIENTED_EDGE('',*,*,#8880,.F.);
#8880 = EDGE_CURVE('',#8617,#8858,#8881,.T.);
#8881 = SURFACE_CURVE('',#8882,(#8886,#8893),.PCURVE_S1.);
#8882 = LINE('',#8883,#8884);
#8883 = CARTESIAN_POINT('',(-25.,25.,40.));
#8884 = VECTOR('',#8885,1.);
#8885 = DIRECTION('',(1.,0.,-0.));
#8886 = PCURVE('',#8658,#8887);
#8887 = DEFINITIONAL_REPRESENTATION('',(#8888),#8892);
#8888 = LINE('',#8889,#8890);
#8889 = CARTESIAN_POINT('',(0.,50.));
#8890 = VECTOR('',#8891,1.);
#8891 = DIRECTION('',(1.,0.));
#8892 = ( GEOMETRIC_REPRESENTATION_CONTEXT(2) 
PARAMETRIC_REPRESENTATION_CONTEXT() REPRESENTATION_CONTEXT('2D SPACE',''
  ) );
#8893 = PCURVE('',#8632,#8894);
#8894 = DEFINITIONAL_REPRESENTATION('',(#8895),#8899);
#8895 = LINE('',#8896,#8897);
#8896 = CARTESIAN_POINT('',(40.,0.));
#8897 = VECTOR('',#8898,1.);
#8898 = DIRECTION('',(0.,1.));
#8899 = ( GEOMETRIC_REPRESENTATION_CONTEXT(2) 
PARAMETRIC_REPRESENTATION_CONTEXT() REPRESENTATION_CONTEXT('2D SPACE',''
  ) );
#8900 = FACE_BOUND('',#8901,.T.);
#8901 = EDGE_LOOP('',(#8902,#8930,#8956,#8982));
#8902 = ORIENTED_EDGE('',*,*,#8903,.T.);
#8903 = EDGE_CURVE('',#8904,#8906,#8908,.T.);
#8904 = VERTEX_POINT('',#8905);
#8905 = CARTESIAN_POINT('',(23.,-23.,40.));
#8906 = VERTEX_POINT('',#8907);
#8907 = CARTESIAN_POINT('',(-23.,-23.,40.));
#8908 = SURFACE_CURVE('',#8909,(#8913,#8919),.PCURVE_S1.);
#8909 = LINE('',#8910,#8911);
#8910 = CARTESIAN_POINT('',(-24.,-23.,40.));
#8911 = VECTOR('',#8912,1.);
#8912 = DIRECTION('',(-1.,-0.,0.));
#8913 = PCURVE('',#8658,#8914);
#8914 = DEFINITIONAL_REPRESENTATION('',(#8915),#8918);
#8915 = B_SPLINE_CURVE_WITH_KNOTS('',1,(#8916,#8917),.UNSPECIFIED.,.F.,
  .F.,(2,2),(-47.,-1.),.PIECEWISE_BEZIER_KNOTS.);
#8916 = CARTESIAN_POINT('',(48.,2.));
#8917 = CARTESIAN_POINT('',(2.,2.));
#8918 = ( GEOMETRIC_REPRESENTATION_CONTEXT(2) 
PARAMETRIC_REPRESENTATION_CONTEXT() REPRESENTATION_CONTEXT('2D SPACE',''
  ) );
#8919 = PCURVE('',#8920,#8925);
#8920 = PLANE('',#8921);
#8921 = AXIS2_PLACEMENT_3D('',#8922,#8923,#8924);
#8922 = CARTESIAN_POINT('',(-23.,-23.,2.));
#8923 = DIRECTION('',(-0.,1.,0.));
#8924 = DIRECTION('',(0.,0.,1.));
#8925 = DEFINITIONAL_REPRESENTATION('',(#8926),#8929);
#8926 = B_SPLINE_CURVE_WITH_KNOTS('',1,(#8927,#8928),.UNSPECIFIED.,.F.,
  .F.,(2,2),(-47.,-1.),.PIECEWISE_BEZIER_KNOTS.);
#8927 = CARTESIAN_POINT('',(38.,46.));
#8928 = CARTESIAN_POINT('',(38.,0.));
#8929 = ( GEOMETRIC_REPRESENTATION_CONTEXT(2) 
PARAMETRIC_REPRESENTATION_CONTEXT() REPRESENTATION_CONTEXT('2D SPACE',''
  ) );
#8930 = ORIENTED_EDGE('',*,*,#8931,.T.);
#8931 = EDGE_CURVE('',#8906,#8932,#8934,.T.);
#8932 = VERTEX_POINT('',#8933);
#8933 = CARTESIAN_POINT('',(-23.,23.,40.));
#8934 = SURFACE_CURVE('',#8935,(#8939,#8945),.PCURVE_S1.);
#8935 = LINE('',#8936,#8937);
#8936 = CARTESIAN_POINT('',(-23.,-24.,40.));
#8937 = VECTOR('',#8938,1.);
#8938 = DIRECTION('',(-0.,1.,0.));
#8939 = PCURVE('',#8658,#8940);
#8940 = DEFINITIONAL_REPRESENTATION('',(#8941),#8944);
#8941 = B_SPLINE_CURVE_WITH_KNOTS('',1,(#8942,#8943),.UNSPECIFIED.,.F.,
  .F.,(2,2),(1.,47.),.PIECEWISE_BEZIER_KNOTS.);
#8942 = CARTESIAN_POINT('',(2.,2.));
#8943 = CARTESIAN_POINT('',(2.,48.));
#8944 = ( GEOMETRIC_REPRESENTATION_CONTEXT(2) 
PARAMETRIC_REPRESENTATION_CONTEXT() REPRESENTATION_CONTEXT('2D SPACE',''
  ) );
#8945 = PCURVE('',#8946,#8951);
#8946 = PLANE('',#8947);
#8947 = AXIS2_PLACEMENT_3D('',#8948,#8949,#8950);
#8948 = CARTESIAN_POINT('',(-23.,-23.,2.));
#8949 = DIRECTION('',(1.,0.,-0.));
#8950 = DIRECTION('',(0.,0.,1.));
#8951 = DEFINITIONAL_REPRESENTATION('',(#8952),#8955);
#8952 = B_SPLINE_CURVE_WITH_KNOTS('',1,(#8953,#8954),.UNSPECIFIED.,.F.,
  .F.,(2,2),(1.,47.),.PIECEWISE_BEZIER_KNOTS.);
#8953 = CARTESIAN_POINT('',(38.,0.));
#8954 = CARTESIAN_POINT('',(38.,-46.));
#8955 = ( GEOMETRIC_REPRESENTATION_CONTEXT(2) 
PARAMETRIC_REPRESENTATION_CONTEXT() REPRESENTATION_CONTEXT('2D SPACE',''
  ) );
#8956 = ORIENTED_EDGE('',*,*,#8957,.F.);
#8957 = EDGE_CURVE('',#8958,#8932,#8960,.T.);
#8958 = VERTEX_POINT('',#8959);
#8959 = CARTESIAN_POINT('',(23.,23.,40.));
#8960 = SURFACE_CURVE('',#8961,(#8965,#8971),.PCURVE_S1.);
#8961 = LINE('',#8962,#8963);
#8962 = CARTESIAN_POINT('',(-24.,23.,40.));
#8963 = VECTOR('',#8964,1.);
#8964 = DIRECTION('',(-1.,-0.,0.));
#8965 = PCURVE('',#8658,#8966);
#8966 = DEFINITIONAL_REPRESENTATION('',(#8967),#8970);
#8967 = B_SPLINE_CURVE_WITH_KNOTS('',1,(#8968,#8969),.UNSPECIFIED.,.F.,
  .F.,(2,2),(-47.,-1.),.PIECEWISE_BEZIER_KNOTS.);
#8968 = CARTESIAN_POINT('',(48.,48.));
#8969 = CARTESIAN_POINT('',(2.,48.));
#8970 = ( GEOMETRIC_REPRESENTATION_CONTEXT(2) 
PARAMETRIC_REPRESENTATION_CONTEXT() REPRESENTATION_CONTEXT('2D SPACE',''
  ) );
#8971 = PCURVE('',#8972,#8977);
#8972 = PLANE('',#8973);
#8973 = AXIS2_PLACEMENT_3D('',#8974,#8975,#8976);
#8974 = CARTESIAN_POINT('',(-23.,23.,2.));
#8975 = DIRECTION('',(-0.,1.,0.));
#8976 = DIRECTION('',(0.,0.,1.));
#8977 = DEFINITIONAL_REPRESENTATION('',(#8978),#8981);
#8978 = B_SPLINE_CURVE_WITH_KNOTS('',1,(#8979,#8980),.UNSPECIFIED.,.F.,
  .F.,(2,2),(-47.,-1.),.PIECEWISE_BEZIER_KNOTS.);
#8979 = CARTESIAN_POINT('',(38.,46.));
#8980 = CARTESIAN_POINT('',(38.,0.));
#8981 = ( GEOMETRIC_REPRESENTATION_CONTEXT(2) 
PARAMETRIC_REPRESENTATION_CONTEXT() REPRESENTATION_CONTEXT('2D SPACE',''
  ) );
#8982 = ORIENTED_EDGE('',*,*,#8983,.F.);
#8983 = EDGE_CURVE('',#8904,#8958,#8984,.T.);
#8984 = SURFACE_CURVE('',#8985,(#8989,#8995),.PCURVE_S1.);
#8985 = LINE('',#8986,#8987);
#8986 = CARTESIAN_POINT('',(23.,-24.,40.));
#8987 = VECTOR('',#8988,1.);
#8988 = DIRECTION('',(-0.,1.,0.));
#8989 = PCURVE('',#8658,#8990);
#8990 = DEFINITIONAL_REPRESENTATION('',(#8991),#8994);
#8991 = B_SPLINE_CURVE_WITH_KNOTS('',1,(#8992,#8993),.UNSPECIFIED.,.F.,
  .F.,(2,2),(1.,47.),.PIECEWISE_BEZIER_KNOTS.);
#8992 = CARTESIAN_POINT('',(48.,2.));
#8993 = CARTESIAN_POINT('',(48.,48.));
#8994 = ( GEOMETRIC_REPRESENTATION_CONTEXT(2) 
PARAMETRIC_REPRESENTATION_CONTEXT() REPRESENTATION_CONTEXT('2D SPACE',''
  ) );
#8995 = PCURVE('',#8996,#9001);
#8996 = PLANE('',#8997);
#8997 = AXIS2_PLACEMENT_3D('',#8998,#8999,#9000);
#8998 = CARTESIAN_POINT('',(23.,-23.,2.));
#8999 = DIRECTION('',(1.,0.,-0.));
#9000 = DIRECTION('',(0.,0.,1.));
#9001 = DEFINITIONAL_REPRESENTATION('',(#9002),#9005);
#9002 = B_SPLINE_CURVE_WITH_KNOTS('',1,(#9003,#9004),.UNSPECIFIED.,.F.,
  .F.,(2,2),(1.,47.),.PIECEWISE_BEZIER_KNOTS.);
#9003 = CARTESIAN_POINT('',(38.,0.));
#9004 = CARTESIAN_POINT('',(38.,-46.));
#9005 = ( GEOMETRIC_REPRESENTATION_CONTEXT(2) 
PARAMETRIC_REPRESENTATION_CONTEXT() REPRESENTATION_CONTEXT('2D SPACE',''
  ) );
#9006 = ADVANCED_FACE('',(#9007),#8632,.T.);
#9007 = FACE_BOUND('',#9008,.T.);
#9008 = EDGE_LOOP('',(#9009,#9032,#9033,#9034));
#9009 = ORIENTED_EDGE('',*,*,#9010,.F.);
#9010 = EDGE_CURVE('',#8589,#9011,#9013,.T.);
#9011 = VERTEX_POINT('',#9012);
#9012 = CARTESIAN_POINT('',(25.,25.,0.));
#9013 = SURFACE_CURVE('',#9014,(#9018,#9025),.PCURVE_S1.);
#9014 = LINE('',#9015,#9016);
#9015 = CARTESIAN_POINT('',(-25.,25.,0.));
#9016 = VECTOR('',#9017,1.);
#9017 = DIRECTION('',(1.,0.,-0.));
#9018 = PCURVE('',#8632,#9019);
#9019 = DEFINITIONAL_REPRESENTATION('',(#9020),#9024);
#9020 = LINE('',#9021,#9022);
#9021 = CARTESIAN_POINT('',(0.,0.));
#9022 = VECTOR('',#9023,1.);
#9023 = DIRECTION('',(0.,1.));
#9024 = ( GEOMETRIC_REPRESENTATION_CONTEXT(2) 
PARAMETRIC_REPRESENTATION_CONTEXT() REPRESENTATION_CONTEXT('2D SPACE',''
  ) );
#9025 = PCURVE('',#8604,#9026);
#9026 = DEFINITIONAL_REPRESENTATION('',(#9027),#9031);
#9027 = LINE('',#9028,#9029);
#9028 = CARTESIAN_POINT('',(0.,50.));
#9029 = VECTOR('',#9030,1.);
#9030 = DIRECTION('',(1.,0.));
#9031 = ( GEOMETRIC_REPRESENTATION_CONTEXT(2) 
PARAMETRIC_REPRESENTATION_CONTEXT() REPRESENTATION_CONTEXT('2D SPACE',''
  ) );
#9032 = ORIENTED_EDGE('',*,*,#8616,.T.);
#9033 = ORIENTED_EDGE('',*,*,#8880,.T.);
#9034 = ORIENTED_EDGE('',*,*,#9035,.F.);
#9035 = EDGE_CURVE('',#9011,#8858,#9036,.T.);
#9036 = SURFACE_CURVE('',#9037,(#9041,#9048),.PCURVE_S1.);
#9037 = LINE('',#9038,#9039);
#9038 = CARTESIAN_POINT('',(25.,25.,0.));
#9039 = VECTOR('',#9040,1.);
#9040 = DIRECTION('',(0.,0.,1.));
#9041 = PCURVE('',#8632,#9042);
#9042 = DEFINITIONAL_REPRESENTATION('',(#9043),#9047);
#9043 = LINE('',#9044,#9045);
#9044 = CARTESIAN_POINT('',(0.,50.));
#9045 = VECTOR('',#9046,1.);
#9046 = DIRECTION('',(1.,0.));
#9047 = ( GEOMETRIC_REPRESENTATION_CONTEXT(2) 
PARAMETRIC_REPRESENTATION_CONTEXT() REPRESENTATION_CONTEXT('2D SPACE',''
  ) );
#9048 = PCURVE('',#8734,#9049);
#9049 = DEFINITIONAL_REPRESENTATION('',(#9050),#9054);
#9050 = LINE('',#9051,#9052);
#9051 = CARTESIAN_POINT('',(0.,-50.));
#9052 = VECTOR('',#9053,1.);
#9053 = DIRECTION('',(1.,0.));
#9054 = ( GEOMETRIC_REPRESENTATION_CONTEXT(2) 
PARAMETRIC_REPRESENTATION_CONTEXT() REPRESENTATION_CONTEXT('2D SPACE',''
  ) );
#9055 = ADVANCED_FACE('',(#9056),#8604,.F.);
#9056 = FACE_BOUND('',#9057,.F.);
#9057 = EDGE_LOOP('',(#9058,#9059,#9060,#9081));
#9058 = ORIENTED_EDGE('',*,*,#8588,.F.);
#9059 = ORIENTED_EDGE('',*,*,#8673,.T.);
#9060 = ORIENTED_EDGE('',*,*,#9061,.T.);
#9061 = EDGE_CURVE('',#8674,#9011,#9062,.T.);
#9062 = SURFACE_CURVE('',#9063,(#9067,#9074),.PCURVE_S1.);
#9063 = LINE('',#9064,#9065);
#9064 = CARTESIAN_POINT('',(25.,-25.,0.));
#9065 = VECTOR('',#9066,1.);
#9066 = DIRECTION('',(-0.,1.,0.));
#9067 = PCURVE('',#8604,#9068);
#9068 = DEFINITIONAL_REPRESENTATION('',(#9069),#9073);
#9069 = LINE('',#9070,#9071);
#9070 = CARTESIAN_POINT('',(50.,0.));
#9071 = VECTOR('',#9072,1.);
#9072 = DIRECTION('',(0.,1.));
#9073 = ( GEOMETRIC_REPRESENTATION_CONTEXT(2) 
PARAMETRIC_REPRESENTATION_CONTEXT() REPRESENTATION_CONTEXT('2D SPACE',''
  ) );
#9074 = PCURVE('',#8734,#9075);
#9075 = DEFINITIONAL_REPRESENTATION('',(#9076),#9080);
#9076 = LINE('',#9077,#9078);
#9077 = CARTESIAN_POINT('',(0.,0.));
#9078 = VECTOR('',#9079,1.);
#9079 = DIRECTION('',(0.,-1.));
#9080 = ( GEOMETRIC_REPRESENTATION_CONTEXT(2) 
PARAMETRIC_REPRESENTATION_CONTEXT() REPRESENTATION_CONTEXT('2D SPACE',''
  ) );
#9081 = ORIENTED_EDGE('',*,*,#9010,.F.);
#9082 = ADVANCED_FACE('',(#9083),#8734,.T.);
#9083 = FACE_BOUND('',#9084,.T.);
#9084 = EDGE_LOOP('',(#9085,#9086,#9087,#9088));
#9085 = ORIENTED_EDGE('',*,*,#8720,.F.);
#9086 = ORIENTED_EDGE('',*,*,#9061,.T.);
#9087 = ORIENTED_EDGE('',*,*,#9035,.T.);
#9088 = ORIENTED_EDGE('',*,*,#8857,.F.);
#9089 = ADVANCED_FACE('',(#9090),#8765,.F.);
#9090 = FACE_BOUND('',#9091,.F.);
#9091 = EDGE_LOOP('',(#9092,#9115,#9116,#9139));
#9092 = ORIENTED_EDGE('',*,*,#9093,.F.);
#9093 = EDGE_CURVE('',#8749,#9094,#9096,.T.);
#9094 = VERTEX_POINT('',#9095);
#9095 = CARTESIAN_POINT('',(-8.,-24.7,6.975897920605));
#9096 = SURFACE_CURVE('',#9097,(#9101,#9108),.PCURVE_S1.);
#9097 = LINE('',#9098,#9099);
#9098 = CARTESIAN_POINT('',(-8.,-25.1,6.975897920605));
#9099 = VECTOR('',#9100,1.);
#9100 = DIRECTION('',(-0.,1.,0.));
#9101 = PCURVE('',#8765,#9102);
#9102 = DEFINITIONAL_REPRESENTATION('',(#9103),#9107);
#9103 = LINE('',#9104,#9105);
#9104 = CARTESIAN_POINT('',(0.,0.));
#9105 = VECTOR('',#9106,1.);
#9106 = DIRECTION('',(0.,1.));
#9107 = ( GEOMETRIC_REPRESENTATION_CONTEXT(2) 
PARAMETRIC_REPRESENTATION_CONTEXT() REPRESENTATION_CONTEXT('2D SPACE',''
  ) );
#9108 = PCURVE('',#8791,#9109);
#9109 = DEFINITIONAL_REPRESENTATION('',(#9110),#9114);
#9110 = LINE('',#9111,#9112);
#9111 = CARTESIAN_POINT('',(0.5,0.));
#9112 = VECTOR('',#9113,1.);
#9113 = DIRECTION('',(0.,-1.));
#9114 = ( GEOMETRIC_REPRESENTATION_CONTEXT(2) 
PARAMETRIC_REPRESENTATION_CONTEXT() REPRESENTATION_CONTEXT('2D SPACE',''
  ) );
#9115 = ORIENTED_EDGE('',*,*,#8748,.T.);
#9116 = ORIENTED_EDGE('',*,*,#9117,.T.);
#9117 = EDGE_CURVE('',#8751,#9118,#9120,.T.);
#9118 = VERTEX_POINT('',#9119);
#9119 = CARTESIAN_POINT('',(8.,-24.7,6.975897920605));
#9120 = SURFACE_CURVE('',#9121,(#9125,#9132),.PCURVE_S1.);
#9121 = LINE('',#9122,#9123);
#9122 = CARTESIAN_POINT('',(8.,-25.1,6.975897920605));
#9123 = VECTOR('',#9124,1.);
#9124 = DIRECTION('',(-0.,1.,0.));
#9125 = PCURVE('',#8765,#9126);
#9126 = DEFINITIONAL_REPRESENTATION('',(#9127),#9131);
#9127 = LINE('',#9128,#9129);
#9128 = CARTESIAN_POINT('',(16.,0.));
#9129 = VECTOR('',#9130,1.);
#9130 = DIRECTION('',(0.,1.));
#9131 = ( GEOMETRIC_REPRESENTATION_CONTEXT(2) 
PARAMETRIC_REPRESENTATION_CONTEXT() REPRESENTATION_CONTEXT('2D SPACE',''
  ) );
#9132 = PCURVE('',#8841,#9133);
#9133 = DEFINITIONAL_REPRESENTATION('',(#9134),#9138);
#9134 = LINE('',#9135,#9136);
#9135 = CARTESIAN_POINT('',(0.5,0.));
#9136 = VECTOR('',#9137,1.);
#9137 = DIRECTION('',(0.,-1.));
#9138 = ( GEOMETRIC_REPRESENTATION_CONTEXT(2) 
PARAMETRIC_REPRESENTATION_CONTEXT() REPRESENTATION_CONTEXT('2D SPACE',''
  ) );
#9139 = ORIENTED_EDGE('',*,*,#9140,.F.);
#9140 = EDGE_CURVE('',#9094,#9118,#9141,.T.);
#9141 = SURFACE_CURVE('',#9142,(#9146,#9153),.PCURVE_S1.);
#9142 = LINE('',#9143,#9144);
#9143 = CARTESIAN_POINT('',(-8.,-24.7,6.975897920605));
#9144 = VECTOR('',#9145,1.);
#9145 = DIRECTION('',(1.,0.,-0.));
#9146 = PCURVE('',#8765,#9147);
#9147 = DEFINITIONAL_REPRESENTATION('',(#9148),#9152);
#9148 = LINE('',#9149,#9150);
#9149 = CARTESIAN_POINT('',(0.,0.4));
#9150 = VECTOR('',#9151,1.);
#9151 = DIRECTION('',(1.,0.));
#9152 = ( GEOMETRIC_REPRESENTATION_CONTEXT(2) 
PARAMETRIC_REPRESENTATION_CONTEXT() REPRESENTATION_CONTEXT('2D SPACE',''
  ) );
#9153 = PCURVE('',#9154,#9159);
#9154 = PLANE('',#9155);
#9155 = AXIS2_PLACEMENT_3D('',#9156,#9157,#9158);
#9156 = CARTESIAN_POINT('',(-8.,-24.7,6.475897920605));
#9157 = DIRECTION('',(-0.,1.,0.));
#9158 = DIRECTION('',(0.,0.,1.));
#9159 = DEFINITIONAL_REPRESENTATION('',(#9160),#9164);
#9160 = LINE('',#9161,#9162);
#9161 = CARTESIAN_POINT('',(0.5,0.));
#9162 = VECTOR('',#9163,1.);
#9163 = DIRECTION('',(0.,1.));
#9164 = ( GEOMETRIC_REPRESENTATION_CONTEXT(2) 
PARAMETRIC_REPRESENTATION_CONTEXT() REPRESENTATION_CONTEXT('2D SPACE',''
  ) );
#9165 = ADVANCED_FACE('',(#9166),#8841,.F.);
#9166 = FACE_BOUND('',#9167,.F.);
#9167 = EDGE_LOOP('',(#9168,#9169,#9170,#9193));
#9168 = ORIENTED_EDGE('',*,*,#9117,.F.);
#9169 = ORIENTED_EDGE('',*,*,#8828,.T.);
#9170 = ORIENTED_EDGE('',*,*,#9171,.T.);
#9171 = EDGE_CURVE('',#8803,#9172,#9174,.T.);
#9172 = VERTEX_POINT('',#9173);
#9173 = CARTESIAN_POINT('',(8.,-24.7,6.475897920605));
#9174 = SURFACE_CURVE('',#9175,(#9179,#9186),.PCURVE_S1.);
#9175 = LINE('',#9176,#9177);
#9176 = CARTESIAN_POINT('',(8.,-25.1,6.475897920605));
#9177 = VECTOR('',#9178,1.);
#9178 = DIRECTION('',(-0.,1.,0.));
#9179 = PCURVE('',#8841,#9180);
#9180 = DEFINITIONAL_REPRESENTATION('',(#9181),#9185);
#9181 = LINE('',#9182,#9183);
#9182 = CARTESIAN_POINT('',(0.,0.));
#9183 = VECTOR('',#9184,1.);
#9184 = DIRECTION('',(0.,-1.));
#9185 = ( GEOMETRIC_REPRESENTATION_CONTEXT(2) 
PARAMETRIC_REPRESENTATION_CONTEXT() REPRESENTATION_CONTEXT('2D SPACE',''
  ) );
#9186 = PCURVE('',#8817,#9187);
#9187 = DEFINITIONAL_REPRESENTATION('',(#9188),#9192);
#9188 = LINE('',#9189,#9190);
#9189 = CARTESIAN_POINT('',(16.,0.));
#9190 = VECTOR('',#9191,1.);
#9191 = DIRECTION('',(0.,1.));
#9192 = ( GEOMETRIC_REPRESENTATION_CONTEXT(2) 
PARAMETRIC_REPRESENTATION_CONTEXT() REPRESENTATION_CONTEXT('2D SPACE',''
  ) );
#9193 = ORIENTED_EDGE('',*,*,#9194,.T.);
#9194 = EDGE_CURVE('',#9172,#9118,#9195,.T.);
#9195 = SURFACE_CURVE('',#9196,(#9200,#9207),.PCURVE_S1.);
#9196 = LINE('',#9197,#9198);
#9197 = CARTESIAN_POINT('',(8.,-24.7,6.475897920605));
#9198 = VECTOR('',#9199,1.);
#9199 = DIRECTION('',(0.,0.,1.));
#9200 = PCURVE('',#8841,#9201);
#9201 = DEFINITIONAL_REPRESENTATION('',(#9202),#9206);
#9202 = LINE('',#9203,#9204);
#9203 = CARTESIAN_POINT('',(0.,-0.4));
#9204 = VECTOR('',#9205,1.);
#9205 = DIRECTION('',(1.,0.));
#9206 = ( GEOMETRIC_REPRESENTATION_CONTEXT(2) 
PARAMETRIC_REPRESENTATION_CONTEXT() REPRESENTATION_CONTEXT('2D SPACE',''
  ) );
#9207 = PCURVE('',#9154,#9208);
#9208 = DEFINITIONAL_REPRESENTATION('',(#9209),#9213);
#9209 = LINE('',#9210,#9211);
#9210 = CARTESIAN_POINT('',(0.,16.));
#9211 = VECTOR('',#9212,1.);
#9212 = DIRECTION('',(1.,0.));
#9213 = ( GEOMETRIC_REPRESENTATION_CONTEXT(2) 
PARAMETRIC_REPRESENTATION_CONTEXT() REPRESENTATION_CONTEXT('2D SPACE',''
  ) );
#9214 = ADVANCED_FACE('',(#9215),#8817,.T.);
#9215 = FACE_BOUND('',#9216,.T.);
#9216 = EDGE_LOOP('',(#9217,#9240,#9241,#9242));
#9217 = ORIENTED_EDGE('',*,*,#9218,.F.);
#9218 = EDGE_CURVE('',#8777,#9219,#9221,.T.);
#9219 = VERTEX_POINT('',#9220);
#9220 = CARTESIAN_POINT('',(-8.,-24.7,6.475897920605));
#9221 = SURFACE_CURVE('',#9222,(#9226,#9233),.PCURVE_S1.);
#9222 = LINE('',#9223,#9224);
#9223 = CARTESIAN_POINT('',(-8.,-25.1,6.475897920605));
#9224 = VECTOR('',#9225,1.);
#9225 = DIRECTION('',(-0.,1.,0.));
#9226 = PCURVE('',#8817,#9227);
#9227 = DEFINITIONAL_REPRESENTATION('',(#9228),#9232);
#9228 = LINE('',#9229,#9230);
#9229 = CARTESIAN_POINT('',(0.,0.));
#9230 = VECTOR('',#9231,1.);
#9231 = DIRECTION('',(0.,1.));
#9232 = ( GEOMETRIC_REPRESENTATION_CONTEXT(2) 
PARAMETRIC_REPRESENTATION_CONTEXT() REPRESENTATION_CONTEXT('2D SPACE',''
  ) );
#9233 = PCURVE('',#8791,#9234);
#9234 = DEFINITIONAL_REPRESENTATION('',(#9235),#9239);
#9235 = LINE('',#9236,#9237);
#9236 = CARTESIAN_POINT('',(0.,0.));
#9237 = VECTOR('',#9238,1.);
#9238 = DIRECTION('',(0.,-1.));
#9239 = ( GEOMETRIC_REPRESENTATION_CONTEXT(2) 
PARAMETRIC_REPRESENTATION_CONTEXT() REPRESENTATION_CONTEXT('2D SPACE',''
  ) );
#9240 = ORIENTED_EDGE('',*,*,#8802,.T.);
#9241 = ORIENTED_EDGE('',*,*,#9171,.T.);
#9242 = ORIENTED_EDGE('',*,*,#9243,.F.);
#9243 = EDGE_CURVE('',#9219,#9172,#9244,.T.);
#9244 = SURFACE_CURVE('',#9245,(#9249,#9256),.PCURVE_S1.);
#9245 = LINE('',#9246,#9247);
#9246 = CARTESIAN_POINT('',(-8.,-24.7,6.475897920605));
#9247 = VECTOR('',#9248,1.);
#9248 = DIRECTION('',(1.,0.,-0.));
#9249 = PCURVE('',#8817,#9250);
#9250 = DEFINITIONAL_REPRESENTATION('',(#9251),#9255);
#9251 = LINE('',#9252,#9253);
#9252 = CARTESIAN_POINT('',(0.,0.4));
#9253 = VECTOR('',#9254,1.);
#9254 = DIRECTION('',(1.,0.));
#9255 = ( GEOMETRIC_REPRESENTATION_CONTEXT(2) 
PARAMETRIC_REPRESENTATION_CONTEXT() REPRESENTATION_CONTEXT('2D SPACE',''
  ) );
#9256 = PCURVE('',#9154,#9257);
#9257 = DEFINITIONAL_REPRESENTATION('',(#9258),#9262);
#9258 = LINE('',#9259,#9260);
#9259 = CARTESIAN_POINT('',(0.,0.));
#9260 = VECTOR('',#9261,1.);
#9261 = DIRECTION('',(0.,1.));
#9262 = ( GEOMETRIC_REPRESENTATION_CONTEXT(2) 
PARAMETRIC_REPRESENTATION_CONTEXT() REPRESENTATION_CONTEXT('2D SPACE',''
  ) );
#9263 = ADVANCED_FACE('',(#9264),#8791,.T.);
#9264 = FACE_BOUND('',#9265,.T.);
#9265 = EDGE_LOOP('',(#9266,#9267,#9268,#9269));
#9266 = ORIENTED_EDGE('',*,*,#9093,.F.);
#9267 = ORIENTED_EDGE('',*,*,#8776,.T.);
#9268 = ORIENTED_EDGE('',*,*,#9218,.T.);
#9269 = ORIENTED_EDGE('',*,*,#9270,.T.);
#9270 = EDGE_CURVE('',#9219,#9094,#9271,.T.);
#9271 = SURFACE_CURVE('',#9272,(#9276,#9283),.PCURVE_S1.);
#9272 = LINE('',#9273,#9274);
#9273 = CARTESIAN_POINT('',(-8.,-24.7,6.475897920605));
#9274 = VECTOR('',#9275,1.);
#9275 = DIRECTION('',(0.,0.,1.));
#9276 = PCURVE('',#8791,#9277);
#9277 = DEFINITIONAL_REPRESENTATION('',(#9278),#9282);
#9278 = LINE('',#9279,#9280);
#9279 = CARTESIAN_POINT('',(0.,-0.4));
#9280 = VECTOR('',#9281,1.);
#9281 = DIRECTION('',(1.,0.));
#9282 = ( GEOMETRIC_REPRESENTATION_CONTEXT(2) 
PARAMETRIC_REPRESENTATION_CONTEXT() REPRESENTATION_CONTEXT('2D SPACE',''
  ) );
#9283 = PCURVE('',#9154,#9284);
#9284 = DEFINITIONAL_REPRESENTATION('',(#9285),#9289);
#9285 = LINE('',#9286,#9287);
#9286 = CARTESIAN_POINT('',(0.,0.));
#9287 = VECTOR('',#9288,1.);
#9288 = DIRECTION('',(1.,0.));
#9289 = ( GEOMETRIC_REPRESENTATION_CONTEXT(2) 
PARAMETRIC_REPRESENTATION_CONTEXT() REPRESENTATION_CONTEXT('2D SPACE',''
  ) );
#9290 = ADVANCED_FACE('',(#9291),#8920,.T.);
#9291 = FACE_BOUND('',#9292,.T.);
#9292 = EDGE_LOOP('',(#9293,#9316,#9344,#9365));
#9293 = ORIENTED_EDGE('',*,*,#9294,.F.);
#9294 = EDGE_CURVE('',#9295,#8904,#9297,.T.);
#9295 = VERTEX_POINT('',#9296);
#9296 = CARTESIAN_POINT('',(23.,-23.,2.));
#9297 = SURFACE_CURVE('',#9298,(#9302,#9309),.PCURVE_S1.);
#9298 = LINE('',#9299,#9300);
#9299 = CARTESIAN_POINT('',(23.,-23.,2.));
#9300 = VECTOR('',#9301,1.);
#9301 = DIRECTION('',(0.,0.,1.));
#9302 = PCURVE('',#8920,#9303);
#9303 = DEFINITIONAL_REPRESENTATION('',(#9304),#9308);
#9304 = LINE('',#9305,#9306);
#9305 = CARTESIAN_POINT('',(0.,46.));
#9306 = VECTOR('',#9307,1.);
#9307 = DIRECTION('',(1.,0.));
#9308 = ( GEOMETRIC_REPRESENTATION_CONTEXT(2) 
PARAMETRIC_REPRESENTATION_CONTEXT() REPRESENTATION_CONTEXT('2D SPACE',''
  ) );
#9309 = PCURVE('',#8996,#9310);
#9310 = DEFINITIONAL_REPRESENTATION('',(#9311),#9315);
#9311 = LINE('',#9312,#9313);
#9312 = CARTESIAN_POINT('',(0.,0.));
#9313 = VECTOR('',#9314,1.);
#9314 = DIRECTION('',(1.,0.));
#9315 = ( GEOMETRIC_REPRESENTATION_CONTEXT(2) 
PARAMETRIC_REPRESENTATION_CONTEXT() REPRESENTATION_CONTEXT('2D SPACE',''
  ) );
#9316 = ORIENTED_EDGE('',*,*,#9317,.F.);
#9317 = EDGE_CURVE('',#9318,#9295,#9320,.T.);
#9318 = VERTEX_POINT('',#9319);
#9319 = CARTESIAN_POINT('',(-23.,-23.,2.));
#9320 = SURFACE_CURVE('',#9321,(#9325,#9332),.PCURVE_S1.);
#9321 = LINE('',#9322,#9323);
#9322 = CARTESIAN_POINT('',(-23.,-23.,2.));
#9323 = VECTOR('',#9324,1.);
#9324 = DIRECTION('',(1.,0.,-0.));
#9325 = PCURVE('',#8920,#9326);
#9326 = DEFINITIONAL_REPRESENTATION('',(#9327),#9331);
#9327 = LINE('',#9328,#9329);
#9328 = CARTESIAN_POINT('',(0.,0.));
#9329 = VECTOR('',#9330,1.);
#9330 = DIRECTION('',(0.,1.));
#9331 = ( GEOMETRIC_REPRESENTATION_CONTEXT(2) 
PARAMETRIC_REPRESENTATION_CONTEXT() REPRESENTATION_CONTEXT('2D SPACE',''
  ) );
#9332 = PCURVE('',#9333,#9338);
#9333 = PLANE('',#9334);
#9334 = AXIS2_PLACEMENT_3D('',#9335,#9336,#9337);
#9335 = CARTESIAN_POINT('',(-23.,-23.,2.));
#9336 = DIRECTION('',(0.,0.,1.));
#9337 = DIRECTION('',(1.,0.,-0.));
#9338 = DEFINITIONAL_REPRESENTATION('',(#9339),#9343);
#9339 = LINE('',#9340,#9341);
#9340 = CARTESIAN_POINT('',(0.,0.));
#9341 = VECTOR('',#9342,1.);
#9342 = DIRECTION('',(1.,0.));
#9343 = ( GEOMETRIC_REPRESENTATION_CONTEXT(2) 
PARAMETRIC_REPRESENTATION_CONTEXT() REPRESENTATION_CONTEXT('2D SPACE',''
  ) );
#9344 = ORIENTED_EDGE('',*,*,#9345,.T.);
#9345 = EDGE_CURVE('',#9318,#8906,#9346,.T.);
#9346 = SURFACE_CURVE('',#9347,(#9351,#9358),.PCURVE_S1.);
#9347 = LINE('',#9348,#9349);
#9348 = CARTESIAN_POINT('',(-23.,-23.,2.));
#9349 = VECTOR('',#9350,1.);
#9350 = DIRECTION('',(0.,0.,1.));
#9351 = PCURVE('',#8920,#9352);
#9352 = DEFINITIONAL_REPRESENTATION('',(#9353),#9357);
#9353 = LINE('',#9354,#9355);
#9354 = CARTESIAN_POINT('',(0.,0.));
#9355 = VECTOR('',#9356,1.);
#9356 = DIRECTION('',(1.,0.));
#9357 = ( GEOMETRIC_REPRESENTATION_CONTEXT(2) 
PARAMETRIC_REPRESENTATION_CONTEXT() REPRESENTATION_CONTEXT('2D SPACE',''
  ) );
#9358 = PCURVE('',#8946,#9359);
#9359 = DEFINITIONAL_REPRESENTATION('',(#9360),#9364);
#9360 = LINE('',#9361,#9362);
#9361 = CARTESIAN_POINT('',(0.,0.));
#9362 = VECTOR('',#9363,1.);
#9363 = DIRECTION('',(1.,0.));
#9364 = ( GEOMETRIC_REPRESENTATION_CONTEXT(2) 
PARAMETRIC_REPRESENTATION_CONTEXT() REPRESENTATION_CONTEXT('2D SPACE',''
  ) );
#9365 = ORIENTED_EDGE('',*,*,#8903,.F.);
#9366 = ADVANCED_FACE('',(#9367),#8996,.F.);
#9367 = FACE_BOUND('',#9368,.F.);
#9368 = EDGE_LOOP('',(#9369,#9370,#9393,#9414));
#9369 = ORIENTED_EDGE('',*,*,#9294,.F.);
#9370 = ORIENTED_EDGE('',*,*,#9371,.T.);
#9371 = EDGE_CURVE('',#9295,#9372,#9374,.T.);
#9372 = VERTEX_POINT('',#9373);
#9373 = CARTESIAN_POINT('',(23.,23.,2.));
#9374 = SURFACE_CURVE('',#9375,(#9379,#9386),.PCURVE_S1.);
#9375 = LINE('',#9376,#9377);
#9376 = CARTESIAN_POINT('',(23.,-23.,2.));
#9377 = VECTOR('',#9378,1.);
#9378 = DIRECTION('',(-0.,1.,0.));
#9379 = PCURVE('',#8996,#9380);
#9380 = DEFINITIONAL_REPRESENTATION('',(#9381),#9385);
#9381 = LINE('',#9382,#9383);
#9382 = CARTESIAN_POINT('',(0.,0.));
#9383 = VECTOR('',#9384,1.);
#9384 = DIRECTION('',(0.,-1.));
#9385 = ( GEOMETRIC_REPRESENTATION_CONTEXT(2) 
PARAMETRIC_REPRESENTATION_CONTEXT() REPRESENTATION_CONTEXT('2D SPACE',''
  ) );
#9386 = PCURVE('',#9333,#9387);
#9387 = DEFINITIONAL_REPRESENTATION('',(#9388),#9392);
#9388 = LINE('',#9389,#9390);
#9389 = CARTESIAN_POINT('',(46.,0.));
#9390 = VECTOR('',#9391,1.);
#9391 = DIRECTION('',(0.,1.));
#9392 = ( GEOMETRIC_REPRESENTATION_CONTEXT(2) 
PARAMETRIC_REPRESENTATION_CONTEXT() REPRESENTATION_CONTEXT('2D SPACE',''
  ) );
#9393 = ORIENTED_EDGE('',*,*,#9394,.T.);
#9394 = EDGE_CURVE('',#9372,#8958,#9395,.T.);
#9395 = SURFACE_CURVE('',#9396,(#9400,#9407),.PCURVE_S1.);
#9396 = LINE('',#9397,#9398);
#9397 = CARTESIAN_POINT('',(23.,23.,2.));
#9398 = VECTOR('',#9399,1.);
#9399 = DIRECTION('',(0.,0.,1.));
#9400 = PCURVE('',#8996,#9401);
#9401 = DEFINITIONAL_REPRESENTATION('',(#9402),#9406);
#9402 = LINE('',#9403,#9404);
#9403 = CARTESIAN_POINT('',(0.,-46.));
#9404 = VECTOR('',#9405,1.);
#9405 = DIRECTION('',(1.,0.));
#9406 = ( GEOMETRIC_REPRESENTATION_CONTEXT(2) 
PARAMETRIC_REPRESENTATION_CONTEXT() REPRESENTATION_CONTEXT('2D SPACE',''
  ) );
#9407 = PCURVE('',#8972,#9408);
#9408 = DEFINITIONAL_REPRESENTATION('',(#9409),#9413);
#9409 = LINE('',#9410,#9411);
#9410 = CARTESIAN_POINT('',(0.,46.));
#9411 = VECTOR('',#9412,1.);
#9412 = DIRECTION('',(1.,0.));
#9413 = ( GEOMETRIC_REPRESENTATION_CONTEXT(2) 
PARAMETRIC_REPRESENTATION_CONTEXT() REPRESENTATION_CONTEXT('2D SPACE',''
  ) );
#9414 = ORIENTED_EDGE('',*,*,#8983,.F.);
#9415 = ADVANCED_FACE('',(#9416),#8972,.F.);
#9416 = FACE_BOUND('',#9417,.F.);
#9417 = EDGE_LOOP('',(#9418,#9419,#9442,#9463));
#9418 = ORIENTED_EDGE('',*,*,#9394,.F.);
#9419 = ORIENTED_EDGE('',*,*,#9420,.F.);
#9420 = EDGE_CURVE('',#9421,#9372,#9423,.T.);
#9421 = VERTEX_POINT('',#9422);
#9422 = CARTESIAN_POINT('',(-23.,23.,2.));
#9423 = SURFACE_CURVE('',#9424,(#9428,#9435),.PCURVE_S1.);
#9424 = LINE('',#9425,#9426);
#9425 = CARTESIAN_POINT('',(-23.,23.,2.));
#9426 = VECTOR('',#9427,1.);
#9427 = DIRECTION('',(1.,0.,-0.));
#9428 = PCURVE('',#8972,#9429);
#9429 = DEFINITIONAL_REPRESENTATION('',(#9430),#9434);
#9430 = LINE('',#9431,#9432);
#9431 = CARTESIAN_POINT('',(0.,0.));
#9432 = VECTOR('',#9433,1.);
#9433 = DIRECTION('',(0.,1.));
#9434 = ( GEOMETRIC_REPRESENTATION_CONTEXT(2) 
PARAMETRIC_REPRESENTATION_CONTEXT() REPRESENTATION_CONTEXT('2D SPACE',''
  ) );
#9435 = PCURVE('',#9333,#9436);
#9436 = DEFINITIONAL_REPRESENTATION('',(#9437),#9441);
#9437 = LINE('',#9438,#9439);
#9438 = CARTESIAN_POINT('',(0.,46.));
#9439 = VECTOR('',#9440,1.);
#9440 = DIRECTION('',(1.,0.));
#9441 = ( GEOMETRIC_REPRESENTATION_CONTEXT(2) 
PARAMETRIC_REPRESENTATION_CONTEXT() REPRESENTATION_CONTEXT('2D SPACE',''
  ) );
#9442 = ORIENTED_EDGE('',*,*,#9443,.T.);
#9443 = EDGE_CURVE('',#9421,#8932,#9444,.T.);
#9444 = SURFACE_CURVE('',#9445,(#9449,#9456),.PCURVE_S1.);
#9445 = LINE('',#9446,#9447);
#9446 = CARTESIAN_POINT('',(-23.,23.,2.));
#9447 = VECTOR('',#9448,1.);
#9448 = DIRECTION('',(0.,0.,1.));
#9449 = PCURVE('',#8972,#9450);
#9450 = DEFINITIONAL_REPRESENTATION('',(#9451),#9455);
#9451 = LINE('',#9452,#9453);
#9452 = CARTESIAN_POINT('',(0.,0.));
#9453 = VECTOR('',#9454,1.);
#9454 = DIRECTION('',(1.,0.));
#9455 = ( GEOMETRIC_REPRESENTATION_CONTEXT(2) 
PARAMETRIC_REPRESENTATION_CONTEXT() REPRESENTATION_CONTEXT('2D SPACE',''
  ) );
#9456 = PCURVE('',#8946,#9457);
#9457 = DEFINITIONAL_REPRESENTATION('',(#9458),#9462);
#9458 = LINE('',#9459,#9460);
#9459 = CARTESIAN_POINT('',(0.,-46.));
#9460 = VECTOR('',#9461,1.);
#9461 = DIRECTION('',(1.,0.));
#9462 = ( GEOMETRIC_REPRESENTATION_CONTEXT(2) 
PARAMETRIC_REPRESENTATION_CONTEXT() REPRESENTATION_CONTEXT('2D SPACE',''
  ) );
#9463 = ORIENTED_EDGE('',*,*,#8957,.F.);
#9464 = ADVANCED_FACE('',(#9465),#8946,.T.);
#9465 = FACE_BOUND('',#9466,.T.);
#9466 = EDGE_LOOP('',(#9467,#9468,#9489,#9490));
#9467 = ORIENTED_EDGE('',*,*,#9345,.F.);
#9468 = ORIENTED_EDGE('',*,*,#9469,.T.);
#9469 = EDGE_CURVE('',#9318,#9421,#9470,.T.);
#9470 = SURFACE_CURVE('',#9471,(#9475,#9482),.PCURVE_S1.);
#9471 = LINE('',#9472,#9473);
#9472 = CARTESIAN_POINT('',(-23.,-23.,2.));
#9473 = VECTOR('',#9474,1.);
#9474 = DIRECTION('',(-0.,1.,0.));
#9475 = PCURVE('',#8946,#9476);
#9476 = DEFINITIONAL_REPRESENTATION('',(#9477),#9481);
#9477 = LINE('',#9478,#9479);
#9478 = CARTESIAN_POINT('',(0.,0.));
#9479 = VECTOR('',#9480,1.);
#9480 = DIRECTION('',(0.,-1.));
#9481 = ( GEOMETRIC_REPRESENTATION_CONTEXT(2) 
PARAMETRIC_REPRESENTATION_CONTEXT() REPRESENTATION_CONTEXT('2D SPACE',''
  ) );
#9482 = PCURVE('',#9333,#9483);
#9483 = DEFINITIONAL_REPRESENTATION('',(#9484),#9488);
#9484 = LINE('',#9485,#9486);
#9485 = CARTESIAN_POINT('',(0.,0.));
#9486 = VECTOR('',#9487,1.);
#9487 = DIRECTION('',(0.,1.));
#9488 = ( GEOMETRIC_REPRESENTATION_CONTEXT(2) 
PARAMETRIC_REPRESENTATION_CONTEXT() REPRESENTATION_CONTEXT('2D SPACE',''
  ) );
#9489 = ORIENTED_EDGE('',*,*,#9443,.T.);
#9490 = ORIENTED_EDGE('',*,*,#8931,.F.);
#9491 = ADVANCED_FACE('',(#9492),#9154,.F.);
#9492 = FACE_BOUND('',#9493,.F.);
#9493 = EDGE_LOOP('',(#9494,#9495,#9496,#9497));
#9494 = ORIENTED_EDGE('',*,*,#9243,.F.);
#9495 = ORIENTED_EDGE('',*,*,#9270,.T.);
#9496 = ORIENTED_EDGE('',*,*,#9140,.T.);
#9497 = ORIENTED_EDGE('',*,*,#9194,.F.);
#9498 = ADVANCED_FACE('',(#9499),#9333,.T.);
#9499 = FACE_BOUND('',#9500,.T.);
#9500 = EDGE_LOOP('',(#9501,#9502,#9503,#9504));
#9501 = ORIENTED_EDGE('',*,*,#9469,.F.);
#9502 = ORIENTED_EDGE('',*,*,#9317,.T.);
#9503 = ORIENTED_EDGE('',*,*,#9371,.T.);
#9504 = ORIENTED_EDGE('',*,*,#9420,.F.);
#9505 = ( GEOMETRIC_REPRESENTATION_CONTEXT(3) 
GLOBAL_UNCERTAINTY_ASSIGNED_CONTEXT((#9509)) 
GLOBAL_UNIT_ASSIGNED_CONTEXT((#9506,#9507,#9508)) REPRESENTATION_CONTEXT
('Context #1','3D Context with UNIT and UNCERTAINTY') );
#9506 = ( LENGTH_UNIT() NAMED_UNIT(*) SI_UNIT(.MILLI.,.METRE.) );
#9507 = ( NAMED_UNIT(*) PLANE_ANGLE_UNIT() SI_UNIT($,.RADIAN.) );
#9508 = ( NAMED_UNIT(*) SI_UNIT($,.STERADIAN.) SOLID_ANGLE_UNIT() );
#9509 = UNCERTAINTY_MEASURE_WITH_UNIT(LENGTH_MEASURE(1.E-07),#9506,
  'distance_accuracy_value','confusion accuracy');
#9510 = CONTEXT_DEPENDENT_SHAPE_REPRESENTATION(#9511,#9513);
#9511 = ( REPRESENTATION_RELATIONSHIP('','',#8546,#10) 
REPRESENTATION_RELATIONSHIP_WITH_TRANSFORMATION(#9512) 
SHAPE_REPRESENTATION_RELATIONSHIP() );
#9512 = ITEM_DEFINED_TRANSFORMATION('','',#11,#19);
#9513 = PRODUCT_DEFINITION_SHAPE('Placement','Placement of an item',
  #9514);
#9514 = NEXT_ASSEMBLY_USAGE_OCCURRENCE('2','Removable_reservoir','',#5,
  #8541,$);
#9515 = PRODUCT_RELATED_PRODUCT_CATEGORY('part',$,(#8543));
#9516 = MECHANICAL_DESIGN_GEOMETRIC_PRESENTATION_REPRESENTATION('',(
    #9517),#9505);
#9517 = STYLED_ITEM('color',(#9518),#8547);
#9518 = PRESENTATION_STYLE_ASSIGNMENT((#9519));
#9519 = SURFACE_STYLE_USAGE(.BOTH.,#9520);
#9520 = SURFACE_SIDE_STYLE('',(#9521));
#9521 = SURFACE_STYLE_FILL_AREA(#9522);
#9522 = FILL_AREA_STYLE('',(#9523));
#9523 = FILL_AREA_STYLE_COLOUR('',#9524);
#9524 = COLOUR_RGB('',0.899999998185,0.670000002606,0.27999999963);
#9525 = MECHANICAL_DESIGN_GEOMETRIC_PRESENTATION_REPRESENTATION('',(
    #9526),#8528);
#9526 = STYLED_ITEM('color',(#9527),#37);
#9527 = PRESENTATION_STYLE_ASSIGNMENT((#9528));
#9528 = SURFACE_STYLE_USAGE(.BOTH.,#9529);
#9529 = SURFACE_SIDE_STYLE('',(#9530));
#9530 = SURFACE_STYLE_FILL_AREA(#9531);
#9531 = FILL_AREA_STYLE('',(#9532));
#9532 = FILL_AREA_STYLE_COLOUR('',#9533);
#9533 = COLOUR_RGB('',0.250000000672,0.55000000909,0.679999990811);
ENDSEC;
END-ISO-10303-21;
